system	low	high	n	right	mean_confidence	accuracy
BM25	0.0	0.1	0	0		
BM25	0.1	0.2	133	15.79	0.1187	0.1187
BM25	0.2	0.3	654	163.5	0.25	0.25
BM25	0.3	0.4	91	30.33	0.3333	0.3333
BM25	0.4	0.5	1	1.0	0.4015	1.0
BM25	0.5	0.6	127	64.5	0.5159	0.5079
BM25	0.6	0.7	27	13.0	0.6353	0.4815
BM25	0.7	0.8	5	4.0	0.738	0.8
BM25	0.8	0.9	0	0		
BM25	0.9	1.0	463	233.0	1.0	0.5032
Embeddings	0.0	0.1	0	0		
Embeddings	0.1	0.2	133	21.0	0.1227	0.1579
Embeddings	0.2	0.3	762	244.0	0.2726	0.3202
Embeddings	0.3	0.4	234	120.0	0.3413	0.5128
Embeddings	0.4	0.5	8	4.0	0.4092	0.5
Embeddings	0.5	0.6	328	188.0	0.5325	0.5732
Embeddings	0.6	0.7	36	20.0	0.6276	0.5556
Embeddings	0.7	0.8	0	0		
Embeddings	0.8	0.9	0	0		
Embeddings	0.9	1.0	0	0		
Hybrid	0.0	0.1	0	0		
Hybrid	0.1	0.2	133	20.5	0.1235	0.1541
Hybrid	0.2	0.3	877	285.5	0.2544	0.3255
Hybrid	0.3	0.4	127	64.0	0.3372	0.5039
Hybrid	0.4	0.5	0	0		
Hybrid	0.5	0.6	137	69.5	0.5033	0.5073
Hybrid	0.6	0.7	2	2.0	0.667	1.0
Hybrid	0.7	0.8	191	103.0	0.7697	0.5393
Hybrid	0.8	0.9	34	19.0	0.8135	0.5588
Hybrid	0.9	1.0	0	0		
Word overlap	0.0	0.1	0	0		
Word overlap	0.1	0.2	133	15.79	0.1187	0.1187
Word overlap	0.2	0.3	657	164.25	0.25	0.25
Word overlap	0.3	0.4	83	27.67	0.3333	0.3333
Word overlap	0.4	0.5	0	0		
Word overlap	0.5	0.6	113	54.0	0.5013	0.4779
Word overlap	0.6	0.7	30	15.0	0.6333	0.5
Word overlap	0.7	0.8	11	3.0	0.7511	0.2727
Word overlap	0.8	0.9	2	2.0	0.8286	1.0
Word overlap	0.9	1.0	472	231.0	1.0	0.4894
GLM-5.3 Flash	0.0	0.1	0	0		
GLM-5.3 Flash	0.1	0.2	0	0		
GLM-5.3 Flash	0.2	0.3	1	0.33	0.2	0.3333
GLM-5.3 Flash	0.3	0.4	0	0		
GLM-5.3 Flash	0.4	0.5	2	1.0	0.4	0.5
GLM-5.3 Flash	0.5	0.6	10	4.0	0.535	0.4
GLM-5.3 Flash	0.6	0.7	26	17.0	0.6038	0.6538
GLM-5.3 Flash	0.7	0.8	33	25.0	0.7258	0.7576
GLM-5.3 Flash	0.8	0.9	112	103.0	0.8393	0.9196
GLM-5.3 Flash	0.9	1.0	1317	1301.0	0.9629	0.9879
Laya	0.0	0.1	0	0		
Laya	0.1	0.2	106	12.0	0.174	0.1132
Laya	0.2	0.3	55	9.0	0.2622	0.1636
Laya	0.3	0.4	338	90.0	0.3549	0.2663
Laya	0.4	0.5	320	97.0	0.4445	0.3031
Laya	0.5	0.6	235	89.0	0.5461	0.3787
Laya	0.6	0.7	120	55.0	0.6409	0.4583
Laya	0.7	0.8	113	54.0	0.7509	0.4779
Laya	0.8	0.9	115	71.0	0.8562	0.6174
Laya	0.9	1.0	99	60.0	0.9475	0.6061
Jev	0.0	0.1	0	0		
Jev	0.1	0.2	1	0.5	0.17	0.5
Jev	0.2	0.3	23	7.5	0.2683	0.3261
Jev	0.3	0.4	119	36.5	0.3508	0.3067
Jev	0.4	0.5	139	70.0	0.4506	0.5036
Jev	0.5	0.6	234	134.0	0.547	0.5726
Jev	0.6	0.7	208	130.0	0.6411	0.625
Jev	0.7	0.8	202	143.0	0.7399	0.7079
Jev	0.8	0.9	187	165.0	0.8428	0.8824
Jev	0.9	1.0	388	371.0	0.9646	0.9562
Liquid d1	0.0	0.1	3	0.0	0.0	0.0
Liquid d1	0.1	0.2	0	0		
Liquid d1	0.2	0.3	12	2.5	0.2779	0.2083
Liquid d1	0.3	0.4	43	9.5	0.3639	0.2209
Liquid d1	0.4	0.5	108	40.5	0.4569	0.375
Liquid d1	0.5	0.6	191	77.5	0.5556	0.4058
Liquid d1	0.6	0.7	147	79.0	0.6488	0.5374
Liquid d1	0.7	0.8	191	112.0	0.75	0.5864
Liquid d1	0.8	0.9	182	130.0	0.8508	0.7143
Liquid d1	0.9	1.0	624	563.0	0.9777	0.9022
