system	test	control	n	test_right	control_right	test_only	control_only	p
BM25	lexical-trap	lexical-trap-control	54	4	14	0	10	0.002
BM25	near-neighbor	near-neighbor-control	60	28	26	11	9	0.8238
BM25	reversal-general-shared-name	reversal-general	42/146	42	41			
Embeddings	lexical-trap	lexical-trap-control	54	10	18	0	8	0.0078
Embeddings	near-neighbor	near-neighbor-control	60	38	27	15	4	0.0192
Embeddings	reversal-general-shared-name	reversal-general	42/146	42	61			
Hybrid	lexical-trap	lexical-trap-control	54	5	15	0	10	0.002
Hybrid	near-neighbor	near-neighbor-control	60	33	25	14	6	0.1153
Hybrid	reversal-general-shared-name	reversal-general	42/146	42	46			
Word overlap	lexical-trap	lexical-trap-control	54	1	15	0	14	0.0001
Word overlap	near-neighbor	near-neighbor-control	60	28	26	11	9	0.8238
Word overlap	reversal-general-shared-name	reversal-general	42/146	39	41			
GLM-5.3 Flash	lexical-trap	lexical-trap-control	54	50	53	1	4	0.375
GLM-5.3 Flash	near-neighbor	near-neighbor-control	60	60	60	0	0	1.0
GLM-5.3 Flash	reversal-general-shared-name	reversal-general	42/146	42	146			
Laya	lexical-trap	lexical-trap-control	54	9	9	3	3	1.0
Laya	near-neighbor	near-neighbor-control	60	26	29	12	15	0.7011
Laya	reversal-general-shared-name	reversal-general	42/146	30	47			
Jev	lexical-trap	lexical-trap-control	54	26	36	2	12	0.0129
Jev	near-neighbor	near-neighbor-control	60	49	50	7	8	1.0
Jev	reversal-general-shared-name	reversal-general	42/146	42	131			
Kev 4B	lexical-trap	lexical-trap-control	54	13	23	0	10	0.002
Kev 4B	near-neighbor	near-neighbor-control	60	18	23	9	14	0.4049
Kev 4B	reversal-general-shared-name	reversal-general	42/146	39	91			
Liquid d1	lexical-trap	lexical-trap-control	54	25	29	2	6	0.2891
Liquid d1	near-neighbor	near-neighbor-control	60	40	50	5	15	0.0414
Liquid d1	reversal-general-shared-name	reversal-general	42/146	40	129			
Nimble 9B	lexical-trap	lexical-trap-control	54	19	22	5	8	0.5811
Nimble 9B	near-neighbor	near-neighbor-control	60	30	33	10	13	0.6776
Nimble 9B	reversal-general-shared-name	reversal-general	42/146	42	107			
