system	category	kind	n	auc	right_at_0.5	yes_recall_at_0.5	mean_p_yes	right_at_held_out_cut	cuts_tuned_on_each_half
BM25	lead-set	george	26	0.5	25	0.0	0.0	25	1.01;1.01
BM25	lead-set	john	26	0.5	7	0.0	0.0	19	0.0;0.0
BM25	lead-set	paul	26	0.5	6	0.0	0.0	20	0.0;0.0
BM25	lead-set	ringo	26	0.5	24	0.0	0.0	24	1.01;1.01
BM25	multi-hop	same-month	60	0.5	30	0.0	0.0	25	0.0;1.01
BM25	reverse	singer-yes-no	32	0.469	15	0.0	0.023	15	1.01;0.0
BM25	shared-lead	shared-lead	32	0.531	17	0.0625	0.0239	16	1.01;0.764795
Embeddings	lead-set	george	26	0.12	23	0.0	0.4364	25	1.01;1.01
Embeddings	lead-set	john	26	0.714	10	0.1579	0.4377	18	0.377619;0.384221
Embeddings	lead-set	paul	26	0.75	9	0.15	0.4387	18	0.394376;0.421428
Embeddings	lead-set	ringo	26	0.333	22	0.0	0.4425	24	1.01;1.01
Embeddings	multi-hop	same-month	60	0.442	29	0.2	0.4712	26	0.47727;1.01
Embeddings	reverse	singer-yes-no	32	0.504	19	0.1875	0.434	15	0.503153;0.407126
Embeddings	shared-lead	shared-lead	32	0.68	19	0.3125	0.4526	22	0.449738;0.471039
Hybrid	lead-set	george	26	0.12	25	0.0	0.2182	25	1.01;1.01
Hybrid	lead-set	john	26	0.714	7	0.0	0.2189	18	0.188809;0.192111
Hybrid	lead-set	paul	26	0.75	6	0.0	0.2194	18	0.197188;0.210714
Hybrid	lead-set	ringo	26	0.333	24	0.0	0.2213	24	1.01;1.01
Hybrid	multi-hop	same-month	60	0.442	30	0.0	0.2356	26	0.238635;1.01
Hybrid	reverse	singer-yes-no	32	0.457	15	0.0	0.2285	14	0.251576;0.203563
Hybrid	shared-lead	shared-lead	32	0.684	17	0.0625	0.2383	22	0.224869;0.23552
Word overlap	lead-set	george	26	0.5	25	0.0	0.0	25	1.01;1.01
Word overlap	lead-set	john	26	0.5	7	0.0	0.0	19	0.0;0.0
Word overlap	lead-set	paul	26	0.5	6	0.0	0.0	20	0.0;0.0
Word overlap	lead-set	ringo	26	0.5	24	0.0	0.0	24	1.01;1.01
Word overlap	multi-hop	same-month	60	0.5	30	0.0	0.0	25	0.0;1.01
Word overlap	reverse	singer-yes-no	32	0.469	15	0.0	0.0156	15	1.01;0.0
Word overlap	shared-lead	shared-lead	32	0.531	17	0.0625	0.0156	16	1.01;0.5
GLM-5.3 Flash	lead-set	george	26	1.0	24	1.0	0.1392	25	0.99;1.01
GLM-5.3 Flash	lead-set	john	26	0.985	24	0.8947	0.6219	24	0.85;0.25
GLM-5.3 Flash	lead-set	paul	26	0.967	25	0.9	0.6823	18	0.95;0.4
GLM-5.3 Flash	lead-set	ringo	26	1.0	23	1.0	0.2069	24	0.95;1.01
GLM-5.3 Flash	multi-hop	same-month	60	0.954	57	0.9	0.4392	56	0.7;0.6
GLM-5.3 Flash	reverse	singer-yes-no	32	0.922	26	0.9375	0.58	26	0.9;0.7
GLM-5.3 Flash	shared-lead	shared-lead	32	0.838	27	0.8125	0.5219	25	0.9;0.8
Laya	lead-set	george	26	0.76	24	0.0	0.277	25	1.01;1.01
Laya	lead-set	john	26	0.519	7	0.0	0.2239	15	0.1277;0.0746
Laya	lead-set	paul	26	0.333	6	0.0	0.2554	19	0.1039;0.121
Laya	lead-set	ringo	26	0.667	24	0.0	0.1429	23	0.2125;1.01
Laya	multi-hop	same-month	60	0.542	29	0.0333	0.0882	28	0.0029;0.1282
Laya	reverse	singer-yes-no	32	0.68	16	0.0	0.1551	18	0.1804;0.1303
Laya	shared-lead	shared-lead	32	0.473	17	0.125	0.2183	17	0.1498;0.6916
Jev	lead-set	george	26	1.0	26	1.0	0.2619	25	0.71;1.01
Jev	lead-set	john	26	0.838	14	0.3684	0.4262	20	0.41;0.29
Jev	lead-set	paul	26	0.779	14	0.4	0.4758	15	0.46;0.37
Jev	lead-set	ringo	26	1.0	25	1.0	0.365	24	0.78;1.01
Jev	multi-hop	same-month	60	0.639	31	0.0667	0.3457	35	0.34;0.37
Jev	reverse	singer-yes-no	32	0.891	24	0.625	0.4256	28	0.38;0.38
Jev	shared-lead	shared-lead	32	0.678	21	0.4375	0.4375	18	0.34;0.51
