a	b	scope	n	a_right	b_right	a_only	b_only	p
BM25	Embeddings	overall	1501	524	597	163	236	0.000302
BM25	Embeddings	beatles-only	1313	441	494	148	201	0.005303
BM25	Embeddings	forward	224	51	59	21	29	0.322236
BM25	Embeddings	reverse	112	36	39	14	17	0.7201
BM25	Embeddings	multi-hop	180	71	71	17	17	1.0
BM25	Embeddings	single-hop	248	71	74	39	42	0.824313
BM25	Embeddings	comparison	60	24	34	10	20	0.098737
BM25	Embeddings	shared-lead	32	17	19	2	4	0.6875
BM25	Embeddings	lead-set	104	62	64	4	6	0.753906
BM25	Embeddings	near-neighbor	60	28	38	5	15	0.041389
BM25	Embeddings	near-neighbor-control	60	26	27	8	9	1.0
BM25	Embeddings	lexical-trap	54	4	10	1	7	0.070312
BM25	Embeddings	lexical-trap-control	54	14	18	9	13	0.523467
BM25	Embeddings	none-of-these	60	15	12	6	3	0.507812
BM25	Embeddings	reversal	65	22	29	12	19	0.281042
BM25	Embeddings	reversal-general	146	41	61	15	35	0.0066
BM25	Embeddings	reversal-general-shared-name	42	42	42	0	0	1.0
BM25	Embeddings	hard	505	143	168	47	72	0.027379
BM25	Embeddings	easy	996	381	429	116	164	0.004884
BM25	Hybrid	overall	1501	524	553	40	69	0.007041
BM25	Hybrid	beatles-only	1313	441	465	35	59	0.01721
BM25	Hybrid	forward	224	51	63	3	15	0.007538
BM25	Hybrid	reverse	112	36	38	5	7	0.774414
BM25	Hybrid	multi-hop	180	71	67	4	0	0.125
BM25	Hybrid	single-hop	248	71	79	8	16	0.15159
BM25	Hybrid	comparison	60	24	24	0	0	1.0
BM25	Hybrid	shared-lead	32	17	17	0	0	1.0
BM25	Hybrid	lead-set	104	62	62	0	0	1.0
BM25	Hybrid	near-neighbor	60	28	33	2	7	0.179688
BM25	Hybrid	near-neighbor-control	60	26	25	3	2	1.0
BM25	Hybrid	lexical-trap	54	4	5	0	1	1.0
BM25	Hybrid	lexical-trap-control	54	14	15	5	6	1.0
BM25	Hybrid	none-of-these	60	15	14	1	0	1.0
BM25	Hybrid	reversal	65	22	23	4	5	1.0
BM25	Hybrid	reversal-general	146	41	46	5	10	0.301758
BM25	Hybrid	reversal-general-shared-name	42	42	42	0	0	1.0
BM25	Hybrid	hard	505	143	151	14	22	0.242985
BM25	Hybrid	easy	996	381	402	26	47	0.018618
BM25	Word overlap	overall	1501	524	517	17	10	0.247789
BM25	Word overlap	beatles-only	1313	441	437	14	10	0.541256
BM25	Word overlap	forward	224	51	51	0	0	1.0
BM25	Word overlap	reverse	112	36	37	0	1	1.0
BM25	Word overlap	multi-hop	180	71	71	0	0	1.0
BM25	Word overlap	single-hop	248	71	65	6	0	0.03125
BM25	Word overlap	comparison	60	24	26	4	6	0.753906
BM25	Word overlap	shared-lead	32	17	17	0	0	1.0
BM25	Word overlap	lead-set	104	62	62	0	0	1.0
BM25	Word overlap	near-neighbor	60	28	28	0	0	1.0
BM25	Word overlap	near-neighbor-control	60	26	26	0	0	1.0
BM25	Word overlap	lexical-trap	54	4	1	3	0	0.25
BM25	Word overlap	lexical-trap-control	54	14	15	0	1	1.0
BM25	Word overlap	none-of-these	60	15	15	0	0	1.0
BM25	Word overlap	reversal	65	22	23	1	2	1.0
BM25	Word overlap	reversal-general	146	41	41	0	0	1.0
BM25	Word overlap	reversal-general-shared-name	42	42	39	3	0	0.25
BM25	Word overlap	hard	505	143	142	4	3	1.0
BM25	Word overlap	easy	996	381	375	13	7	0.263176
BM25	GLM-5.3 Flash	overall	1501	524	1451	14	941	0.0
BM25	GLM-5.3 Flash	beatles-only	1313	441	1263	14	836	0.0
BM25	GLM-5.3 Flash	forward	224	51	218	0	167	0.0
BM25	GLM-5.3 Flash	reverse	112	36	102	4	70	0.0
BM25	GLM-5.3 Flash	multi-hop	180	71	175	1	105	0.0
BM25	GLM-5.3 Flash	single-hop	248	71	245	0	174	0.0
BM25	GLM-5.3 Flash	comparison	60	24	59	0	35	0.0
BM25	GLM-5.3 Flash	shared-lead	32	17	27	2	12	0.012939
BM25	GLM-5.3 Flash	lead-set	104	62	96	5	39	0.0
BM25	GLM-5.3 Flash	near-neighbor	60	28	60	0	32	0.0
BM25	GLM-5.3 Flash	near-neighbor-control	60	26	60	0	34	0.0
BM25	GLM-5.3 Flash	lexical-trap	54	4	50	0	46	0.0
BM25	GLM-5.3 Flash	lexical-trap-control	54	14	53	0	39	0.0
BM25	GLM-5.3 Flash	none-of-these	60	15	59	0	44	0.0
BM25	GLM-5.3 Flash	reversal	65	22	59	2	39	0.0
BM25	GLM-5.3 Flash	reversal-general	146	41	146	0	105	0.0
BM25	GLM-5.3 Flash	reversal-general-shared-name	42	42	42	0	0	1.0
BM25	GLM-5.3 Flash	hard	505	143	482	5	344	0.0
BM25	GLM-5.3 Flash	easy	996	381	969	9	597	0.0
BM25	Laya	overall	1501	524	537	154	167	0.503063
BM25	Laya	beatles-only	1313	441	460	135	154	0.289664
BM25	Laya	forward	224	51	51	24	24	1.0
BM25	Laya	reverse	112	36	38	7	9	0.803619
BM25	Laya	multi-hop	180	71	70	34	33	1.0
BM25	Laya	single-hop	248	71	78	17	24	0.348889
BM25	Laya	comparison	60	24	27	16	19	0.735879
BM25	Laya	shared-lead	32	17	17	1	1	1.0
BM25	Laya	lead-set	104	62	61	1	0	1.0
BM25	Laya	near-neighbor	60	28	26	10	8	0.814529
BM25	Laya	near-neighbor-control	60	26	29	6	9	0.607239
BM25	Laya	lexical-trap	54	4	9	4	9	0.266846
BM25	Laya	lexical-trap-control	54	14	9	8	3	0.226562
BM25	Laya	none-of-these	60	15	21	4	10	0.179565
BM25	Laya	reversal	65	22	24	3	5	0.726562
BM25	Laya	reversal-general	146	41	47	7	13	0.263176
BM25	Laya	reversal-general-shared-name	42	42	30	12	0	0.000488
BM25	Laya	hard	505	143	151	54	62	0.515913
BM25	Laya	easy	996	381	386	100	105	0.78004
BM25	Jev	overall	1501	524	1053	65	594	0.0
BM25	Jev	beatles-only	1313	441	880	64	503	0.0
BM25	Jev	forward	224	51	149	6	104	0.0
BM25	Jev	reverse	112	36	78	7	49	0.0
BM25	Jev	multi-hop	180	71	99	13	41	0.000175
BM25	Jev	single-hop	248	71	171	13	113	0.0
BM25	Jev	comparison	60	24	49	5	30	2.2e-05
BM25	Jev	shared-lead	32	17	21	2	6	0.289062
BM25	Jev	lead-set	104	62	79	1	18	7.6e-05
BM25	Jev	near-neighbor	60	28	49	4	25	0.000104
BM25	Jev	near-neighbor-control	60	26	50	2	26	3e-06
BM25	Jev	lexical-trap	54	4	26	1	23	3e-06
BM25	Jev	lexical-trap-control	54	14	36	4	26	5.9e-05
BM25	Jev	none-of-these	60	15	33	0	18	8e-06
BM25	Jev	reversal	65	22	40	6	24	0.001431
BM25	Jev	reversal-general	146	41	131	1	91	0.0
BM25	Jev	reversal-general-shared-name	42	42	42	0	0	1.0
BM25	Jev	hard	505	143	286	26	169	0.0
BM25	Jev	easy	996	381	767	39	425	0.0
BM25	Kev 4B	overall	1501	524	709	181	366	0.0
BM25	Kev 4B	beatles-only	1313	441	579	164	302	0.0
BM25	Kev 4B	forward	224	51	69	20	38	0.024746
BM25	Kev 4B	reverse	112	36	41	14	19	0.48685
BM25	Kev 4B	multi-hop	180	71	74	14	17	0.7201
BM25	Kev 4B	single-hop	248	71	123	35	87	3e-06
BM25	Kev 4B	comparison	60	24	36	6	18	0.022656
BM25	Kev 4B	shared-lead	32	17	16	1	0	1.0
BM25	Kev 4B	lead-set	104	62	84	13	35	0.002088
BM25	Kev 4B	near-neighbor	60	28	18	17	7	0.063915
BM25	Kev 4B	near-neighbor-control	60	26	23	16	13	0.711071
BM25	Kev 4B	lexical-trap	54	4	13	2	11	0.022461
BM25	Kev 4B	lexical-trap-control	54	14	23	6	15	0.078354
BM25	Kev 4B	none-of-these	60	15	31	10	26	0.011331
BM25	Kev 4B	reversal	65	22	28	10	16	0.32694
BM25	Kev 4B	reversal-general	146	41	91	14	64	0.0
BM25	Kev 4B	reversal-general-shared-name	42	42	39	3	0	0.25
BM25	Kev 4B	hard	505	143	197	43	97	6e-06
BM25	Kev 4B	easy	996	381	512	138	269	0.0
BM25	Liquid d1	overall	1501	524	1002	95	573	0.0
BM25	Liquid d1	beatles-only	1313	441	833	91	483	0.0
BM25	Liquid d1	forward	224	51	150	11	110	0.0
BM25	Liquid d1	reverse	112	36	78	8	50	0.0
BM25	Liquid d1	multi-hop	180	71	89	21	39	0.02734
BM25	Liquid d1	single-hop	248	71	164	8	101	0.0
BM25	Liquid d1	comparison	60	24	53	2	31	0.0
BM25	Liquid d1	shared-lead	32	17	18	1	2	1.0
BM25	Liquid d1	lead-set	104	62	67	16	21	0.511376
BM25	Liquid d1	near-neighbor	60	28	40	5	17	0.016901
BM25	Liquid d1	near-neighbor-control	60	26	50	2	26	3e-06
BM25	Liquid d1	lexical-trap	54	4	25	1	22	6e-06
BM25	Liquid d1	lexical-trap-control	54	14	29	5	20	0.004077
BM25	Liquid d1	none-of-these	60	15	30	3	18	0.00149
BM25	Liquid d1	reversal	65	22	40	8	26	0.002935
BM25	Liquid d1	reversal-general	146	41	129	2	90	0.0
BM25	Liquid d1	reversal-general-shared-name	42	42	40	2	0	0.5
BM25	Liquid d1	hard	505	143	262	39	158	0.0
BM25	Liquid d1	easy	996	381	740	56	415	0.0
BM25	Nimble 9B	overall	1501	524	779	189	444	0.0
BM25	Nimble 9B	beatles-only	1313	441	630	180	369	0.0
BM25	Nimble 9B	forward	224	51	78	19	46	0.00109
BM25	Nimble 9B	reverse	112	36	48	17	29	0.103805
BM25	Nimble 9B	multi-hop	180	71	90	18	37	0.014454
BM25	Nimble 9B	single-hop	248	71	123	34	86	2e-06
BM25	Nimble 9B	comparison	60	24	37	7	20	0.019157
BM25	Nimble 9B	shared-lead	32	17	18	14	15	1.0
BM25	Nimble 9B	lead-set	104	62	83	15	36	0.004601
BM25	Nimble 9B	near-neighbor	60	28	30	14	16	0.855536
BM25	Nimble 9B	near-neighbor-control	60	26	33	9	16	0.229523
BM25	Nimble 9B	lexical-trap	54	4	19	3	18	0.00149
BM25	Nimble 9B	lexical-trap-control	54	14	22	12	20	0.215327
BM25	Nimble 9B	none-of-these	60	15	20	6	11	0.332306
BM25	Nimble 9B	reversal	65	22	29	12	19	0.281042
BM25	Nimble 9B	reversal-general	146	41	107	9	75	0.0
BM25	Nimble 9B	reversal-general-shared-name	42	42	42	0	0	1.0
BM25	Nimble 9B	hard	505	143	210	65	132	2e-06
BM25	Nimble 9B	easy	996	381	569	124	312	0.0
Embeddings	Hybrid	overall	1501	597	553	175	131	0.013834
Embeddings	Hybrid	beatles-only	1313	494	465	150	121	0.08878
Embeddings	Hybrid	forward	224	59	63	18	22	0.635828
Embeddings	Hybrid	reverse	112	39	38	12	11	1.0
Embeddings	Hybrid	multi-hop	180	71	67	17	13	0.584665
Embeddings	Hybrid	single-hop	248	74	79	27	32	0.602923
Embeddings	Hybrid	comparison	60	34	24	20	10	0.098737
Embeddings	Hybrid	shared-lead	32	19	17	4	2	0.6875
Embeddings	Hybrid	lead-set	104	64	62	6	4	0.753906
Embeddings	Hybrid	near-neighbor	60	38	33	8	3	0.226562
Embeddings	Hybrid	near-neighbor-control	60	27	25	7	5	0.774414
Embeddings	Hybrid	lexical-trap	54	10	5	6	1	0.125
Embeddings	Hybrid	lexical-trap-control	54	18	15	8	5	0.581055
Embeddings	Hybrid	none-of-these	60	12	14	3	5	0.726562
Embeddings	Hybrid	reversal	65	29	23	14	8	0.286279
Embeddings	Hybrid	reversal-general	146	61	46	25	10	0.016674
Embeddings	Hybrid	reversal-general-shared-name	42	42	42	0	0	1.0
Embeddings	Hybrid	hard	505	168	151	55	38	0.096565
Embeddings	Hybrid	easy	996	429	402	120	93	0.074585
Embeddings	Word overlap	overall	1501	597	517	240	160	7.4e-05
Embeddings	Word overlap	beatles-only	1313	494	437	202	145	0.002595
Embeddings	Word overlap	forward	224	59	51	29	21	0.322236
Embeddings	Word overlap	reverse	112	39	37	16	14	0.855536
Embeddings	Word overlap	multi-hop	180	71	71	17	17	1.0
Embeddings	Word overlap	single-hop	248	74	65	47	38	0.385669
Embeddings	Word overlap	comparison	60	34	26	17	9	0.168638
Embeddings	Word overlap	shared-lead	32	19	17	4	2	0.6875
Embeddings	Word overlap	lead-set	104	64	62	6	4	0.753906
Embeddings	Word overlap	near-neighbor	60	38	28	15	5	0.041389
Embeddings	Word overlap	near-neighbor-control	60	27	26	9	8	1.0
Embeddings	Word overlap	lexical-trap	54	10	1	9	0	0.003906
Embeddings	Word overlap	lexical-trap-control	54	18	15	12	9	0.663624
Embeddings	Word overlap	none-of-these	60	12	15	3	6	0.507812
Embeddings	Word overlap	reversal	65	29	23	18	12	0.361595
Embeddings	Word overlap	reversal-general	146	61	41	35	15	0.0066
Embeddings	Word overlap	reversal-general-shared-name	42	42	39	3	0	0.25
Embeddings	Word overlap	hard	505	168	142	72	46	0.02097
Embeddings	Word overlap	easy	996	429	375	168	114	0.001553
Embeddings	GLM-5.3 Flash	overall	1501	597	1451	19	873	0.0
Embeddings	GLM-5.3 Flash	beatles-only	1313	494	1263	19	788	0.0
Embeddings	GLM-5.3 Flash	forward	224	59	218	2	161	0.0
Embeddings	GLM-5.3 Flash	reverse	112	39	102	4	67	0.0
Embeddings	GLM-5.3 Flash	multi-hop	180	71	175	2	106	0.0
Embeddings	GLM-5.3 Flash	single-hop	248	74	245	0	171	0.0
Embeddings	GLM-5.3 Flash	comparison	60	34	59	1	26	0.0
Embeddings	GLM-5.3 Flash	shared-lead	32	19	27	2	10	0.038574
Embeddings	GLM-5.3 Flash	lead-set	104	64	96	4	36	0.0
Embeddings	GLM-5.3 Flash	near-neighbor	60	38	60	0	22	0.0
Embeddings	GLM-5.3 Flash	near-neighbor-control	60	27	60	0	33	0.0
Embeddings	GLM-5.3 Flash	lexical-trap	54	10	50	0	40	0.0
Embeddings	GLM-5.3 Flash	lexical-trap-control	54	18	53	0	35	0.0
Embeddings	GLM-5.3 Flash	none-of-these	60	12	59	0	47	0.0
Embeddings	GLM-5.3 Flash	reversal	65	29	59	4	34	1e-06
Embeddings	GLM-5.3 Flash	reversal-general	146	61	146	0	85	0.0
Embeddings	GLM-5.3 Flash	reversal-general-shared-name	42	42	42	0	0	1.0
Embeddings	GLM-5.3 Flash	hard	505	168	482	9	323	0.0
Embeddings	GLM-5.3 Flash	easy	996	429	969	10	550	0.0
Embeddings	Laya	overall	1501	597	537	274	214	0.007504
Embeddings	Laya	beatles-only	1313	494	460	228	194	0.108073
Embeddings	Laya	forward	224	59	51	26	18	0.291215
Embeddings	Laya	reverse	112	39	38	16	15	1.0
Embeddings	Laya	multi-hop	180	71	70	38	37	1.0
Embeddings	Laya	single-hop	248	74	78	40	44	0.743644
Embeddings	Laya	comparison	60	34	27	17	10	0.247789
Embeddings	Laya	shared-lead	32	19	17	3	1	0.625
Embeddings	Laya	lead-set	104	64	61	7	4	0.548828
Embeddings	Laya	near-neighbor	60	38	26	21	9	0.042774
Embeddings	Laya	near-neighbor-control	60	27	29	11	13	0.83882
Embeddings	Laya	lexical-trap	54	10	9	9	8	1.0
Embeddings	Laya	lexical-trap-control	54	18	9	14	5	0.063568
Embeddings	Laya	none-of-these	60	12	21	7	16	0.09314
Embeddings	Laya	reversal	65	29	24	19	14	0.48685
Embeddings	Laya	reversal-general	146	61	47	34	20	0.075905
Embeddings	Laya	reversal-general-shared-name	42	42	30	12	0	0.000488
Embeddings	Laya	hard	505	168	151	99	82	0.234245
Embeddings	Laya	easy	996	429	386	175	132	0.016387
Embeddings	Jev	overall	1501	597	1053	104	560	0.0
Embeddings	Jev	beatles-only	1313	494	880	101	487	0.0
Embeddings	Jev	forward	224	59	149	8	98	0.0
Embeddings	Jev	reverse	112	39	78	8	47	0.0
Embeddings	Jev	multi-hop	180	71	99	15	43	0.000307
Embeddings	Jev	single-hop	248	74	171	20	117	0.0
Embeddings	Jev	comparison	60	34	49	8	23	0.010674
Embeddings	Jev	shared-lead	32	19	21	4	6	0.753906
Embeddings	Jev	lead-set	104	64	79	5	20	0.004077
Embeddings	Jev	near-neighbor	60	38	49	4	15	0.019211
Embeddings	Jev	near-neighbor-control	60	27	50	4	27	3.4e-05
Embeddings	Jev	lexical-trap	54	10	26	4	20	0.001544
Embeddings	Jev	lexical-trap-control	54	18	36	8	26	0.002935
Embeddings	Jev	none-of-these	60	12	33	1	22	6e-06
Embeddings	Jev	reversal	65	29	40	12	23	0.089531
Embeddings	Jev	reversal-general	146	61	131	3	73	0.0
Embeddings	Jev	reversal-general-shared-name	42	42	42	0	0	1.0
Embeddings	Jev	hard	505	168	286	48	166	0.0
Embeddings	Jev	easy	996	429	767	56	394	0.0
Embeddings	Kev 4B	overall	1501	597	709	247	359	6e-06
Embeddings	Kev 4B	beatles-only	1313	494	579	231	316	0.00032
Embeddings	Kev 4B	forward	224	59	69	30	40	0.281979
Embeddings	Kev 4B	reverse	112	39	41	17	19	0.867939
Embeddings	Kev 4B	multi-hop	180	71	74	22	25	0.770867
Embeddings	Kev 4B	single-hop	248	74	123	36	85	1e-05
Embeddings	Kev 4B	comparison	60	34	36	15	17	0.86005
Embeddings	Kev 4B	shared-lead	32	19	16	4	1	0.375
Embeddings	Kev 4B	lead-set	104	64	84	13	33	0.004534
Embeddings	Kev 4B	near-neighbor	60	38	18	29	9	0.001658
Embeddings	Kev 4B	near-neighbor-control	60	27	23	21	17	0.627103
Embeddings	Kev 4B	lexical-trap	54	10	13	8	11	0.647606
Embeddings	Kev 4B	lexical-trap-control	54	18	23	13	18	0.47313
Embeddings	Kev 4B	none-of-these	60	12	31	9	28	0.002563
Embeddings	Kev 4B	reversal	65	29	28	14	13	1.0
Embeddings	Kev 4B	reversal-general	146	61	91	13	43	7.3e-05
Embeddings	Kev 4B	reversal-general-shared-name	42	42	39	3	0	0.25
Embeddings	Kev 4B	hard	505	168	197	79	108	0.040316
Embeddings	Kev 4B	easy	996	429	512	168	251	5.9e-05
Embeddings	Liquid d1	overall	1501	597	1002	153	558	0.0
Embeddings	Liquid d1	beatles-only	1313	494	833	143	482	0.0
Embeddings	Liquid d1	forward	224	59	150	14	105	0.0
Embeddings	Liquid d1	reverse	112	39	78	6	45	0.0
Embeddings	Liquid d1	multi-hop	180	71	89	26	44	0.041391
Embeddings	Liquid d1	single-hop	248	74	164	20	110	0.0
Embeddings	Liquid d1	comparison	60	34	53	7	26	0.001319
Embeddings	Liquid d1	shared-lead	32	19	18	5	4	1.0
Embeddings	Liquid d1	lead-set	104	64	67	19	22	0.755229
Embeddings	Liquid d1	near-neighbor	60	38	40	11	13	0.83882
Embeddings	Liquid d1	near-neighbor-control	60	27	50	4	27	3.4e-05
Embeddings	Liquid d1	lexical-trap	54	10	25	5	20	0.004077
Embeddings	Liquid d1	lexical-trap-control	54	18	29	11	22	0.080143
Embeddings	Liquid d1	none-of-these	60	12	30	2	20	0.000121
Embeddings	Liquid d1	reversal	65	29	40	13	24	0.098872
Embeddings	Liquid d1	reversal-general	146	61	129	8	76	0.0
Embeddings	Liquid d1	reversal-general-shared-name	42	42	40	2	0	0.5
Embeddings	Liquid d1	hard	505	168	262	66	160	0.0
Embeddings	Liquid d1	easy	996	429	740	87	398	0.0
Embeddings	Nimble 9B	overall	1501	597	779	240	422	0.0
Embeddings	Nimble 9B	beatles-only	1313	494	630	229	365	0.0
Embeddings	Nimble 9B	forward	224	59	78	33	52	0.050251
Embeddings	Nimble 9B	reverse	112	39	48	15	24	0.199591
Embeddings	Nimble 9B	multi-hop	180	71	90	30	49	0.042165
Embeddings	Nimble 9B	single-hop	248	74	123	34	83	7e-06
Embeddings	Nimble 9B	comparison	60	34	37	17	20	0.742829
Embeddings	Nimble 9B	shared-lead	32	19	18	12	11	1.0
Embeddings	Nimble 9B	lead-set	104	64	83	15	34	0.009399
Embeddings	Nimble 9B	near-neighbor	60	38	30	20	12	0.215327
Embeddings	Nimble 9B	near-neighbor-control	60	27	33	14	20	0.391528
Embeddings	Nimble 9B	lexical-trap	54	10	19	8	17	0.107752
Embeddings	Nimble 9B	lexical-trap-control	54	18	22	11	15	0.557197
Embeddings	Nimble 9B	none-of-these	60	12	20	7	15	0.133801
Embeddings	Nimble 9B	reversal	65	29	29	13	13	1.0
Embeddings	Nimble 9B	reversal-general	146	61	107	11	57	0.0
Embeddings	Nimble 9B	reversal-general-shared-name	42	42	42	0	0	1.0
Embeddings	Nimble 9B	hard	505	168	210	86	128	0.00495
Embeddings	Nimble 9B	easy	996	429	569	154	294	0.0
Hybrid	Word overlap	overall	1501	553	517	85	49	0.002372
Hybrid	Word overlap	beatles-only	1313	465	437	72	44	0.01185
Hybrid	Word overlap	forward	224	63	51	15	3	0.007538
Hybrid	Word overlap	reverse	112	38	37	6	5	1.0
Hybrid	Word overlap	multi-hop	180	67	71	0	4	0.125
Hybrid	Word overlap	single-hop	248	79	65	22	8	0.016125
Hybrid	Word overlap	comparison	60	24	26	4	6	0.753906
Hybrid	Word overlap	shared-lead	32	17	17	0	0	1.0
Hybrid	Word overlap	lead-set	104	62	62	0	0	1.0
Hybrid	Word overlap	near-neighbor	60	33	28	7	2	0.179688
Hybrid	Word overlap	near-neighbor-control	60	25	26	2	3	1.0
Hybrid	Word overlap	lexical-trap	54	5	1	4	0	0.125
Hybrid	Word overlap	lexical-trap-control	54	15	15	6	6	1.0
Hybrid	Word overlap	none-of-these	60	14	15	0	1	1.0
Hybrid	Word overlap	reversal	65	23	23	6	6	1.0
Hybrid	Word overlap	reversal-general	146	46	41	10	5	0.301758
Hybrid	Word overlap	reversal-general-shared-name	42	42	39	3	0	0.25
Hybrid	Word overlap	hard	505	151	142	26	17	0.222053
Hybrid	Word overlap	easy	996	402	375	59	32	0.006106
Hybrid	GLM-5.3 Flash	overall	1501	553	1451	16	914	0.0
Hybrid	GLM-5.3 Flash	beatles-only	1313	465	1263	16	814	0.0
Hybrid	GLM-5.3 Flash	forward	224	63	218	1	156	0.0
Hybrid	GLM-5.3 Flash	reverse	112	38	102	5	69	0.0
Hybrid	GLM-5.3 Flash	multi-hop	180	67	175	1	109	0.0
Hybrid	GLM-5.3 Flash	single-hop	248	79	245	0	166	0.0
Hybrid	GLM-5.3 Flash	comparison	60	24	59	0	35	0.0
Hybrid	GLM-5.3 Flash	shared-lead	32	17	27	2	12	0.012939
Hybrid	GLM-5.3 Flash	lead-set	104	62	96	5	39	0.0
Hybrid	GLM-5.3 Flash	near-neighbor	60	33	60	0	27	0.0
Hybrid	GLM-5.3 Flash	near-neighbor-control	60	25	60	0	35	0.0
Hybrid	GLM-5.3 Flash	lexical-trap	54	5	50	0	45	0.0
Hybrid	GLM-5.3 Flash	lexical-trap-control	54	15	53	0	38	0.0
Hybrid	GLM-5.3 Flash	none-of-these	60	14	59	0	45	0.0
Hybrid	GLM-5.3 Flash	reversal	65	23	59	2	38	0.0
Hybrid	GLM-5.3 Flash	reversal-general	146	46	146	0	100	0.0
Hybrid	GLM-5.3 Flash	reversal-general-shared-name	42	42	42	0	0	1.0
Hybrid	GLM-5.3 Flash	hard	505	151	482	6	337	0.0
Hybrid	GLM-5.3 Flash	easy	996	402	969	10	577	0.0
Hybrid	Laya	overall	1501	553	537	205	189	0.449877
Hybrid	Laya	beatles-only	1313	465	460	178	173	0.830972
Hybrid	Laya	forward	224	63	51	35	23	0.148006
Hybrid	Laya	reverse	112	38	38	13	13	1.0
Hybrid	Laya	multi-hop	180	67	70	31	34	0.804317
Hybrid	Laya	single-hop	248	79	78	30	29	1.0
Hybrid	Laya	comparison	60	24	27	16	19	0.735879
Hybrid	Laya	shared-lead	32	17	17	1	1	1.0
Hybrid	Laya	lead-set	104	62	61	1	0	1.0
Hybrid	Laya	near-neighbor	60	33	26	15	8	0.21004
Hybrid	Laya	near-neighbor-control	60	25	29	7	11	0.480682
Hybrid	Laya	lexical-trap	54	5	9	5	9	0.42395
Hybrid	Laya	lexical-trap-control	54	15	9	12	6	0.237885
Hybrid	Laya	none-of-these	60	14	21	4	11	0.118469
Hybrid	Laya	reversal	65	23	24	8	9	1.0
Hybrid	Laya	reversal-general	146	46	47	15	16	1.0
Hybrid	Laya	reversal-general-shared-name	42	42	30	12	0	0.000488
Hybrid	Laya	hard	505	151	151	71	71	1.0
Hybrid	Laya	easy	996	402	386	134	118	0.344722
Hybrid	Jev	overall	1501	553	1053	75	575	0.0
Hybrid	Jev	beatles-only	1313	465	880	73	488	0.0
Hybrid	Jev	forward	224	63	149	12	98	0.0
Hybrid	Jev	reverse	112	38	78	8	48	0.0
Hybrid	Jev	multi-hop	180	67	99	9	41	6e-06
Hybrid	Jev	single-hop	248	79	171	19	111	0.0
Hybrid	Jev	comparison	60	24	49	5	30	2.2e-05
Hybrid	Jev	shared-lead	32	17	21	2	6	0.289062
Hybrid	Jev	lead-set	104	62	79	1	18	7.6e-05
Hybrid	Jev	near-neighbor	60	33	49	4	20	0.001544
Hybrid	Jev	near-neighbor-control	60	25	50	2	27	2e-06
Hybrid	Jev	lexical-trap	54	5	26	2	23	1.9e-05
Hybrid	Jev	lexical-trap-control	54	15	36	3	24	4.9e-05
Hybrid	Jev	none-of-these	60	14	33	0	19	4e-06
Hybrid	Jev	reversal	65	23	40	6	23	0.002316
Hybrid	Jev	reversal-general	146	46	131	2	87	0.0
Hybrid	Jev	reversal-general-shared-name	42	42	42	0	0	1.0
Hybrid	Jev	hard	505	151	286	28	163	0.0
Hybrid	Jev	easy	996	402	767	47	412	0.0
Hybrid	Kev 4B	overall	1501	553	709	201	357	0.0
Hybrid	Kev 4B	beatles-only	1313	465	579	183	297	0.0
Hybrid	Kev 4B	forward	224	63	69	28	34	0.525773
Hybrid	Kev 4B	reverse	112	38	41	15	18	0.728332
Hybrid	Kev 4B	multi-hop	180	67	74	12	19	0.281042
Hybrid	Kev 4B	single-hop	248	79	123	39	83	8.4e-05
Hybrid	Kev 4B	comparison	60	24	36	6	18	0.022656
Hybrid	Kev 4B	shared-lead	32	17	16	1	0	1.0
Hybrid	Kev 4B	lead-set	104	62	84	13	35	0.002088
Hybrid	Kev 4B	near-neighbor	60	33	18	22	7	0.00813
Hybrid	Kev 4B	near-neighbor-control	60	25	23	18	16	0.864166
Hybrid	Kev 4B	lexical-trap	54	5	13	3	11	0.057373
Hybrid	Kev 4B	lexical-trap-control	54	15	23	8	16	0.15159
Hybrid	Kev 4B	none-of-these	60	14	31	9	26	0.005988
Hybrid	Kev 4B	reversal	65	23	28	9	14	0.404873
Hybrid	Kev 4B	reversal-general	146	46	91	15	60	0.0
Hybrid	Kev 4B	reversal-general-shared-name	42	42	39	3	0	0.25
Hybrid	Kev 4B	hard	505	151	197	49	95	0.000157
Hybrid	Kev 4B	easy	996	402	512	152	262	0.0
Hybrid	Liquid d1	overall	1501	553	1002	103	552	0.0
Hybrid	Liquid d1	beatles-only	1313	465	833	97	465	0.0
Hybrid	Liquid d1	forward	224	63	150	15	102	0.0
Hybrid	Liquid d1	reverse	112	38	78	7	47	0.0
Hybrid	Liquid d1	multi-hop	180	67	89	17	39	0.004562
Hybrid	Liquid d1	single-hop	248	79	164	13	98	0.0
Hybrid	Liquid d1	comparison	60	24	53	2	31	0.0
Hybrid	Liquid d1	shared-lead	32	17	18	1	2	1.0
Hybrid	Liquid d1	lead-set	104	62	67	16	21	0.511376
Hybrid	Liquid d1	near-neighbor	60	33	40	7	14	0.189247
Hybrid	Liquid d1	near-neighbor-control	60	25	50	2	27	2e-06
Hybrid	Liquid d1	lexical-trap	54	5	25	2	22	3.6e-05
Hybrid	Liquid d1	lexical-trap-control	54	15	29	6	20	0.009355
Hybrid	Liquid d1	none-of-these	60	14	30	2	18	0.000402
Hybrid	Liquid d1	reversal	65	23	40	7	24	0.003327
Hybrid	Liquid d1	reversal-general	146	46	129	4	87	0.0
Hybrid	Liquid d1	reversal-general-shared-name	42	42	40	2	0	0.5
Hybrid	Liquid d1	hard	505	151	262	39	150	0.0
Hybrid	Liquid d1	easy	996	402	740	64	402	0.0
Hybrid	Nimble 9B	overall	1501	553	779	205	431	0.0
Hybrid	Nimble 9B	beatles-only	1313	465	630	195	360	0.0
Hybrid	Nimble 9B	forward	224	63	78	28	43	0.095924
Hybrid	Nimble 9B	reverse	112	38	48	17	27	0.174171
Hybrid	Nimble 9B	multi-hop	180	67	90	17	40	0.003202
Hybrid	Nimble 9B	single-hop	248	79	123	39	83	8.4e-05
Hybrid	Nimble 9B	comparison	60	24	37	7	20	0.019157
Hybrid	Nimble 9B	shared-lead	32	17	18	14	15	1.0
Hybrid	Nimble 9B	lead-set	104	62	83	15	36	0.004601
Hybrid	Nimble 9B	near-neighbor	60	33	30	16	13	0.711071
Hybrid	Nimble 9B	near-neighbor-control	60	25	33	11	19	0.200488
Hybrid	Nimble 9B	lexical-trap	54	5	19	4	18	0.004344
Hybrid	Nimble 9B	lexical-trap-control	54	15	22	11	18	0.264931
Hybrid	Nimble 9B	none-of-these	60	14	20	6	12	0.237885
Hybrid	Nimble 9B	reversal	65	23	29	10	16	0.32694
Hybrid	Nimble 9B	reversal-general	146	46	107	10	71	0.0
Hybrid	Nimble 9B	reversal-general-shared-name	42	42	42	0	0	1.0
Hybrid	Nimble 9B	hard	505	151	210	69	128	3.2e-05
Hybrid	Nimble 9B	easy	996	402	569	136	303	0.0
Word overlap	GLM-5.3 Flash	overall	1501	517	1451	15	949	0.0
Word overlap	GLM-5.3 Flash	beatles-only	1313	437	1263	15	841	0.0
Word overlap	GLM-5.3 Flash	forward	224	51	218	0	167	0.0
Word overlap	GLM-5.3 Flash	reverse	112	37	102	4	69	0.0
Word overlap	GLM-5.3 Flash	multi-hop	180	71	175	1	105	0.0
Word overlap	GLM-5.3 Flash	single-hop	248	65	245	0	180	0.0
Word overlap	GLM-5.3 Flash	comparison	60	26	59	1	34	0.0
Word overlap	GLM-5.3 Flash	shared-lead	32	17	27	2	12	0.012939
Word overlap	GLM-5.3 Flash	lead-set	104	62	96	5	39	0.0
Word overlap	GLM-5.3 Flash	near-neighbor	60	28	60	0	32	0.0
Word overlap	GLM-5.3 Flash	near-neighbor-control	60	26	60	0	34	0.0
Word overlap	GLM-5.3 Flash	lexical-trap	54	1	50	0	49	0.0
Word overlap	GLM-5.3 Flash	lexical-trap-control	54	15	53	0	38	0.0
Word overlap	GLM-5.3 Flash	none-of-these	60	15	59	0	44	0.0
Word overlap	GLM-5.3 Flash	reversal	65	23	59	2	38	0.0
Word overlap	GLM-5.3 Flash	reversal-general	146	41	146	0	105	0.0
Word overlap	GLM-5.3 Flash	reversal-general-shared-name	42	39	42	0	3	0.25
Word overlap	GLM-5.3 Flash	hard	505	142	482	5	345	0.0
Word overlap	GLM-5.3 Flash	easy	996	375	969	10	604	0.0
Word overlap	Laya	overall	1501	517	537	150	170	0.28816
Word overlap	Laya	beatles-only	1313	437	460	131	154	0.192427
Word overlap	Laya	forward	224	51	51	24	24	1.0
Word overlap	Laya	reverse	112	37	38	7	8	1.0
Word overlap	Laya	multi-hop	180	71	70	34	33	1.0
Word overlap	Laya	single-hop	248	65	78	17	30	0.078941
Word overlap	Laya	comparison	60	26	27	13	14	1.0
Word overlap	Laya	shared-lead	32	17	17	1	1	1.0
Word overlap	Laya	lead-set	104	62	61	1	0	1.0
Word overlap	Laya	near-neighbor	60	28	26	10	8	0.814529
Word overlap	Laya	near-neighbor-control	60	26	29	6	9	0.607239
Word overlap	Laya	lexical-trap	54	1	9	1	9	0.021484
Word overlap	Laya	lexical-trap-control	54	15	9	8	2	0.109375
Word overlap	Laya	none-of-these	60	15	21	4	10	0.179565
Word overlap	Laya	reversal	65	23	24	5	6	1.0
Word overlap	Laya	reversal-general	146	41	47	7	13	0.263176
Word overlap	Laya	reversal-general-shared-name	42	39	30	12	3	0.035156
Word overlap	Laya	hard	505	142	151	53	62	0.455814
Word overlap	Laya	easy	996	375	386	97	108	0.485
Word overlap	Jev	overall	1501	517	1053	66	602	0.0
Word overlap	Jev	beatles-only	1313	437	880	65	508	0.0
Word overlap	Jev	forward	224	51	149	6	104	0.0
Word overlap	Jev	reverse	112	37	78	8	49	0.0
Word overlap	Jev	multi-hop	180	71	99	13	41	0.000175
Word overlap	Jev	single-hop	248	65	171	13	119	0.0
Word overlap	Jev	comparison	60	26	49	4	27	3.4e-05
Word overlap	Jev	shared-lead	32	17	21	2	6	0.289062
Word overlap	Jev	lead-set	104	62	79	1	18	7.6e-05
Word overlap	Jev	near-neighbor	60	28	49	4	25	0.000104
Word overlap	Jev	near-neighbor-control	60	26	50	2	26	3e-06
Word overlap	Jev	lexical-trap	54	1	26	0	25	0.0
Word overlap	Jev	lexical-trap-control	54	15	36	5	26	0.000192
Word overlap	Jev	none-of-these	60	15	33	0	18	8e-06
Word overlap	Jev	reversal	65	23	40	7	24	0.003327
Word overlap	Jev	reversal-general	146	41	131	1	91	0.0
Word overlap	Jev	reversal-general-shared-name	42	39	42	0	3	0.25
Word overlap	Jev	hard	505	142	286	27	171	0.0
Word overlap	Jev	easy	996	375	767	39	431	0.0
Word overlap	Kev 4B	overall	1501	517	709	187	379	0.0
Word overlap	Kev 4B	beatles-only	1313	437	579	170	312	0.0
Word overlap	Kev 4B	forward	224	51	69	20	38	0.024746
Word overlap	Kev 4B	reverse	112	37	41	15	19	0.607591
Word overlap	Kev 4B	multi-hop	180	71	74	14	17	0.7201
Word overlap	Kev 4B	single-hop	248	65	123	35	93	0.0
Word overlap	Kev 4B	comparison	60	26	36	9	19	0.087159
Word overlap	Kev 4B	shared-lead	32	17	16	1	0	1.0
Word overlap	Kev 4B	lead-set	104	62	84	13	35	0.002088
Word overlap	Kev 4B	near-neighbor	60	28	18	17	7	0.063915
Word overlap	Kev 4B	near-neighbor-control	60	26	23	16	13	0.711071
Word overlap	Kev 4B	lexical-trap	54	1	13	1	13	0.001831
Word overlap	Kev 4B	lexical-trap-control	54	15	23	7	15	0.133801
Word overlap	Kev 4B	none-of-these	60	15	31	10	26	0.011331
Word overlap	Kev 4B	reversal	65	23	28	12	17	0.458258
Word overlap	Kev 4B	reversal-general	146	41	91	14	64	0.0
Word overlap	Kev 4B	reversal-general-shared-name	42	39	39	3	3	1.0
Word overlap	Kev 4B	hard	505	142	197	45	100	6e-06
Word overlap	Kev 4B	easy	996	375	512	142	279	0.0
Word overlap	Liquid d1	overall	1501	517	1002	97	582	0.0
Word overlap	Liquid d1	beatles-only	1313	437	833	93	489	0.0
Word overlap	Liquid d1	forward	224	51	150	11	110	0.0
Word overlap	Liquid d1	reverse	112	37	78	8	49	0.0
Word overlap	Liquid d1	multi-hop	180	71	89	21	39	0.02734
Word overlap	Liquid d1	single-hop	248	65	164	8	107	0.0
Word overlap	Liquid d1	comparison	60	26	53	3	30	1e-06
Word overlap	Liquid d1	shared-lead	32	17	18	1	2	1.0
Word overlap	Liquid d1	lead-set	104	62	67	16	21	0.511376
Word overlap	Liquid d1	near-neighbor	60	28	40	5	17	0.016901
Word overlap	Liquid d1	near-neighbor-control	60	26	50	2	26	3e-06
Word overlap	Liquid d1	lexical-trap	54	1	25	0	24	0.0
Word overlap	Liquid d1	lexical-trap-control	54	15	29	6	20	0.009355
Word overlap	Liquid d1	none-of-these	60	15	30	3	18	0.00149
Word overlap	Liquid d1	reversal	65	23	40	9	26	0.005988
Word overlap	Liquid d1	reversal-general	146	41	129	2	90	0.0
Word overlap	Liquid d1	reversal-general-shared-name	42	39	40	2	3	1.0
Word overlap	Liquid d1	hard	505	142	262	40	160	0.0
Word overlap	Liquid d1	easy	996	375	740	57	422	0.0
Word overlap	Nimble 9B	overall	1501	517	779	194	456	0.0
Word overlap	Nimble 9B	beatles-only	1313	437	630	185	378	0.0
Word overlap	Nimble 9B	forward	224	51	78	19	46	0.00109
Word overlap	Nimble 9B	reverse	112	37	48	18	29	0.143865
Word overlap	Nimble 9B	multi-hop	180	71	90	18	37	0.014454
Word overlap	Nimble 9B	single-hop	248	65	123	33	91	0.0
Word overlap	Nimble 9B	comparison	60	26	37	11	22	0.080143
Word overlap	Nimble 9B	shared-lead	32	17	18	14	15	1.0
Word overlap	Nimble 9B	lead-set	104	62	83	15	36	0.004601
Word overlap	Nimble 9B	near-neighbor	60	28	30	14	16	0.855536
Word overlap	Nimble 9B	near-neighbor-control	60	26	33	9	16	0.229523
Word overlap	Nimble 9B	lexical-trap	54	1	19	1	19	4e-05
Word overlap	Nimble 9B	lexical-trap-control	54	15	22	13	20	0.296206
Word overlap	Nimble 9B	none-of-these	60	15	20	6	11	0.332306
Word overlap	Nimble 9B	reversal	65	23	29	14	20	0.391528
Word overlap	Nimble 9B	reversal-general	146	41	107	9	75	0.0
Word overlap	Nimble 9B	reversal-general-shared-name	42	39	42	0	3	0.25
Word overlap	Nimble 9B	hard	505	142	210	66	134	2e-06
Word overlap	Nimble 9B	easy	996	375	569	128	322	0.0
GLM-5.3 Flash	Laya	overall	1501	1451	537	931	17	0.0
GLM-5.3 Flash	Laya	beatles-only	1313	1263	460	820	17	0.0
GLM-5.3 Flash	Laya	forward	224	218	51	169	2	0.0
GLM-5.3 Flash	Laya	reverse	112	102	38	68	4	0.0
GLM-5.3 Flash	Laya	multi-hop	180	175	70	106	1	0.0
GLM-5.3 Flash	Laya	single-hop	248	245	78	167	0	0.0
GLM-5.3 Flash	Laya	comparison	60	59	27	33	1	0.0
GLM-5.3 Flash	Laya	shared-lead	32	27	17	11	1	0.006348
GLM-5.3 Flash	Laya	lead-set	104	96	61	40	5	0.0
GLM-5.3 Flash	Laya	near-neighbor	60	60	26	34	0	0.0
GLM-5.3 Flash	Laya	near-neighbor-control	60	60	29	31	0	0.0
GLM-5.3 Flash	Laya	lexical-trap	54	50	9	42	1	0.0
GLM-5.3 Flash	Laya	lexical-trap-control	54	53	9	44	0	0.0
GLM-5.3 Flash	Laya	none-of-these	60	59	21	38	0	0.0
GLM-5.3 Flash	Laya	reversal	65	59	24	37	2	0.0
GLM-5.3 Flash	Laya	reversal-general	146	146	47	99	0	0.0
GLM-5.3 Flash	Laya	reversal-general-shared-name	42	42	30	12	0	0.000488
GLM-5.3 Flash	Laya	hard	505	482	151	336	5	0.0
GLM-5.3 Flash	Laya	easy	996	969	386	595	12	0.0
GLM-5.3 Flash	Jev	overall	1501	1451	1053	419	21	0.0
GLM-5.3 Flash	Jev	beatles-only	1313	1263	880	404	21	0.0
GLM-5.3 Flash	Jev	forward	224	218	149	70	1	0.0
GLM-5.3 Flash	Jev	reverse	112	102	78	29	5	3.9e-05
GLM-5.3 Flash	Jev	multi-hop	180	175	99	77	1	0.0
GLM-5.3 Flash	Jev	single-hop	248	245	171	74	0	0.0
GLM-5.3 Flash	Jev	comparison	60	59	49	11	1	0.006348
GLM-5.3 Flash	Jev	shared-lead	32	27	21	9	3	0.145996
GLM-5.3 Flash	Jev	lead-set	104	96	79	22	5	0.001514
GLM-5.3 Flash	Jev	near-neighbor	60	60	49	11	0	0.000977
GLM-5.3 Flash	Jev	near-neighbor-control	60	60	50	10	0	0.001953
GLM-5.3 Flash	Jev	lexical-trap	54	50	26	25	1	1e-06
GLM-5.3 Flash	Jev	lexical-trap-control	54	53	36	17	0	1.5e-05
GLM-5.3 Flash	Jev	none-of-these	60	59	33	26	0	0.0
GLM-5.3 Flash	Jev	reversal	65	59	40	23	4	0.000311
GLM-5.3 Flash	Jev	reversal-general	146	146	131	15	0	6.1e-05
GLM-5.3 Flash	Jev	reversal-general-shared-name	42	42	42	0	0	1.0
GLM-5.3 Flash	Jev	hard	505	482	286	205	9	0.0
GLM-5.3 Flash	Jev	easy	996	969	767	214	12	0.0
GLM-5.3 Flash	Kev 4B	overall	1501	1451	709	764	22	0.0
GLM-5.3 Flash	Kev 4B	beatles-only	1313	1263	579	706	22	0.0
GLM-5.3 Flash	Kev 4B	forward	224	218	69	151	2	0.0
GLM-5.3 Flash	Kev 4B	reverse	112	102	41	65	4	0.0
GLM-5.3 Flash	Kev 4B	multi-hop	180	175	74	102	1	0.0
GLM-5.3 Flash	Kev 4B	single-hop	248	245	123	124	2	0.0
GLM-5.3 Flash	Kev 4B	comparison	60	59	36	24	1	2e-06
GLM-5.3 Flash	Kev 4B	shared-lead	32	27	16	12	1	0.003418
GLM-5.3 Flash	Kev 4B	lead-set	104	96	84	19	7	0.028959
GLM-5.3 Flash	Kev 4B	near-neighbor	60	60	18	42	0	0.0
GLM-5.3 Flash	Kev 4B	near-neighbor-control	60	60	23	37	0	0.0
GLM-5.3 Flash	Kev 4B	lexical-trap	54	50	13	38	1	0.0
GLM-5.3 Flash	Kev 4B	lexical-trap-control	54	53	23	30	0	0.0
GLM-5.3 Flash	Kev 4B	none-of-these	60	59	31	29	1	0.0
GLM-5.3 Flash	Kev 4B	reversal	65	59	28	33	2	0.0
GLM-5.3 Flash	Kev 4B	reversal-general	146	146	91	55	0	0.0
GLM-5.3 Flash	Kev 4B	reversal-general-shared-name	42	42	39	3	0	0.25
GLM-5.3 Flash	Kev 4B	hard	505	482	197	291	6	0.0
GLM-5.3 Flash	Kev 4B	easy	996	969	512	473	16	0.0
GLM-5.3 Flash	Liquid d1	overall	1501	1451	1002	466	17	0.0
GLM-5.3 Flash	Liquid d1	beatles-only	1313	1263	833	447	17	0.0
GLM-5.3 Flash	Liquid d1	forward	224	218	150	70	2	0.0
GLM-5.3 Flash	Liquid d1	reverse	112	102	78	28	4	1.9e-05
GLM-5.3 Flash	Liquid d1	multi-hop	180	175	89	87	1	0.0
GLM-5.3 Flash	Liquid d1	single-hop	248	245	164	82	1	0.0
GLM-5.3 Flash	Liquid d1	comparison	60	59	53	7	1	0.070312
GLM-5.3 Flash	Liquid d1	shared-lead	32	27	18	11	2	0.022461
GLM-5.3 Flash	Liquid d1	lead-set	104	96	67	30	1	0.0
GLM-5.3 Flash	Liquid d1	near-neighbor	60	60	40	20	0	2e-06
GLM-5.3 Flash	Liquid d1	near-neighbor-control	60	60	50	10	0	0.001953
GLM-5.3 Flash	Liquid d1	lexical-trap	54	50	25	26	1	0.0
GLM-5.3 Flash	Liquid d1	lexical-trap-control	54	53	29	24	0	0.0
GLM-5.3 Flash	Liquid d1	none-of-these	60	59	30	29	0	0.0
GLM-5.3 Flash	Liquid d1	reversal	65	59	40	23	4	0.000311
GLM-5.3 Flash	Liquid d1	reversal-general	146	146	129	17	0	1.5e-05
GLM-5.3 Flash	Liquid d1	reversal-general-shared-name	42	42	40	2	0	0.5
GLM-5.3 Flash	Liquid d1	hard	505	482	262	228	8	0.0
GLM-5.3 Flash	Liquid d1	easy	996	969	740	238	9	0.0
GLM-5.3 Flash	Nimble 9B	overall	1501	1451	779	692	20	0.0
GLM-5.3 Flash	Nimble 9B	beatles-only	1313	1263	630	653	20	0.0
GLM-5.3 Flash	Nimble 9B	forward	224	218	78	141	1	0.0
GLM-5.3 Flash	Nimble 9B	reverse	112	102	48	58	4	0.0
GLM-5.3 Flash	Nimble 9B	multi-hop	180	175	90	86	1	0.0
GLM-5.3 Flash	Nimble 9B	single-hop	248	245	123	122	0	0.0
GLM-5.3 Flash	Nimble 9B	comparison	60	59	37	22	0	0.0
GLM-5.3 Flash	Nimble 9B	shared-lead	32	27	18	13	4	0.049042
GLM-5.3 Flash	Nimble 9B	lead-set	104	96	83	21	8	0.02412
GLM-5.3 Flash	Nimble 9B	near-neighbor	60	60	30	30	0	0.0
GLM-5.3 Flash	Nimble 9B	near-neighbor-control	60	60	33	27	0	0.0
GLM-5.3 Flash	Nimble 9B	lexical-trap	54	50	19	31	0	0.0
GLM-5.3 Flash	Nimble 9B	lexical-trap-control	54	53	22	31	0	0.0
GLM-5.3 Flash	Nimble 9B	none-of-these	60	59	20	39	0	0.0
GLM-5.3 Flash	Nimble 9B	reversal	65	59	29	32	2	0.0
GLM-5.3 Flash	Nimble 9B	reversal-general	146	146	107	39	0	0.0
GLM-5.3 Flash	Nimble 9B	reversal-general-shared-name	42	42	42	0	0	1.0
GLM-5.3 Flash	Nimble 9B	hard	505	482	210	280	8	0.0
GLM-5.3 Flash	Nimble 9B	easy	996	969	569	412	12	0.0
Laya	Jev	overall	1501	537	1053	96	612	0.0
Laya	Jev	beatles-only	1313	460	880	92	512	0.0
Laya	Jev	forward	224	51	149	12	110	0.0
Laya	Jev	reverse	112	38	78	8	48	0.0
Laya	Jev	multi-hop	180	70	99	22	51	0.000914
Laya	Jev	single-hop	248	78	171	18	111	0.0
Laya	Jev	comparison	60	27	49	7	29	0.000313
Laya	Jev	shared-lead	32	17	21	3	7	0.34375
Laya	Jev	lead-set	104	61	79	1	19	4e-05
Laya	Jev	near-neighbor	60	26	49	4	27	3.4e-05
Laya	Jev	near-neighbor-control	60	29	50	4	25	0.000104
Laya	Jev	lexical-trap	54	9	26	2	19	0.000221
Laya	Jev	lexical-trap-control	54	9	36	3	30	1e-06
Laya	Jev	none-of-these	60	21	33	4	16	0.011818
Laya	Jev	reversal	65	24	40	4	20	0.001544
Laya	Jev	reversal-general	146	47	131	4	88	0.0
Laya	Jev	reversal-general-shared-name	42	30	42	0	12	0.000488
Laya	Jev	hard	505	151	286	39	174	0.0
Laya	Jev	easy	996	386	767	57	438	0.0
Laya	Kev 4B	overall	1501	537	709	213	385	0.0
Laya	Kev 4B	beatles-only	1313	460	579	194	313	0.0
Laya	Kev 4B	forward	224	51	69	27	45	0.044371
Laya	Kev 4B	reverse	112	38	41	16	19	0.735879
Laya	Kev 4B	multi-hop	180	70	74	27	31	0.694004
Laya	Kev 4B	single-hop	248	78	123	34	79	2.8e-05
Laya	Kev 4B	comparison	60	27	36	14	23	0.187742
Laya	Kev 4B	shared-lead	32	17	16	1	0	1.0
Laya	Kev 4B	lead-set	104	61	84	13	36	0.001403
Laya	Kev 4B	near-neighbor	60	26	18	15	7	0.133801
Laya	Kev 4B	near-neighbor-control	60	29	23	18	12	0.361595
Laya	Kev 4B	lexical-trap	54	9	13	7	11	0.480682
Laya	Kev 4B	lexical-trap-control	54	9	23	5	19	0.006611
Laya	Kev 4B	none-of-these	60	21	31	9	19	0.087159
Laya	Kev 4B	reversal	65	24	28	8	12	0.503445
Laya	Kev 4B	reversal-general	146	47	91	16	60	0.0
Laya	Kev 4B	reversal-general-shared-name	42	30	39	3	12	0.035156
Laya	Kev 4B	hard	505	151	197	58	104	0.000375
Laya	Kev 4B	easy	996	386	512	155	281	0.0
Laya	Liquid d1	overall	1501	537	1002	111	576	0.0
Laya	Liquid d1	beatles-only	1313	460	833	107	480	0.0
Laya	Liquid d1	forward	224	51	150	10	109	0.0
Laya	Liquid d1	reverse	112	38	78	10	50	0.0
Laya	Liquid d1	multi-hop	180	70	89	23	42	0.024812
Laya	Liquid d1	single-hop	248	78	164	10	96	0.0
Laya	Liquid d1	comparison	60	27	53	6	32	2.4e-05
Laya	Liquid d1	shared-lead	32	17	18	2	3	1.0
Laya	Liquid d1	lead-set	104	61	67	16	22	0.417692
Laya	Liquid d1	near-neighbor	60	26	40	7	21	0.012541
Laya	Liquid d1	near-neighbor-control	60	29	50	4	25	0.000104
Laya	Liquid d1	lexical-trap	54	9	25	2	18	0.000402
Laya	Liquid d1	lexical-trap-control	54	9	29	3	23	8.8e-05
Laya	Liquid d1	none-of-these	60	21	30	8	17	0.107752
Laya	Liquid d1	reversal	65	24	40	6	22	0.003719
Laya	Liquid d1	reversal-general	146	47	129	3	85	0.0
Laya	Liquid d1	reversal-general-shared-name	42	30	40	1	11	0.006348
Laya	Liquid d1	hard	505	151	262	45	156	0.0
Laya	Liquid d1	easy	996	386	740	66	420	0.0
Laya	Nimble 9B	overall	1501	537	779	220	462	0.0
Laya	Nimble 9B	beatles-only	1313	460	630	211	381	0.0
Laya	Nimble 9B	forward	224	51	78	32	59	0.006106
Laya	Nimble 9B	reverse	112	38	48	17	27	0.174171
Laya	Nimble 9B	multi-hop	180	70	90	25	45	0.022463
Laya	Nimble 9B	single-hop	248	78	123	33	78	2.3e-05
Laya	Nimble 9B	comparison	60	27	37	17	27	0.174171
Laya	Nimble 9B	shared-lead	32	17	18	13	14	1.0
Laya	Nimble 9B	lead-set	104	61	83	15	37	0.003185
Laya	Nimble 9B	near-neighbor	60	26	30	16	20	0.617719
Laya	Nimble 9B	near-neighbor-control	60	29	33	10	14	0.541256
Laya	Nimble 9B	lexical-trap	54	9	19	7	17	0.063915
Laya	Nimble 9B	lexical-trap-control	54	9	22	7	20	0.019157
Laya	Nimble 9B	none-of-these	60	21	20	10	9	1.0
Laya	Nimble 9B	reversal	65	24	29	9	14	0.404873
Laya	Nimble 9B	reversal-general	146	47	107	9	69	0.0
Laya	Nimble 9B	reversal-general-shared-name	42	30	42	0	12	0.000488
Laya	Nimble 9B	hard	505	151	210	72	131	4.2e-05
Laya	Nimble 9B	easy	996	386	569	148	331	0.0
Jev	Kev 4B	overall	1501	1053	709	481	137	0.0
Jev	Kev 4B	beatles-only	1313	880	579	432	131	0.0
Jev	Kev 4B	forward	224	149	69	95	15	0.0
Jev	Kev 4B	reverse	112	78	41	45	8	0.0
Jev	Kev 4B	multi-hop	180	99	74	37	12	0.00047
Jev	Kev 4B	single-hop	248	171	123	75	27	2e-06
Jev	Kev 4B	comparison	60	49	36	19	6	0.014633
Jev	Kev 4B	shared-lead	32	21	16	7	2	0.179688
Jev	Kev 4B	lead-set	104	79	84	16	21	0.511376
Jev	Kev 4B	near-neighbor	60	49	18	34	3	0.0
Jev	Kev 4B	near-neighbor-control	60	50	23	28	1	0.0
Jev	Kev 4B	lexical-trap	54	26	13	19	6	0.014633
Jev	Kev 4B	lexical-trap-control	54	36	23	19	6	0.014633
Jev	Kev 4B	none-of-these	60	33	31	19	17	0.867939
Jev	Kev 4B	reversal	65	40	28	19	7	0.028959
Jev	Kev 4B	reversal-general	146	131	91	46	6	0.0
Jev	Kev 4B	reversal-general-shared-name	42	42	39	3	0	0.25
Jev	Kev 4B	hard	505	286	197	144	55	0.0
Jev	Kev 4B	easy	996	767	512	337	82	0.0
Jev	Liquid d1	overall	1501	1053	1002	191	140	0.005908
Jev	Liquid d1	beatles-only	1313	880	833	180	133	0.009212
Jev	Liquid d1	forward	224	149	150	30	31	1.0
Jev	Liquid d1	reverse	112	78	78	15	15	1.0
Jev	Liquid d1	multi-hop	180	99	89	29	19	0.193413
Jev	Liquid d1	single-hop	248	171	164	30	23	0.410103
Jev	Liquid d1	comparison	60	49	53	2	6	0.289062
Jev	Liquid d1	shared-lead	32	21	18	4	1	0.375
Jev	Liquid d1	lead-set	104	79	67	20	8	0.035698
Jev	Liquid d1	near-neighbor	60	49	40	10	1	0.011719
Jev	Liquid d1	near-neighbor-control	60	50	50	5	5	1.0
Jev	Liquid d1	lexical-trap	54	26	25	9	8	1.0
Jev	Liquid d1	lexical-trap-control	54	36	29	10	3	0.092285
Jev	Liquid d1	none-of-these	60	33	30	8	5	0.581055
Jev	Liquid d1	reversal	65	40	40	8	8	1.0
Jev	Liquid d1	reversal-general	146	131	129	9	7	0.803619
Jev	Liquid d1	reversal-general-shared-name	42	42	40	2	0	0.5
Jev	Liquid d1	hard	505	286	262	77	53	0.043255
Jev	Liquid d1	easy	996	767	740	114	87	0.066402
Jev	Nimble 9B	overall	1501	1053	779	422	148	0.0
Jev	Nimble 9B	beatles-only	1313	880	630	391	141	0.0
Jev	Nimble 9B	forward	224	149	78	90	19	0.0
Jev	Nimble 9B	reverse	112	78	48	37	7	5e-06
Jev	Nimble 9B	multi-hop	180	99	90	40	31	0.342471
Jev	Nimble 9B	single-hop	248	171	123	70	22	1e-06
Jev	Nimble 9B	comparison	60	49	37	16	4	0.011818
Jev	Nimble 9B	shared-lead	32	21	18	12	9	0.663624
Jev	Nimble 9B	lead-set	104	79	83	18	22	0.635828
Jev	Nimble 9B	near-neighbor	60	49	30	21	2	6.6e-05
Jev	Nimble 9B	near-neighbor-control	60	50	33	19	2	0.000221
Jev	Nimble 9B	lexical-trap	54	26	19	13	6	0.167068
Jev	Nimble 9B	lexical-trap-control	54	36	22	21	7	0.012541
Jev	Nimble 9B	none-of-these	60	33	20	17	4	0.007197
Jev	Nimble 9B	reversal	65	40	29	17	6	0.03469
Jev	Nimble 9B	reversal-general	146	131	107	31	7	0.000116
Jev	Nimble 9B	reversal-general-shared-name	42	42	42	0	0	1.0
Jev	Nimble 9B	hard	505	286	210	148	72	0.0
Jev	Nimble 9B	easy	996	767	569	274	76	0.0
Kev 4B	Liquid d1	overall	1501	709	1002	158	451	0.0
Kev 4B	Liquid d1	beatles-only	1313	579	833	151	405	0.0
Kev 4B	Liquid d1	forward	224	69	150	18	99	0.0
Kev 4B	Liquid d1	reverse	112	41	78	7	44	0.0
Kev 4B	Liquid d1	multi-hop	180	74	89	19	34	0.053439
Kev 4B	Liquid d1	single-hop	248	123	164	29	70	4.6e-05
Kev 4B	Liquid d1	comparison	60	36	53	3	20	0.000488
Kev 4B	Liquid d1	shared-lead	32	16	18	1	3	0.625
Kev 4B	Liquid d1	lead-set	104	84	67	30	13	0.013718
Kev 4B	Liquid d1	near-neighbor	60	18	40	5	27	0.000113
Kev 4B	Liquid d1	near-neighbor-control	60	23	50	2	29	0.0
Kev 4B	Liquid d1	lexical-trap	54	13	25	3	15	0.007538
Kev 4B	Liquid d1	lexical-trap-control	54	23	29	7	13	0.263176
Kev 4B	Liquid d1	none-of-these	60	31	30	17	16	1.0
Kev 4B	Liquid d1	reversal	65	28	40	10	22	0.050102
Kev 4B	Liquid d1	reversal-general	146	91	129	6	44	0.0
Kev 4B	Liquid d1	reversal-general-shared-name	42	39	40	1	2	1.0
Kev 4B	Liquid d1	hard	505	197	262	62	127	3e-06
Kev 4B	Liquid d1	easy	996	512	740	96	324	0.0
Kev 4B	Nimble 9B	overall	1501	709	779	190	260	0.00112
Kev 4B	Nimble 9B	beatles-only	1313	579	630	180	231	0.013554
Kev 4B	Nimble 9B	forward	224	69	78	24	33	0.289244
Kev 4B	Nimble 9B	reverse	112	41	48	12	19	0.281042
Kev 4B	Nimble 9B	multi-hop	180	74	90	22	38	0.051894
Kev 4B	Nimble 9B	single-hop	248	123	123	43	43	1.0
Kev 4B	Nimble 9B	comparison	60	36	37	8	9	1.0
Kev 4B	Nimble 9B	shared-lead	32	16	18	13	15	0.850554
Kev 4B	Nimble 9B	lead-set	104	84	83	7	6	1.0
Kev 4B	Nimble 9B	near-neighbor	60	18	30	6	18	0.022656
Kev 4B	Nimble 9B	near-neighbor-control	60	23	33	4	14	0.030884
Kev 4B	Nimble 9B	lexical-trap	54	13	19	5	11	0.210114
Kev 4B	Nimble 9B	lexical-trap-control	54	23	22	10	9	1.0
Kev 4B	Nimble 9B	none-of-these	60	31	20	20	9	0.061428
Kev 4B	Nimble 9B	reversal	65	28	29	6	7	1.0
Kev 4B	Nimble 9B	reversal-general	146	91	107	10	26	0.011331
Kev 4B	Nimble 9B	reversal-general-shared-name	42	39	42	0	3	0.25
Kev 4B	Nimble 9B	hard	505	197	210	85	98	0.375092
Kev 4B	Nimble 9B	easy	996	512	569	105	162	0.000584
Liquid d1	Nimble 9B	overall	1501	1002	779	401	178	0.0
Liquid d1	Nimble 9B	beatles-only	1313	833	630	371	168	0.0
Liquid d1	Nimble 9B	forward	224	150	78	93	21	0.0
Liquid d1	Nimble 9B	reverse	112	78	48	38	8	9e-06
Liquid d1	Nimble 9B	multi-hop	180	89	90	32	33	1.0
Liquid d1	Nimble 9B	single-hop	248	164	123	64	23	1.3e-05
Liquid d1	Nimble 9B	comparison	60	53	37	18	2	0.000402
Liquid d1	Nimble 9B	shared-lead	32	18	18	13	13	1.0
Liquid d1	Nimble 9B	lead-set	104	67	83	15	31	0.025896
Liquid d1	Nimble 9B	near-neighbor	60	40	30	16	6	0.052479
Liquid d1	Nimble 9B	near-neighbor-control	60	50	33	19	2	0.000221
Liquid d1	Nimble 9B	lexical-trap	54	25	19	14	8	0.286279
Liquid d1	Nimble 9B	lexical-trap-control	54	29	22	13	6	0.167068
Liquid d1	Nimble 9B	none-of-these	60	30	20	16	6	0.052479
Liquid d1	Nimble 9B	reversal	65	40	29	20	9	0.061428
Liquid d1	Nimble 9B	reversal-general	146	129	107	30	8	0.000472
Liquid d1	Nimble 9B	reversal-general-shared-name	42	40	42	0	2	0.5
Liquid d1	Nimble 9B	hard	505	262	210	135	83	0.000523
Liquid d1	Nimble 9B	easy	996	740	569	266	95	0.0
