system	bin	low_views	high_views	median_views	n	right	accuracy	lo	hi
BM25	1	1424	23124	16506	256	75.75	0.2959	0.2433	0.3545
BM25	2	23124	39295	31343	251	84.95833333333333	0.3385	0.2828	0.3991
BM25	3	39295	78197	54074	256	85.33333333333333	0.3333	0.2784	0.3932
BM25	4	78197	477821	149672	259	90.90277777777777	0.351	0.2954	0.4109
Embeddings	1	1424	23124	16506	256	80.0	0.3125	0.2588	0.3717
Embeddings	2	23124	39295	31343	251	83.0	0.3307	0.2754	0.391
Embeddings	3	39295	78197	54074	256	105.0	0.4102	0.3517	0.4713
Embeddings	4	78197	477821	149672	259	94.0	0.3629	0.3068	0.4231
Hybrid	1	1424	23124	16506	256	86.5	0.3379	0.2827	0.3978
Hybrid	2	23124	39295	31343	251	80.5	0.3207	0.2661	0.3808
Hybrid	3	39295	78197	54074	256	92.5	0.3613	0.3049	0.4218
Hybrid	4	78197	477821	149672	259	91.5	0.3533	0.2976	0.4133
Word overlap	1	1424	23124	16506	256	75.75	0.2959	0.2433	0.3545
Word overlap	2	23124	39295	31343	251	85.20833333333333	0.3395	0.2837	0.4001
Word overlap	3	39295	78197	54074	256	84.75	0.3311	0.2763	0.3908
Word overlap	4	78197	477821	149672	259	88.40277777777777	0.3413	0.2863	0.401
GLM-5.3 Flash	1	1424	23124	16506	256	241.33333333333334	0.9427	0.9072	0.9652
GLM-5.3 Flash	2	23124	39295	31343	251	248.0	0.988	0.9655	0.9959
GLM-5.3 Flash	3	39295	78197	54074	256	248.0	0.9688	0.9396	0.9841
GLM-5.3 Flash	4	78197	477821	149672	259	253.0	0.9768	0.9504	0.9893
Laya	1	1424	23124	16506	256	75.0	0.293	0.2406	0.3515
Laya	2	23124	39295	31343	251	80.0	0.3187	0.2642	0.3787
Laya	3	39295	78197	54074	256	95.0	0.3711	0.3142	0.4318
Laya	4	78197	477821	149672	259	99.0	0.3822	0.3252	0.4427
Jev	1	1424	23124	16506	256	133.0	0.5195	0.4585	0.58
Jev	2	23124	39295	31343	251	163.5	0.6514	0.5906	0.7077
Jev	3	39295	78197	54074	256	183.5	0.7168	0.6587	0.7685
Jev	4	78197	477821	149672	259	186.0	0.7181	0.6605	0.7694
