system	songs	exact	exact_accuracy	lo	hi	true_singers	said_yes	recall	false_yes
BM25	26	0	0.0	0.0	0.1287	42	0	0.0	0
Embeddings	26	0	0.0	0.0	0.1287	42	6	0.1429	4
Hybrid	26	0	0.0	0.0	0.1287	42	0	0.0	0
Word overlap	26	0	0.0	0.0	0.1287	42	0	0.0	0
GLM-5.3 Flash	26	19	0.7308	0.5392	0.863	42	39	0.9286	5
Laya	26	0	0.0	0.0	0.1287	42	0	0.0	1
Jev	26	10	0.3846	0.2243	0.5747	42	18	0.4286	1
Kev 4B	26	13	0.5	0.3206	0.6794	42	35	0.8333	13
Liquid d1	26	7	0.2692	0.137	0.4608	42	21	0.5	16
Nimble 9B	26	11	0.4231	0.2554	0.6105	42	36	0.8571	15
