song	gold	memory	glued	apart	apart_right	correct	grounded	wrong_output	wrong_correct	wrong_grounded
Because	Lennon	Lennon	Lennon	Lennon	true	true	true	Lead vocals on Because: McCartney.	false	false
Carry That Weight	McCartney	Lennon+McCartney	McCartney	McCartney	true	true	true	Lead vocals on Carry That Weight: Harrison.	false	false
Come Together	Lennon	Lennon	Lennon	Lennon	true	true	true	Lead vocals on Come Together: Starr.	false	false
The End	McCartney	McCartney+Starr	McCartney	McCartney	true	true	true	Lead vocals on The End: Lennon.	false	false
Golden Slumbers	McCartney	McCartney+Starr	McCartney	McCartney	true	true	true	Lead vocals on Golden Slumbers: Harrison.	false	false
Her Majesty	McCartney	McCartney+Harrison	McCartney	McCartney	true	true	true	Lead vocals on Her Majesty: Starr.	false	false
Here Comes the Sun	Harrison	Harrison	Harrison	Harrison	true	true	true	Lead vocals on Here Comes the Sun: Lennon.	false	false
I Want You (She's So Heavy)	Lennon	Lennon+McCartney	Lennon	Lennon	true	true	true	Lead vocals on I Want You (She's So Heavy): Harrison.	false	false
Maxwell's Silver Hammer	McCartney	McCartney	McCartney	McCartney	true	true	true	Lead vocals on Maxwell's Silver Hammer: Starr.	false	false
Mean Mr. Mustard	Lennon	Lennon+McCartney+Starr	Lennon	Lennon	true	true	true	Lead vocals on Mean Mr. Mustard: McCartney.	false	false
Octopus's Garden	Starr	McCartney+Harrison+Starr	Starr	Starr	true	true	true	Lead vocals on Octopus's Garden: McCartney.	false	false
Oh! Darling	McCartney	McCartney	McCartney	McCartney	true	true	true	Lead vocals on Oh! Darling: Starr.	false	false
Polythene Pam	Lennon	McCartney	Lennon	Lennon	true	true	true	Lead vocals on Polythene Pam: McCartney.	false	false
She Came In Through the Bathroom Window	McCartney	Lennon+McCartney	McCartney	McCartney	true	true	true	Lead vocals on She Came In Through the Bathroom Window: Harrison.	false	false
Something	Harrison	Harrison+Starr	Harrison	Harrison	true	true	true	Lead vocals on Something: Starr.	false	false
Sun King	Lennon	Lennon+Harrison+Starr	Lennon	Lennon	true	true	true	Lead vocals on Sun King: McCartney.	false	false
You Never Give Me Your Money	McCartney	Lennon+McCartney	McCartney	McCartney	true	true	true	Lead vocals on You Never Give Me Your Money: Harrison.	false	false
Goodbye	McCartney	McCartney+Starr	McCartney	McCartney	true	true	true	Lead vocals on Goodbye: Starr.	false	false
