file	license_code	license	author	link	date
12 Rosariazo Saldi.jpg	pd	Public domain	Carlos Saldi	https://commons.wikimedia.org/wiki/File:12_Rosariazo_Saldi.jpg	1969
15-07-20-Plaza-de-las-tres-Culturas-RalfR-N3S 9336.jpg		GFDL 1.2	Ralf Roletschek	https://commons.wikimedia.org/wiki/File:15-07-20-Plaza-de-las-tres-Culturas-RalfR-N3S_9336.jpg	2015-07-20
15B 1970-11-12 0956Z.png	pd	Public domain	NOAA	https://commons.wikimedia.org/wiki/File:15B_1970-11-12_0956Z.png	2013-03-23
1963 Skopje earthquake.png	cc-by-sa-3.0	CC BY-SA 3.0	David Liuzzo, Orlovic	https://commons.wikimedia.org/wiki/File:1963_Skopje_earthquake.png	2008
1963-Schöneberg.jpg	cc-by-sa-3.0-de	CC BY-SA 3.0 de	FkMohr	https://commons.wikimedia.org/wiki/File:1963-Sch%C3%B6neberg.jpg	Taken on 2
1964 Brinks Hotel bombing.JPG	pd	Public domain	US Air Force	https://commons.wikimedia.org/wiki/File:1964_Brinks_Hotel_bombing.JPG	1964-12-24
1965 Eurovision Song Contest - France Gall.jpg	pd	Public domain	Keystone-France / Gamma-Keystone	https://commons.wikimedia.org/wiki/File:1965_Eurovision_Song_Contest_-_France_Gall.jpg	1965-03-20
1965 Inauguration of President Lyndon Johnson.jpg	cc-by-2.0	CC BY 2.0	Old Guard Museum	https://commons.wikimedia.org/wiki/File:1965_Inauguration_of_President_Lyndon_Johnson.jpg	1965-01-20
1965-01 1964年 首次原子弹爆炸3.jpg	pd	Public domain	《人民画报》	https://commons.wikimedia.org/wiki/File:1965-01_1964%E5%B9%B4_%E9%A6%96%E6%AC%A1%E5%8E%9F%E5%AD%90%E5%BC%B9%E7%88%86%E7%82%B83.jpg	1965-01-31
1967 Six Day War - The Jordan salient.jpg	pd	Public domain		https://commons.wikimedia.org/wiki/File:1967_Six_Day_War_-_The_Jordan_salient.jpg	
1967-02 1967年的红卫兵.jpg	pd	Public domain	《人民画报》	https://commons.wikimedia.org/wiki/File:1967-02_1967%E5%B9%B4%E7%9A%84%E7%BA%A2%E5%8D%AB%E5%85%B5.jpg	1967-02-28
1967-08 1967年 香港电车工人罢工.jpg	pd	Public domain	《人民画报》	https://commons.wikimedia.org/wiki/File:1967-08_1967%E5%B9%B4_%E9%A6%99%E6%B8%AF%E7%94%B5%E8%BD%A6%E5%B7%A5%E4%BA%BA%E7%BD%A2%E5%B7%A5.jpg	1967-08-30
1968 DNC logo (1).jpg	pd	Public domain	Unknown author Unknown author	https://commons.wikimedia.org/wiki/File:1968_DNC_logo_(1).jpg	1968
19680810 20 Anti-War March.jpg	cc-by-2.0	CC BY 2.0	David Wilson	https://commons.wikimedia.org/wiki/File:19680810_20_Anti-War_March.jpg	Taken on 1
1969 Santa Barbara Oil Spill CA.jpg	pd	Public domain	USGS	https://commons.wikimedia.org/wiki/File:1969_Santa_Barbara_Oil_Spill_CA.jpg	1969
1980 CPA 5064.jpg	pd	Public domain	USSR Post	https://commons.wikimedia.org/wiki/File:1980_CPA_5064.jpg	1980-03-18
23rd Congress of the Communist Party of the Soviet Union.jpg	pd	Public domain	Scanning Dmitry Makeev , scan date - 2020 year.	https://commons.wikimedia.org/wiki/File:23rd_Congress_of_the_Communist_Party_of_the_Soviet_Union.jpg	1966
A copy of Treaty on Basic Relations between Japan and the Republic of Korea.jpg	cc0	CC0	Motoko C. K.	https://commons.wikimedia.org/wiki/File:A_copy_of_Treaty_on_Basic_Relations_between_Japan_and_the_Republic_of_Korea.jpg	2016-04-15
A-4C Skyhawks of VA-146 fly past USS Kearsarge (CVS-33) in the South China Sea on 12 August 1964 (USN 1107965).jpg	pd	Public domain	USN	https://commons.wikimedia.org/wiki/File:A-4C_Skyhawks_of_VA-146_fly_past_USS_Kearsarge_(CVS-33)_in_the_South_China_Sea_on_12_August_1964_(USN_1107965).jpg	1964-08-12
A370397.jpg	pd	Public domain	DEFENSE DEPT PHOTO (MARINE CORPS) A370397	https://commons.wikimedia.org/wiki/File:A370397.jpg	1967-09-07
AJACCIO EXTERIEUR CHAPELLE CIMETIERE MARIN.jpg	cc-by-sa-4.0	CC BY-SA 4.0	LOUIS PAOLI	https://commons.wikimedia.org/wiki/File:AJACCIO_EXTERIEUR_CHAPELLE_CIMETIERE_MARIN.jpg	2017-07-05
Aberfan spoil heaps post disaster.tif	pd	Public domain	Unknown government photographer	https://commons.wikimedia.org/wiki/File:Aberfan_spoil_heaps_post_disaster.tif	1967
Accident ferroviaire de Tsurumi.jpg	pd	Public domain	Unknown author Unknown author	https://commons.wikimedia.org/wiki/File:Accident_ferroviaire_de_Tsurumi.jpg	1963-01-10
Accidente benavidez 3.jpg	pd	Public domain	Unknown author Unknown author	https://commons.wikimedia.org/wiki/File:Accidente_benavidez_3.jpg	1970
Aftermath of October 31, 1963 gas explosion at Indiana State Fairgrounds Coliseum.jpg	pd	Public domain	William H. Bass Photo Company, Indianapolis, Indiana	https://commons.wikimedia.org/wiki/File:Aftermath_of_October_31,_1963_gas_explosion_at_Indiana_State_Fairgrounds_Coliseum.jpg	1963-11
Agena Firing - GPN-2000-001355.jpg	pd	Public domain	NASA	https://commons.wikimedia.org/wiki/File:Agena_Firing_-_GPN-2000-001355.jpg	Taken on 1
Air Canada 621.png	cc-by-sa-4.0	CC BY-SA 4.0	ZACHEO777	https://commons.wikimedia.org/wiki/File:Air_Canada_621.png	2020-08-16
Air France Boeing 707-328 F-BHSM at Tokyo International Airport (HND, RJTT) - 6 May 1962.jpg	cc-by-sa-4.0	CC BY-SA 4.0	ヘキサゴンさん	https://commons.wikimedia.org/wiki/File:Air_France_Boeing_707-328_F-BHSM_at_Tokyo_International_Airport_(HND,_RJTT)_-_6_May_1962.jpg	1962-05-06
Air India Flight 101 VT-DMN crashsite.jpg	cc-by-sa-3.0	CC BY-SA 3.0	ETH-Bibliothek Zürich, Bildarchiv / Jules Vogt	https://commons.wikimedia.org/wiki/File:Air_India_Flight_101_VT-DMN_crashsite.jpg	1966-01-24
AlMarj041.JPG	pd	Public domain	(not mentioned)	https://commons.wikimedia.org/wiki/File:AlMarj041.JPG	1963-02-21
AlaskaQuake-FourthAve.jpg	pd	Public domain	U.S. Army	https://commons.wikimedia.org/wiki/File:AlaskaQuake-FourthAve.jpg	1964
Alcatraz & Angel Island (2875307468).jpg	cc-by-2.0	CC BY 2.0	Daniel Ramirez from Honolulu, USA	https://commons.wikimedia.org/wiki/File:Alcatraz_%26_Angel_Island_(2875307468).jpg	2008-08-26
Alluvione di Venezia del 1966.jpg	pd	Public domain	Unknown author Unknown author	https://commons.wikimedia.org/wiki/File:Alluvione_di_Venezia_del_1966.jpg	1966-11-04
Alouette 1.jpg	pd	Public domain	MONTE D. WRIGHT, Director, NASA History Office	https://commons.wikimedia.org/wiki/File:Alouette_1.jpg	1975-06
Ammunition Hill P1000932.JPG	cc-by-sa-3.0	CC BY-SA 3.0	deror_avi	https://commons.wikimedia.org/wiki/File:Ammunition_Hill_P1000932.JPG	2011-03-18
Apollo 1 Prime Crew - GPN-2000-001159.jpg	pd	Public domain	NASA	https://commons.wikimedia.org/wiki/File:Apollo_1_Prime_Crew_-_GPN-2000-001159.jpg	Taken on 1
Apollo 11 Crew.jpg	pd	Public domain	NASA	https://commons.wikimedia.org/wiki/File:Apollo_11_Crew.jpg	14 April 1
Apollo 12 crew.jpg	pd	Public domain	NASA	https://commons.wikimedia.org/wiki/File:Apollo_12_crew.jpg	1969-09-22
Apollo 13 Prime Crew.jpg	pd	Public domain	NASA	https://commons.wikimedia.org/wiki/File:Apollo_13_Prime_Crew.jpg	1970-04-29
Apollo 4 liftoff - GPN-2006-000038.jpg	pd	Public domain	NASA	https://commons.wikimedia.org/wiki/File:Apollo_4_liftoff_-_GPN-2006-000038.jpg	1967-11-09
Apollo 6 launch.jpg	pd	Public domain	NASA	https://commons.wikimedia.org/wiki/File:Apollo_6_launch.jpg	Taken on 4
Apollo 8 Crewmembers - GPN-2000-001125.jpg	pd	Public domain	NASA	https://commons.wikimedia.org/wiki/File:Apollo_8_Crewmembers_-_GPN-2000-001125.jpg	Taken on 2
Apollo9 Prime Crew.jpg	pd	Public domain	NASA	https://commons.wikimedia.org/wiki/File:Apollo9_Prime_Crew.jpg	Taken on 1
Argentina germania 1966.JPG	pd	Public domain	Unknown author Unknown author	https://commons.wikimedia.org/wiki/File:Argentina_germania_1966.JPG	1966-07-16
Ariana Afghan Airlines Boeing 727 Wallner-1.jpg		GFDL 1.2	Rolf Wallner	https://commons.wikimedia.org/wiki/File:Ariana_Afghan_Airlines_Boeing_727_Wallner-1.jpg	1998-02-04
Atlas of isoseismal maps of Italian earthquakes CNR - Inventario 158 - carta geografica relativa al terremoto di Belice 16 gennaio 1968.tiff	cc-by-sa-4.0	CC BY-SA 4.0	Biblioteca Centrale del Consiglio Nazionale delle Ricerche	https://commons.wikimedia.org/wiki/File:Atlas_of_isoseismal_maps_of_Italian_earthquakes_CNR_-_Inventario_158_-_carta_geografica_relativa_al_terremoto_di_Belice_16_gennaio_1968.tiff	1985
Aurora 7 launch.jpg	pd	Public domain		https://commons.wikimedia.org/wiki/File:Aurora_7_launch.jpg	
Australian $1 - original series - obverse.jpg	pd	Public domain	Reserve Bank of Australia	https://commons.wikimedia.org/wiki/File:Australian_$1_-_original_series_-_obverse.jpg	1968
Bahr El-Baqar Massacre (4).jpg	pd	Public domain	غير محدد	https://commons.wikimedia.org/wiki/File:Bahr_El-Baqar_Massacre_(4).jpg	1970-04-08
Ben Ngu bridge.jpg	cc-by-3.0	CC BY 3.0	Lưu Ly	https://commons.wikimedia.org/wiki/File:Ben_Ngu_bridge.jpg	2009-02-20
Biafra independent state map-en.svg	cc-by-sa-3.0	CC BY-SA 3.0	Eric Gaba ( Sting - fr:Sting )	https://commons.wikimedia.org/wiki/File:Biafra_independent_state_map-en.svg	September 
Bloody Sunday-Alabama police attack.jpeg	pd	Public domain	Federal Bureau of Investigation	https://commons.wikimedia.org/wiki/File:Bloody_Sunday-Alabama_police_attack.jpeg	Taken in M
Boeing 707-123B, American Airlines JP6848036.jpg		GFDL 1.2	Jon Proctor	https://commons.wikimedia.org/wiki/File:Boeing_707-123B,_American_Airlines_JP6848036.jpg	26 Decembe
Boeing 707-328, Air France AN1389580.jpg		GFDL 1.2	Michel Gilliand	https://commons.wikimedia.org/wiki/File:Boeing_707-328,_Air_France_AN1389580.jpg	September 
Boeing 707-328, Air France AN1389581.jpg		GFDL 1.2	Michel Gilliand	https://commons.wikimedia.org/wiki/File:Boeing_707-328,_Air_France_AN1389581.jpg	23 April 1
Boeing 707-331B, Trans World Airlines (TWA) JP6421175.jpg		GFDL 1.2	Jon Proctor	https://commons.wikimedia.org/wiki/File:Boeing_707-331B,_Trans_World_Airlines_(TWA)_JP6421175.jpg	21 August 
Boeing 707-436, British Overseas Airways Corporation (BOAC) JP5996892.jpg		GFDL 1.2	Jon Proctor	https://commons.wikimedia.org/wiki/File:Boeing_707-436,_British_Overseas_Airways_Corporation_(BOAC)_JP5996892.jpg	27 June 19
Boeing 727-81, All Nippon Airways (ANA) JP6862123.jpg		GFDL 1.2	Jon Proctor	https://commons.wikimedia.org/wiki/File:Boeing_727-81,_All_Nippon_Airways_(ANA)_JP6862123.jpg	4 March 19
Bombing in Vietnam.jpg	pd	Public domain	Lt.Col. Cecil J. Poss, USAF, in a McDonnell RF-101C Voodoo of the 20th Tactical Reconnaissance Squadron.	https://commons.wikimedia.org/wiki/File:Bombing_in_Vietnam.jpg	Taken on 1
Bristol 175 Britannia 102 G-ANBO BY RWY 29.08.65 edited-3.jpg	cc-by-3.0	CC BY 3.0	RuthAS	https://commons.wikimedia.org/wiki/File:Bristol_175_Britannia_102_G-ANBO_BY_RWY_29.08.65_edited-3.jpg	1965-08-29
British Aircraft Corporation BAC 1-11 Series 203AE, Braniff International Airways JP6839068.jpg		GFDL 1.2	Jon Proctor	https://commons.wikimedia.org/wiki/File:British_Aircraft_Corporation_BAC_1-11_Series_203AE,_Braniff_International_Airways_JP6839068.jpg	11 July 19
Bulletin de référendum.jpg	pd	Public domain	Imprimerie nationale	https://commons.wikimedia.org/wiki/File:Bulletin_de_r%C3%A9f%C3%A9rendum.jpg	2011-07-22
CAT01Blum02 elephantgrassLR.jpg	pd	Public domain	Roger Blum	https://commons.wikimedia.org/wiki/File:CAT01Blum02_elephantgrassLR.jpg	1966
CF-TJN DC-8-54CF Trans Canada Airlines LHR 04MAY63 (5577579471).jpg	cc-by-sa-3.0	CC BY-SA 3.0	Ken Fielding	https://commons.wikimedia.org/wiki/File:CF-TJN_DC-8-54CF_Trans_Canada_Airlines_LHR_04MAY63_(5577579471).jpg	1963-05-04
Canadian Pacific DC-8-43.jpg		GFDL 1.2	Ralf Manteufel	https://commons.wikimedia.org/wiki/File:Canadian_Pacific_DC-8-43.jpg	1964-07-29
Carte gabon.png	pd	Public domain	CIA	https://commons.wikimedia.org/wiki/File:Carte_gabon.png	27 March 2
Cb-map.png	pd	Public domain	United States Central Intelligence Agency	https://commons.wikimedia.org/wiki/File:Cb-map.png	2005-05-11
Chappaquiddick incident by UPI.jpg	pd	Public domain	United Press International	https://commons.wikimedia.org/wiki/File:Chappaquiddick_incident_by_UPI.jpg	1969-07-19
Charles Whitman (1963).jpg	pd	Public domain	University of Texas	https://commons.wikimedia.org/wiki/File:Charles_Whitman_(1963).jpg	circa 1963
China H-bomb 1967.jpg	pd	Public domain	Unknown author Unknown author	https://commons.wikimedia.org/wiki/File:China_H-bomb_1967.jpg	Taken on 1
Churchill's funeral 1965.jpg	pd	Public domain	Official photographer	https://commons.wikimedia.org/wiki/File:Churchill%27s_funeral_1965.jpg	1965-01-30
Civilrightsact1964.jpg	pd	Public domain	US Congress	https://commons.wikimedia.org/wiki/File:Civilrightsact1964.jpg	1964
Clark Welch Oct. 16.jpg	pd	Public domain	Dave Berry	https://commons.wikimedia.org/wiki/File:Clark_Welch_Oct._16.jpg	Taken on 1
Continental Airlines Flight 11 memorial Unionville, Missouri.jpg	cc-by-sa-3.0	CC BY-SA 3.0	09er	https://commons.wikimedia.org/wiki/File:Continental_Airlines_Flight_11_memorial_Unionville,_Missouri.jpg	2011-08-19
Corpse of Ngô Đình Diệm in the 1963 coup.jpg	pd	Public domain	Cited as being taken by an unnamed US official serving in Vietnam	https://commons.wikimedia.org/wiki/File:Corpse_of_Ng%C3%B4_%C4%90%C3%ACnh_Di%E1%BB%87m_in_the_1963_coup.jpg	1963-11-02
Datum.jpg	pd	Public domain	Pukyyy	https://commons.wikimedia.org/wiki/File:Datum.jpg	
Dawson field aircrafts blown up, Jordan, 12 September 1970.png	pd	Public domain	Jordanian press	https://commons.wikimedia.org/wiki/File:Dawson_field_aircrafts_blown_up,_Jordan,_12_September_1970.png	1970-09-12
Deckhouse V photograph - 1.jpg	pd	Public domain	USN	https://commons.wikimedia.org/wiki/File:Deckhouse_V_photograph_-_1.jpg	1967-01
Demonstrasi Yerevan, Armenia.jpg	cc-by-sa-4.0	CC BY-SA 4.0	Taufik Hadris	https://commons.wikimedia.org/wiki/File:Demonstrasi_Yerevan,_Armenia.jpg	1965-04-24
DongXoaiHuey-65a.JPG	pd	Public domain	Jack Grasmeder	https://commons.wikimedia.org/wiki/File:DongXoaiHuey-65a.JPG	1965
EI-AJI V808 Viscount Aer Lingus LHR 06MAR64 (5641088981).jpg	cc-by-sa-3.0	CC BY-SA 3.0	Ken Fielding	https://commons.wikimedia.org/wiki/File:EI-AJI_V808_Viscount_Aer_Lingus_LHR_06MAR64_(5641088981).jpg	1964-03-06
ESC 1965-66 Map.svg	pd	Public domain	AxG	https://commons.wikimedia.org/wiki/File:ESC_1965-66_Map.svg	2009-12-07
ESC 1967-68 Map.svg	pd	Public domain	AxG	https://commons.wikimedia.org/wiki/File:ESC_1967-68_Map.svg	
ESC 1968 Map.svg	pd	Public domain	Claas Augner	https://commons.wikimedia.org/wiki/File:ESC_1968_Map.svg	2008-10-18
ESC 1969 Map.svg	pd	Public domain	Claas Augner	https://commons.wikimedia.org/wiki/File:ESC_1969_Map.svg	2008-10-18
Ed White First American Spacewalker - GPN-2000-001180.jpg	pd	Public domain	NASA / James McDivitt	https://commons.wikimedia.org/wiki/File:Ed_White_First_American_Spacewalker_-_GPN-2000-001180.jpg	1965-06-03
ElectoralCollege1964.svg	pd	Public domain		https://commons.wikimedia.org/wiki/File:ElectoralCollege1964.svg	
ElectoralCollege1968.svg	pd	Public domain		https://commons.wikimedia.org/wiki/File:ElectoralCollege1968.svg	
Elvis-nixon.jpg	pd	Public domain	Ollie Atkins, chief White House photographer at the time. See ARC record.	https://commons.wikimedia.org/wiki/File:Elvis-nixon.jpg	1970-12-21
Enoch Powell 4 Allan Warren.jpg	cc-by-sa-3.0	CC BY-SA 3.0	Allan warren	https://commons.wikimedia.org/wiki/File:Enoch_Powell_4_Allan_Warren.jpg	
Euro 1964.png	cc-by-sa-3.0	CC BY-SA 3.0	Parutakupiu	https://commons.wikimedia.org/wiki/File:Euro_1964.png	2007-07-20
Eurovision Song Contest 1962 - Eleonore Schwarz 2 (colorized).jpg	cc-by-sa-3.0-nl	CC BY-SA 3.0 nl	Harry Pot for Anefo ), 1945-1989 - negatiefstroken zwart/wit, nummer toegang 2.24.01.05, bestanddeelnummer 913-6596	https://commons.wikimedia.org/wiki/File:Eurovision_Song_Contest_1962_-_Eleonore_Schwarz_2_(colorized).jpg	1962-03-18
F-BLCK B707-328B Air France JFK 09JUL70 (6052695172).jpg	cc-by-sa-3.0	CC BY-SA 3.0	Ken Fielding	https://commons.wikimedia.org/wiki/File:F-BLCK_B707-328B_Air_France_JFK_09JUL70_(6052695172).jpg	2011-08-17
FARC commanders during the Caguan peace talks (1998-2002).jpg	pd	Public domain	DEA Public Affairs	https://commons.wikimedia.org/wiki/File:FARC_commanders_during_the_Caguan_peace_talks_(1998-2002).jpg	2006-03-22
Farmington-Mine-Disaster-smoke.jpg	pd	Public domain	Unknown author Unknown author	https://commons.wikimedia.org/wiki/File:Farmington-Mine-Disaster-smoke.jpg	1968-11-20
Frontignan memorial 1962 a (cropped).jpg	cc-by-4.0	CC BY 4.0	Gnrc	https://commons.wikimedia.org/wiki/File:Frontignan_memorial_1962_a_(cropped).jpg	2015-03-19
G-ALHG Canadair C-4 Argon British Midland Aws LPL 10FEB65 (5562714000).jpg	cc-by-sa-3.0	CC BY-SA 3.0	Ken Fielding	https://commons.wikimedia.org/wiki/File:G-ALHG_Canadair_C-4_Argon_British_Midland_Aws_LPL_10FEB65_(5562714000).jpg	1965-02-10
G3C spacesuit Gemini 3.jpg	pd	Public domain	NASA	https://commons.wikimedia.org/wiki/File:G3C_spacesuit_Gemini_3.jpg	Taken on 2
Gemini 1.jpg	pd	Public domain	NASA	https://commons.wikimedia.org/wiki/File:Gemini_1.jpg	Taken on 8
Gemini 11 Agena.jpg	pd	Public domain	NASA	https://commons.wikimedia.org/wiki/File:Gemini_11_Agena.jpg	1966-09-14
Gemini 6 7.jpg	pd	Public domain	NASA	https://commons.wikimedia.org/wiki/File:Gemini_6_7.jpg	1965
Gemini 7 in orbit - GPN-2006-000035.jpg	pd	Public domain	NASA	https://commons.wikimedia.org/wiki/File:Gemini_7_in_orbit_-_GPN-2006-000035.jpg	Taken on 1
Gemini 8 docking.jpg	pd	Public domain	NASA	https://commons.wikimedia.org/wiki/File:Gemini_8_docking.jpg	Taken on 1
General Hafez al-Assad (1930-2000), the new president of Syria in November 1970.png	pd	Public domain	Not stated.	https://commons.wikimedia.org/wiki/File:General_Hafez_al-Assad_(1930-2000),_the_new_president_of_Syria_in_November_1970.png	1970-11
Glenn62.jpg	pd	Public domain	NASA	https://commons.wikimedia.org/wiki/File:Glenn62.jpg	Taken on 2
Gordon Cooper Jr. - cropped.jpg	pd	Public domain	NASA	https://commons.wikimedia.org/wiki/File:Gordon_Cooper_Jr._-_cropped.jpg	1963-02-25
Guèrra dei Sièis Jorns.png	cc-by-sa-3.0	CC BY-SA 3.0	Nicolas Eynaud	https://commons.wikimedia.org/wiki/File:Gu%C3%A8rra_dei_Si%C3%A8is_Jorns.png	2013-03-18
Hamburg Sturmflut 005.jpg	cc-by-sa-3.0	CC BY-SA 3.0	Gerhard Pietsch	https://commons.wikimedia.org/wiki/File:Hamburg_Sturmflut_005.jpg	1962
Heidi Game program.jpg	pd	Public domain	Scanned by a Hall of Fame employee (name available on serious request, trying to preserve privacy here)	https://commons.wikimedia.org/wiki/File:Heidi_Game_program.jpg	2011-08-15
Histórica chilenita de Honorino Landa contra Brasil en el mundial del 62.jpg	cc-by-sa-4.0	CC BY-SA 4.0	Natiarizbernales	https://commons.wikimedia.org/wiki/File:Hist%C3%B3rica_chilenita_de_Honorino_Landa_contra_Brasil_en_el_mundial_del_62.jpg	1962-08-08
Humanitarian G.I.'s. Firefight where G.I. pushes little kid under jeep for protection, Santo Domingo, May 5., 1965 - NARA - 541806 (cropped).jpg	pd	Public domain	Unknown author Unknown author or not provided	https://commons.wikimedia.org/wiki/File:Humanitarian_G.I.%27s._Firefight_where_G.I._pushes_little_kid_under_jeep_for_protection,_Santo_Domingo,_May_5.,_1965_-_NARA_-_541806_(cropped).jpg	5 May 1965
HuntingtonWV MUCrashMem.jpg	cc-by-sa-3.0	CC BY-SA 3.0		https://commons.wikimedia.org/wiki/File:HuntingtonWV_MUCrashMem.jpg	
Hurricane Camille 16 aug 1969 2340Z.jpg	pd	Public domain	NOAA / National Climatic Data Center	https://commons.wikimedia.org/wiki/File:Hurricane_Camille_16_aug_1969_2340Z.jpg	1969-08-16
ICCPR-members2.PNG	cc-by-sa-3.0	CC BY-SA 3.0	Dudeman5685	https://commons.wikimedia.org/wiki/File:ICCPR-members2.PNG	2013-05-27
Ia Drang Infantry disembarking from Helicopter.jpg	pd	Public domain	United States Army	https://commons.wikimedia.org/wiki/File:Ia_Drang_Infantry_disembarking_from_Helicopter.jpg	1965-11
IhaveadreamMarines.jpg	pd	Public domain	This photograph was made by Rowland Scherman at the March on Washington. The negatives are in the custody of the National Archives.	https://commons.wikimedia.org/wiki/File:IhaveadreamMarines.jpg	1963-08-28
Indian soldiers on patrol during the 1962 Sino-Indian border war.jpg	pd	Public domain	Unknown author Unknown author	https://commons.wikimedia.org/wiki/File:Indian_soldiers_on_patrol_during_the_1962_Sino-Indian_border_war.jpg	1962-01-01
Inezsep2919660127zRadarEye.jpg	pd	Public domain	ESSA, forerunner of NOAA	https://commons.wikimedia.org/wiki/File:Inezsep2919660127zRadarEye.jpg	1966-09-29
JAL flight 2 22-November-1968 (cropped).jpg	pd	Public domain	United States Coast Guard	https://commons.wikimedia.org/wiki/File:JAL_flight_2_22-November-1968_(cropped).jpg	1968-11-22
JFK Motorcade GettyImages-517330536.jpg	pd	Public domain	Walt Cisco, Dallas Morning News	https://commons.wikimedia.org/wiki/File:JFK_Motorcade_GettyImages-517330536.jpg	Taken on 2
JFK's family leaves Capitol after his funeral, 1963.jpg	pd	Public domain	Abbie Rowe	https://commons.wikimedia.org/wiki/File:JFK%27s_family_leaves_Capitol_after_his_funeral,_1963.jpg	Taken on 2
Japan Air Lines (JAL) Boeing 727-89 JA8315 at Fukuoka Airport (FUK, RJFF) - 31 August 1969.jpg	cc-by-sa-4.0	CC BY-SA 4.0	チャーリーマイクさん (Chikara Matsuno)	https://commons.wikimedia.org/wiki/File:Japan_Air_Lines_(JAL)_Boeing_727-89_JA8315_at_Fukuoka_Airport_(FUK,_RJFF)_-_31_August_1969.jpg	1969-08-31
John Carlos, Tommie Smith, Peter Norman 1968cr.jpg	pd	Public domain	Angelo Cozzi ( Mondadori Publishers )	https://commons.wikimedia.org/wiki/File:John_Carlos,_Tommie_Smith,_Peter_Norman_1968cr.jpg	1968-10-16
John F. Kennedy speaks at Rice University.jpg	pd	Public domain	Unknown author Unknown author	https://commons.wikimedia.org/wiki/File:John_F._Kennedy_speaks_at_Rice_University.jpg	Taken on 1
John Lennon en zijn echtgenote Yoko Ono op huwelijksreis in Amsterdam. John Lenn, Bestanddeelnr 922-2309.jpg	cc0	CC0	Eric Koch for Anefo	https://commons.wikimedia.org/wiki/File:John_Lennon_en_zijn_echtgenote_Yoko_Ono_op_huwelijksreis_in_Amsterdam._John_Lenn,_Bestanddeelnr_922-2309.jpg	1969-03-25
KLM L-1049C Constellation at Santa Maria (Azores).jpg	cc-by-2.0	CC BY 2.0	Greg and Cindy	https://commons.wikimedia.org/wiki/File:KLM_L-1049C_Constellation_at_Santa_Maria_(Azores).jpg	7 June 200
Kenny Heitz defending Rick Mount.png	pd	Public domain	Associated Students of the University of California at Los Angeles	https://commons.wikimedia.org/wiki/File:Kenny_Heitz_defending_Rick_Mount.png	1969
Kungsgatan 1967.jpg	pd	Public domain	Jan Collsiöö	https://commons.wikimedia.org/wiki/File:Kungsgatan_1967.jpg	1967-09-03
LS85 Phou Pha Thi.jpg	pd	Public domain	Jeannie Schiff	https://commons.wikimedia.org/wiki/File:LS85_Phou_Pha_Thi.jpg	Taken in M
Lockheed EC-121M with F-4B.jpg	pd	Public domain	USN	https://commons.wikimedia.org/wiki/File:Lockheed_EC-121M_with_F-4B.jpg	circa 1965
Luna 16 Space Probe 01.jpg	cc-by-4.0	CC BY 4.0	Stolbovsky	https://commons.wikimedia.org/wiki/File:Luna_16_Space_Probe_01.jpg	2022-05-05
Malcolm X bullet holes2.jpg	pd	Public domain	Stanley Wolfson, New York World-Telegram & Sun staff photographer.	https://commons.wikimedia.org/wiki/File:Malcolm_X_bullet_holes2.jpg	1965-02
Map Cambodian Incursion May 70 from USMA.jpg	pd	Public domain	U.S Army	https://commons.wikimedia.org/wiki/File:Map_Cambodian_Incursion_May_70_from_USMA.jpg	Unknown da
Map of Ap Bac.png	pd	Public domain	Department of the Army	https://commons.wikimedia.org/wiki/File:Map_of_Ap_Bac.png	1978
Marilyn Monroe crypt2.jpg	pd	Public domain	User:Oleg Alexandrov	https://commons.wikimedia.org/wiki/File:Marilyn_Monroe_crypt2.jpg	12 January
Mariner 3 and 4.jpg	pd	Public domain	NASA	https://commons.wikimedia.org/wiki/File:Mariner_3_and_4.jpg	1964-05-11
Martin Luther King Jr NYWTS.jpg	pd	Public domain	Dick DeMarsico	https://commons.wikimedia.org/wiki/File:Martin_Luther_King_Jr_NYWTS.jpg	1964
Massacre of Braybrook Street 002.jpg	cc-by-sa-3.0	CC BY-SA 3.0	A. O'Connor (contact AnemoneProjectors )	https://commons.wikimedia.org/wiki/File:Massacre_of_Braybrook_Street_002.jpg	Taken on 1
Mercury Astronaut Wally Schirra - GPN-2000-001351.jpg	pd	Public domain	NASA	https://commons.wikimedia.org/wiki/File:Mercury_Astronaut_Wally_Schirra_-_GPN-2000-001351.jpg	Taken on 1
Mikawashima train crash 01.jpg	pd	Public domain	Unknown author Unknown author	https://commons.wikimedia.org/wiki/File:Mikawashima_train_crash_01.jpg	1962-06-01
Milano - Piazza Fontana - Banca Nazionale dell'Agricoltura.jpg	cc-by-sa-4.0	CC BY-SA 4.0	Piero Montesacro	https://commons.wikimedia.org/wiki/File:Milano_-_Piazza_Fontana_-_Banca_Nazionale_dell%27Agricoltura.jpg	2007-12-12
Monument Cementiri d-arbucies.JPG	cc-by-sa-3.0	CC BY-SA 3.0	Edugg86	https://commons.wikimedia.org/wiki/File:Monument_Cementiri_d-arbucies.JPG	2010-04-24
Mozambican War of Independence.jpg	cc-by-4.0	CC BY 4.0	Unknown author Unknown author	https://commons.wikimedia.org/wiki/File:Mozambican_War_of_Independence.jpg	between 19
Muhammad Ali standing over Sonny Liston.jpg	pd	Public domain	John Rooney	https://commons.wikimedia.org/wiki/File:Muhammad_Ali_standing_over_Sonny_Liston.jpg	Taken on 2
Muhammad Ali vs. Sonny Liston I AP.jpg	pd	Public domain	Associated Press	https://commons.wikimedia.org/wiki/File:Muhammad_Ali_vs._Sonny_Liston_I_AP.jpg	25 Februar
My Lai massacre.jpg	pd	Public domain	Ronald L. Haeberle	https://commons.wikimedia.org/wiki/File:My_Lai_massacre.jpg	1968-03-16
NARA photo 111-CCV-634-CC44225.jpg	pd	Public domain	NARA photo 111-CCV-634-CC44225 by SSG Alfred Batungbacal	https://commons.wikimedia.org/wiki/File:NARA_photo_111-CCV-634-CC44225.jpg	1967-11-22
NPT parties.svg	cc-by-sa-3.0	CC BY-SA 3.0	File:NPT Participation.svg : Allstar86 , L.tak , Danlaycock derivative work: Danlaycock	https://commons.wikimedia.org/wiki/File:NPT_parties.svg	2014-02-11
Nasser Qaddafi Atassi 1969.jpg	pd	Public domain	Unknown author Unknown author	https://commons.wikimedia.org/wiki/File:Nasser_Qaddafi_Atassi_1969.jpg	end of 196
Nissan Cedric Custom H31.jpg	cc-by-sa-3.0	CC BY-SA 3.0	Mi-ta'smetro	https://commons.wikimedia.org/wiki/File:Nissan_Cedric_Custom_H31.jpg	2007-04-28
North Yemen Civil War.jpg	pd	Public domain		https://commons.wikimedia.org/wiki/File:North_Yemen_Civil_War.jpg	
Olympics rings (1913-1986).svg	pd	Public domain	Original author: Pierre de Coubertin (1863-1937)	https://commons.wikimedia.org/wiki/File:Olympics_rings_(1913-1986).svg	
Oman-map.png	pd	Public domain		https://commons.wikimedia.org/wiki/File:Oman-map.png	
Operation Cedar Falls map.jpg	pd	Public domain	Department of the Army	https://commons.wikimedia.org/wiki/File:Operation_Cedar_Falls_map.jpg	2012-12-16
Opruimen van treinravage bij Woerden Wagons bedekt met zeilen, Bestanddeelnr 913-3831.jpg	cc0	CC0	Harry Pot for Anefo	https://commons.wikimedia.org/wiki/File:Opruimen_van_treinravage_bij_Woerden_Wagons_bedekt_met_zeilen,_Bestanddeelnr_913-3831.jpg	1962-01-09
Orangeburg Massacre Times and Democrat February 9 1968 Dozier MobleyA.jpg	pd	Public domain	Photographer Dozier Mobley (1933-2009)	https://commons.wikimedia.org/wiki/File:Orangeburg_Massacre_Times_and_Democrat_February_9_1968_Dozier_MobleyA.jpg	1968-02-09
Osaka Expo'70 Korean Pavilion.jpg	cc-by-sa-2.0	CC BY-SA 2.0	takato marui	https://commons.wikimedia.org/wiki/File:Osaka_Expo%2770_Korean_Pavilion.jpg	2007-08-22
Oswaldo López Arellano 1972.png	pd	Public domain	Camera Press	https://commons.wikimedia.org/wiki/File:Oswaldo_L%C3%B3pez_Arellano_1972.png	1972-04-10
Outer Space Treaty-SVG.svg	pd	Public domain	WillemBK ( talk )	https://commons.wikimedia.org/wiki/File:Outer_Space_Treaty-SVG.svg	2020-05-16
Pacific Air Lines Fairchild F-27A Proctor-1.jpg		GFDL 1.2	Jon Proctor	https://commons.wikimedia.org/wiki/File:Pacific_Air_Lines_Fairchild_F-27A_Proctor-1.jpg	1962-12-29
Pagoda at Kent State.jpg	cc-by-sa-3.0	CC BY-SA 3.0	Lechatsavant	https://commons.wikimedia.org/wiki/File:Pagoda_at_Kent_State.jpg	2013-10-01
Pahlavi family coronation (cropped).jpg	pd	Public domain	Unknown author Unknown author	https://commons.wikimedia.org/wiki/File:Pahlavi_family_coronation_(cropped).jpg	Taken on 2
Palomares H-Bomb Incident.jpg	pd	Public domain	U.S. Navy, Courtesy of the Natural Resources Defense Council	https://commons.wikimedia.org/wiki/File:Palomares_H-Bomb_Incident.jpg	1966
Pan Am Flight 214 Crash Site.jpg	cc-by-sa-4.0	CC BY-SA 4.0	Bluesnote	https://commons.wikimedia.org/wiki/File:Pan_Am_Flight_214_Crash_Site.jpg	2022-01-05
Pele celebrating 1970.jpg	pd	Public domain	Unknown - Distributed by the Associated Press	https://commons.wikimedia.org/wiki/File:Pele_celebrating_1970.jpg	1970-06-21
Piedmont Airlines Flight 22 crash site.jpg	pd	Public domain	FAA	https://commons.wikimedia.org/wiki/File:Piedmont_Airlines_Flight_22_crash_site.jpg	Taken on 1
Praga 11.jpg	cc-by-sa-3.0	CC BY-SA 3.0	Engramma.it	https://commons.wikimedia.org/wiki/File:Praga_11.jpg	1968
Puerta12 cadaveres.jpg	pd	Public domain	Unknown author Unknown author	https://commons.wikimedia.org/wiki/File:Puerta12_cadaveres.jpg	1968-06-23
Puertaestadionacional.jpg	cc-by-sa-3.0	CC BY-SA 3.0		https://commons.wikimedia.org/wiki/File:Puertaestadionacional.jpg	
RIAN archive 612748 Valentina Tereshkova.jpg	cc-by-sa-3.0	CC BY-SA 3.0	Alexander Mokletsov / Александр Моклецов	https://commons.wikimedia.org/wiki/File:RIAN_archive_612748_Valentina_Tereshkova.jpg	1969
Rolling Stones at Altamont 1969.jpg	pd	Public domain	Associated Press	https://commons.wikimedia.org/wiki/File:Rolling_Stones_at_Altamont_1969.jpg	Taken on D
S65-45753.jpg	pd	Public domain	NASA	https://commons.wikimedia.org/wiki/File:S65-45753.jpg	Taken on 2
S66-63536.jpg	pd	Public domain	NASA/Jim Lovell	https://commons.wikimedia.org/wiki/File:S66-63536.jpg	Taken on 1
SH-3A Sea King hovers over the damaged USS Liberty (AGTR-5) on 8 June 1967 (USN 1123118).jpg	pd	Public domain	Unknown author Unknown author	https://commons.wikimedia.org/wiki/File:SH-3A_Sea_King_hovers_over_the_damaged_USS_Liberty_(AGTR-5)_on_8_June_1967_(USN_1123118).jpg	8 June 196
SWAPO and SA operations 1978-1980, Angola civil war es.png	cc-by-sa-2.5	CC BY-SA 2.5	No machine-readable author provided. Ceresnet assumed (based on copyright claims).	https://commons.wikimedia.org/wiki/File:SWAPO_and_SA_operations_1978-1980,_Angola_civil_war_es.png	6 February
Santa Maria a Ripa 1966.jpg	pd	Public domain	Unknown author Unknown author	https://commons.wikimedia.org/wiki/File:Santa_Maria_a_Ripa_1966.jpg	14 October
Scott 1371, Apollo 8.jpg	pd	Public domain	United States Post Office Department	https://commons.wikimedia.org/wiki/File:Scott_1371,_Apollo_8.jpg	1969-05-05
Searching Cheviot Beach.jpg	pd	Public domain	National Archives of Australia	https://commons.wikimedia.org/wiki/File:Searching_Cheviot_Beach.jpg	Taken on 1
Second Vatican Council by Lothar Wolleh 007.jpg	cc-by-sa-3.0	CC BY-SA 3.0	Lothar Wolleh	https://commons.wikimedia.org/wiki/File:Second_Vatican_Council_by_Lothar_Wolleh_007.jpg	2012-06-03
Snow blizzard 1967.jpg	cc-by-sa-4.0	CC BY-SA 4.0	@19Photographer76	https://commons.wikimedia.org/wiki/File:Snow_blizzard_1967.jpg	Taken on J
SonTayPrisonCamp.jpg	pd	Public domain	US military recon aircraft photo	https://commons.wikimedia.org/wiki/File:SonTayPrisonCamp.jpg	late 1970 
South Belfast 1981.jpg	pd	Public domain	en:User:Jeanne boleyn	https://commons.wikimedia.org/wiki/File:South_Belfast_1981.jpg	
Soviet-R-12-nuclear-ballistic missile.jpg	pd	Public domain	Central Intelligence Agency	https://commons.wikimedia.org/wiki/File:Soviet-R-12-nuclear-ballistic_missile.jpg	1965-05-01
Soyuz 5 (portrait).jpg	pd	Public domain	Unknown author Unknown author	https://commons.wikimedia.org/wiki/File:Soyuz_5_(portrait).jpg	1969
Soyuz45-1.jpg	cc-by-sa-3.0	CC BY-SA 3.0	Lunokhod 2	https://commons.wikimedia.org/wiki/File:Soyuz45-1.jpg	2014-01-27
Statue of Christ at Cemetery Hill overlooking old Yungay.jpg	pd	Public domain	U.S. Geological Survey	https://commons.wikimedia.org/wiki/File:Statue_of_Christ_at_Cemetery_Hill_overlooking_old_Yungay.jpg	1970
Stonewall Inn raid sign pride weekend 2016.jpg	cc-by-sa-4.0	CC BY-SA 4.0	Rhododendrites	https://commons.wikimedia.org/wiki/File:Stonewall_Inn_raid_sign_pride_weekend_2016.jpg	2016-06-25
Super Mystere Hatzerim 2901101.jpg	cc-by-sa-3.0	CC BY-SA 3.0	Oren Rozen	https://commons.wikimedia.org/wiki/File:Super_Mystere_Hatzerim_2901101.jpg	2010-01-29
Tet Offensive map.png	pd	Public domain	West Point	https://commons.wikimedia.org/wiki/File:Tet_Offensive_map.png	2012-11-30
The Actual Gemini 9 Prime Crew - GPN-2000-001353.jpg	pd	Public domain	NASA	https://commons.wikimedia.org/wiki/File:The_Actual_Gemini_9_Prime_Crew_-_GPN-2000-001353.jpg	Taken on 5
The Apollo 10 Prime Crew - GPN-2000-001163.jpg	pd	Public domain	NASA	https://commons.wikimedia.org/wiki/File:The_Apollo_10_Prime_Crew_-_GPN-2000-001163.jpg	Taken on 3
The Apollo 7 Prime Crew - GPN-2000-001160.jpg	pd	Public domain	NASA	https://commons.wikimedia.org/wiki/File:The_Apollo_7_Prime_Crew_-_GPN-2000-001160.jpg	1968-05-22
The Soviet Union 1964 CPA 3110 stamp (3-men Space Flight of Komarov, Yegorov and Feoktistov. Vladimir Komarov (1927-1967), a Soviet test pilot, aerospace engineer, and cosmonaut).jpg	pd	Public domain	Post of the Soviet Union ( Lesegri ).	https://commons.wikimedia.org/wiki/File:The_Soviet_Union_1964_CPA_3110_stamp_(3-men_Space_Flight_of_Komarov,_Yegorov_and_Feoktistov._Vladimir_Komarov_(1927-1967),_a_Soviet_test_pilot,_aerospace_engineer,_and_cosmonaut).jpg	1964-10-19
The Soviet Union 1970 CPA 3907 stamp (Cosmonauts Andriyan Nikolayev and Vitaly Sevastyanov, Soyuz 9).jpg	pd	Public domain	USSR Post	https://commons.wikimedia.org/wiki/File:The_Soviet_Union_1970_CPA_3907_stamp_(Cosmonauts_Andriyan_Nikolayev_and_Vitaly_Sevastyanov,_Soyuz_9).jpg	1970-07-07
The endpaper of the Vienna Convention on Road Signs and Signals.jpg	cc0	CC0	Yejianfei	https://commons.wikimedia.org/wiki/File:The_endpaper_of_the_Vienna_Convention_on_Road_Signs_and_Signals.jpg	2023-11-22
Thule AFB B-52 Crash Site.jpg	pd	Public domain	United States Air Force	https://commons.wikimedia.org/wiki/File:Thule_AFB_B-52_Crash_Site.jpg	1968-01
Tquad.jpg	pd	Public domain		https://commons.wikimedia.org/wiki/File:Tquad.jpg	
Train Robbers' Bridge.jpg	cc-by-sa-3.0	CC BY-SA 3.0	Spborthwick	https://commons.wikimedia.org/wiki/File:Train_Robbers%27_Bridge.jpg	2013-07-14
UEFA Euro 1968 Final - Italian captain Giacinto Facchetti with the trophy.jpg	pd	Public domain	Cesare Galimberti for OLYMPIA / OLYCOM	https://commons.wikimedia.org/wiki/File:UEFA_Euro_1968_Final_-_Italian_captain_Giacinto_Facchetti_with_the_trophy.jpg	Taken on 1
US 1 503rd paratrooper Operation Hump SVN November 1965.PNG	pd	Public domain	Unknown author Unknown author	https://commons.wikimedia.org/wiki/File:US_1_503rd_paratrooper_Operation_Hump_SVN_November_1965.PNG	1965-11
USS Enterprise (CVN-65) burning, stern view.jpg	pd	Public domain	U.S. Navy	https://commons.wikimedia.org/wiki/File:USS_Enterprise_(CVN-65)_burning,_stern_view.jpg	1969-01-14
United Airlines Flight 297. Wreckage.jpg	pd	Public domain	Federal Aviation Administration	https://commons.wikimedia.org/wiki/File:United_Airlines_Flight_297._Wreckage.jpg	1962-11-23
United Airlines N7030U wreckage2.jpg	pd	Public domain	FAA	https://commons.wikimedia.org/wiki/File:United_Airlines_N7030U_wreckage2.jpg	1965-11-11
Unused proposal for New Zealand Currency (9243555441).jpg	cc-by-sa-2.0	CC BY-SA 2.0	Archives New Zealand from New Zealand	https://commons.wikimedia.org/wiki/File:Unused_proposal_for_New_Zealand_Currency_(9243555441).jpg	2013-07-09
Voskhod 1 Crew Portrait.jpg	cc-by-sa-3.0	CC BY-SA 3.0	Montage : Erick Soares3 Komarov and Feoktistov: Alexander Mokletsov Yegorov: Unknown	https://commons.wikimedia.org/wiki/File:Voskhod_1_Crew_Portrait.jpg	2022-01-21
Wattsriots-burningbuildings-loc.jpg	pd	Public domain	New York World-Telegram	https://commons.wikimedia.org/wiki/File:Wattsriots-burningbuildings-loc.jpg	Taken in A
West Coast Airlines McDonnell Douglas DC-9 N9102.jpg	pd	Public domain	Eddie Coates	https://commons.wikimedia.org/wiki/File:West_Coast_Airlines_McDonnell_Douglas_DC-9_N9102.jpg	
West Grand Blvd at Rosa Parks (12th Street) 2008.jpg	cc-by-sa-3.0	CC BY-SA 3.0	Mike Russell	https://commons.wikimedia.org/wiki/File:West_Grand_Blvd_at_Rosa_Parks_(12th_Street)_2008.jpg	2008
WitchitaUniversityFootballTeamMemorial.jpg	cc-by-sa-3.0	CC BY-SA 3.0	Coryswife	https://commons.wikimedia.org/wiki/File:WitchitaUniversityFootballTeamMemorial.jpg	2010-08-26
Woodstock redmond crowd.JPG	cc-by-sa-3.0	CC BY-SA 3.0	Derek Redmond and Paul Campbell	https://commons.wikimedia.org/wiki/File:Woodstock_redmond_crowd.JPG	Taken on 1
Yemen Arab Republic Aviation Ilyushin Il-18 Groves.jpg		GFDL 1.2	Clinton Groves	https://commons.wikimedia.org/wiki/File:Yemen_Arab_Republic_Aviation_Ilyushin_Il-18_Groves.jpg	1974-06-07
Памятник А.С.Пушкину 01.JPG	cc-by-sa-4.0	CC BY-SA 4.0	Kemal KOZBAEV	https://commons.wikimedia.org/wiki/File:%D0%9F%D0%B0%D0%BC%D1%8F%D1%82%D0%BD%D0%B8%D0%BA_%D0%90.%D0%A1.%D0%9F%D1%83%D1%88%D0%BA%D0%B8%D0%BD%D1%83_01.JPG	2015-09-21
מבצע תשורה 3.jpg	cc-by-sa-4.0	CC BY-SA 4.0	משה לשם (אדלשטין)	https://commons.wikimedia.org/wiki/File:%D7%9E%D7%91%D7%A6%D7%A2_%D7%AA%D7%A9%D7%95%D7%A8%D7%94_3.jpg	2020-11-04
通海地震记事碑 - 2023-08-18.jpg	cc-by-sa-4.0	CC BY-SA 4.0	瑞丽江的河水	https://commons.wikimedia.org/wiki/File:%E9%80%9A%E6%B5%B7%E5%9C%B0%E9%9C%87%E8%AE%B0%E4%BA%8B%E7%A2%91_-_2023-08-18.jpg	2023-08-18
