title	revid
(You're So Square) Baby I Don't Care	1333328157
12-Bar Original	1369394959
1962	1375600210
1963	1374674108
1964	1375477976
1965	1374062884
1966	1375836068
1967	1376181541
1968	1371310387
1969	1375701612
1970	1375550578
1994	1376288268
1995	1376033393
1996	1376307115
2013	1373160550
A Day in the Life	1370458648
A Hard Day's Night (album)	1374863105
A Hard Day's Night (song)	1375351076
A Shot of Rhythm and Blues	1281273352
A Taste of Honey (song)	1364124409
Abbey Road	1375847418
Across the Universe	1373687907
Act Naturally	1364725163
Ain't She Sweet	1355241850
All I've Got to Do	1341987815
All My Loving	1353656160
All Things Must Pass (song)	1355562369
All Together Now (Beatles song)	1355563552
All You Need Is Love	1371147646
And I Love Her	1368196106
And Your Bird Can Sing	1372852935
Another Girl	1360126014
Anthology 1	1360926249
Anthology 2	1355230878
Anthology 3	1328686113
Anthology 4	1373793424
Any Time at All	1362951976
Ask Me Why	1374695128
Baby It's You	1369227458
Baby's in Black	1362515753
Baby, You're a Rich Man	1370075293
Back in the U.S.S.R.	1372953021
Bad Boy (Larry Williams song)	1367831560
Bad to Me	1368173144
Beatles for Sale	1374751117
Beautiful Dreamer	1372005074
Because (Beatles song)	1365460701
Being for the Benefit of Mr. Kite!	1358262197
Birthday (Beatles song)	1371148859
Blackbird (Beatles song)	1374099683
Blue Jay Way	1353659816
Blue Moon (1934 song)	1370363654
Boys (The Shirelles song)	1334829579
Bésame Mucho	1368066656
Can't Buy Me Love	1366664117
Carol (Chuck Berry song)	1343543373
Carry That Weight	1355469615
Cayenne (instrumental)	1355967490
Chains (Cookies song)	1368195578
Circles (George Harrison song)	1364882014
Clarabella (song)	1329520269
Come Together	1376019525
Come and Get It (Badfinger song)	1369857844
Cry Baby Cry	1296151399
Cry for a Shadow	1372513913
Crying, Waiting, Hoping	1372915197
Day Tripper	1371138781
Dear Prudence	1370203452
Dig It (Beatles song)	1375641839
Dig a Pony	1368194779
Do You Want to Know a Secret	1367974668
Doctor Robert	1356367861
Don't Bother Me	1371488587
Don't Ever Change (song)	1366210446
Don't Let Me Down (Beatles song)	1372833398
Don't Pass Me By	1368342040
Drive My Car (song)	1368280006
Eight Days a Week	1373228695
Eleanor Rigby	1372875447
Every Little Thing (Beatles song)	1372269236
Everybody's Got Something to Hide Except Me and My Monkey	1374806109
Everybody's Trying to Be My Baby	1368195214
Fixing a Hole	1338164390
Flying (Beatles instrumental)	1353669550
For No One	1353630197
For You Blue	1364043652
Free as a Bird	1371139768
From Me to You	1366969140
Get Back	1376019652
Getting Better	1357288404
Girl (Beatles song)	1363236776
Glad All Over (Carl Perkins song)	1253768520
Glass Onion (song)	1368888978
Golden Slumbers	1374302354
Good Day Sunshine	1331534482
Good Morning Good Morning	1362434292
Good Night (Beatles song)	1352060144
Goodbye (Mary Hopkin song)	1371152167
Got to Get You into My Life	1369871428
Happiness Is a Warm Gun	1369339284
Hello Little Girl	1355242536
Hello, Goodbye	1371622901
Help!	1374751375
Help! (song)	1374751634
Helter Skelter (song)	1375634440
Her Majesty (song)	1368525214
Here Comes the Sun	1374818385
Here, There and Everywhere	1343651482
Hey Bulldog	1374626068
Hey Jude	1374232556
Hold Me Tight	1374538034
Honey Don't	1374765553
Honey Pie	1355511168
How Do You Do It?	1371505156
I Am the Walrus	1375795328
I Call Your Name	1368754833
I Don't Want to Spoil the Party	1368195234
I Feel Fine	1367336803
I Forgot to Remember to Forget	1367776509
I Got a Woman	1375601004
I Got to Find My Baby	1338664799
I Just Don't Understand	1344549191
I Me Mine	1374037743
I Need You (Beatles song)	1361222963
I Saw Her Standing There	1373774128
I Should Have Known Better	1359302346
I Wanna Be Your Man	1372220015
I Want to Hold Your Hand	1375001298
I Want to Tell You	1369900767
I Will	1358722033
I'll Be Back (song)	1360130305
I'll Be on My Way	1234325767
I'll Cry Instead	1375356271
I'll Follow the Sun	1371074402
I'll Get You	1376177434
I'm Down	1353630924
I'm Happy Just to Dance with You	1370153416
I'm Looking Through You	1370668693
I'm Only Sleeping	1367960615
I'm So Tired	1350771748
I'm a Loser	1368195243
I'm in Love (Lennon–McCartney song)	1370285899
I've Got a Feeling	1363219986
I've Just Seen a Face	1368566507
If I Fell	1367229966
If I Needed Someone	1362242302
If You've Got Trouble	1345165982
In My Life	1368041917
In Spite of All the Danger	1363786966
It Won't Be Long	1370581116
It's All Too Much	1376097251
It's Only Love	1374883652
Johnny B. Goode	1371676813
Julia (Beatles song)	1369931400
Junk (song)	1371138691
Keep Your Hands off My Baby	1348538091
Komm, gib mir deine Hand / Sie liebt dich	1373312120
Lady Madonna	1371096588
Leave My Kitten Alone	1365386753
Lend Me Your Comb	1355242895
Let It Be (album)	1374037612
Let It Be (song)	1375333811
Like Dreamers Do	1355242211
List of songs recorded by the Beatles	1366837696
Little Child	1358613391
Little Girl	1286377137
Live at the BBC (Beatles album)	1371397453
Lonesome Tears in My Eyes	1333622601
Long Tall Sally	1369974487
Long, Long, Long	1338977933
Love Me Do	1375435543
Love You To	1366717969
Lovely Rita	1347628615
Lucille (Little Richard song)	1366343695
Lucy in the Sky with Diamonds	1372982803
Magical Mystery Tour	1375122696
Magical Mystery Tour (song)	1353694160
Martha My Dear	1355817277
Matchbox (song)	1367775023
Maxwell's Silver Hammer	1371697621
Mean Mr. Mustard	1368525316
Memphis, Tennessee (song)	1367241255
Michelle (song)	1374729769
Misery (Beatles song)	1335488830
Moonlight Bay	1370966502
Mother Nature's Son	1375343893
Mr. Moonlight (song)	1369692974
No Reply (song)	1348394791
Nobody's Child (Hank Snow song)	1350832967
Not Guilty (song)	1357310133
Not a Second Time	1369403582
Nothin' Shakin'	1194936283
Now and Then (Beatles song)	1376291888
Nowhere Man (song)	1366147073
Ob-La-Di, Ob-La-Da	1376119312
Octopus's Garden	1372890980
Oh! Darling	1375884655
Old Brown Shoe	1375657455
On Air – Live at the BBC Volume 2	1360851643
One After 909	1368490376
Only a Northern Song	1374388932
Ooh! My Soul	1304437646
P.S. I Love You (Beatles song)	1374286221
Paperback Writer	1371306155
Past Masters	1360199030
Penny Lane	1368698949
Piggies	1375778914
Please Mr. Postman	1367870413
Please Please Me	1376012395
Please Please Me (song)	1359154158
Polythene Pam	1372787540
Rain (Beatles song)	1374730793
Real Love (Beatles song)	1373521866
Revolution (Beatles song)	1374358252
Revolution 9	1375336785
Revolver (Beatles album)	1375997487
Rock and Roll Music (song)	1367247439
Rocky Raccoon	1373963151
Roll Over Beethoven	1368194998
Rubber Soul	1373254264
Run for Your Life (Beatles song)	1364246762
Savoy Truffle	1358723405
Searchin'	1369709809
Sexy Sadie	1350688559
Sgt. Pepper's Lonely Hearts Club Band	1375671752
Sgt. Pepper's Lonely Hearts Club Band (song)	1363091035
She Came In Through the Bathroom Window	1372905143
She Loves You	1363639274
She Said She Said	1370495689
She's Leaving Home	1375226849
She's a Woman	1352509734
Shout (Isley Brothers song)	1370684015
Slow Down (Larry Williams song)	1362921274
Soldier of Love (Lay Down Your Arms)	1333063982
Some Other Guy	1365257585
Something (Beatles song)	1372346428
Sour Milk Sea	1314384638
Strawberry Fields Forever	1374309770
Sun King (song)	1375687372
Sweet Georgia Brown	1369421815
Sweet Little Sixteen	1372163649
Taxman	1367671319
Teddy Boy (song)	1361563482
Tell Me What You See	1365375050
Tell Me Why (Beatles song)	1371722754
Thank You Girl	1369564280
That Means a Lot	1239563580
That'll Be the Day	1367253425
The Ballad of John and Yoko	1367253754
The Beatles (album)	1375512049
The Continuing Story of Bungalow Bill	1371441197
The End (Beatles song)	1366899909
The Fool on the Hill	1373031481
The Inner Light (song)	1313074838
The Long and Winding Road	1376246983
The Night Before (song)	1373029944
The Sheik of Araby	1375231359
The Word (song)	1330449131
There's a Place	1361355293
Things We Said Today	1374841243
Think for Yourself	1341108829
This Boy	1367970395
Three Cool Cats	1307469282
Ticket to Ride (song)	1375225921
Till There Was You	1373507378
Tomorrow Never Knows	1372482065
Too Much Monkey Business	1369022987
Twist and Shout	1370593565
Two of Us (Beatles song)	1366092887
Wait (Beatles song)	1304605466
Wake Up Little Susie	1338901200
We Can Work It Out	1374233401
What Goes On (Beatles song)	1355561983
What You're Doing	1348959192
What's the New Mary Jane	1355562396
When I Get Home	1328328917
When I'm Sixty-Four	1346283608
When the Saints Go Marching In	1374870478
While My Guitar Gently Weeps	1355561757
Why (Tony Sheridan song)	1316038024
Why Don't We Do It in the Road?	1363115889
Wild Honey Pie	1362865327
With a Little Help from My Friends	1372481281
With the Beatles	1367954066
Within You Without You	1375351489
Words of Love	1368722760
Yellow Submarine (album)	1348437252
Yellow Submarine (song)	1371135981
Yer Blues	1358722803
Yes It Is	1362082761
Yesterday (song)	1371392687
You Can't Do That	1368196091
You Know My Name (Look Up the Number)	1374814270
You Know What to Do	1316414450
You Like Me Too Much	1367573771
You Never Give Me Your Money	1374269402
You Won't See Me	1367264318
You'll Be Mine (Beatles song)	1355240668
You're Going to Lose That Girl	1364046607
You've Got to Hide Your Love Away	1347023086
Young Blood (The Coasters song)	1367263740
Your Mother Should Know	1376313750
