relation	famous_item	obscure_item
building_architect	Q12512	Q122328
building_architect	Q12512	Q7793
building_architect	Q189883	Q604631
building_architect	Q193369	Q388362
building_architect	Q193369	Q66724
building_architect	Q223079	Q122328
building_architect	Q44562	Q85897
building_architect	Q45178	Q64797517
building_architect	Q500983	Q119339
building_architect	Q54109	Q8078495
building_architect	Q5949	Q388362
building_architect	Q82425	Q72120
film_composer	Q103474	Q154331
film_composer	Q108297	Q349448
film_composer	Q14320	Q78652
film_composer	Q15624215	Q63987
film_composer	Q184605	Q450156
film_composer	Q184605	Q78652
film_composer	Q192686	Q553963
film_composer	Q208269	Q540389
film_composer	Q209481	Q154331
film_composer	Q209481	Q445096
film_composer	Q270470	Q742896
film_composer	Q736731	Q1356617
invention_inventor	Q1164091	Q94031
invention_inventor	Q15003	Q346015
invention_inventor	Q163889	Q105089
invention_inventor	Q214634	Q162900
invention_inventor	Q25504	Q1606934
invention_inventor	Q340600	Q1070737
invention_inventor	Q56218	Q505118
invention_inventor	Q642345	Q115650622
invention_inventor	Q7863	Q3085359
invention_inventor	Q903715	Q921502
song_writer	Q10856905	Q1437092
song_writer	Q132183467	Q16233428
song_writer	Q153202	Q3838932
song_writer	Q16028874	Q18217998
song_writer	Q163412	Q2026621
song_writer	Q17489280	Q6396645
song_writer	Q18786734	Q18351468
song_writer	Q379751	Q9002921
song_writer	Q550158	Q1322661
song_writer	Q835454	Q3079985
