article	image
16th Street Baptist Church bombing	
1962 Algerian independence referendum	Bulletin de référendum.jpg
1962 Asian Games	
1962 Bavarian state election	
1962 FIFA World Cup	Histórica chilenita de Honorino Landa contra Brasil en el mundial del 62.jpg
1962 NHRA Winternationals	
1963 Australian federal election	
1963 Camden PA-24 crash	
1963 Honduran coup d'état	Oswaldo López Arellano 1972.png
1963 Indiana State Fairgrounds Coliseum gas explosion	Aftermath of October 31, 1963 gas explosion at Indiana State Fairgrounds Coliseum.jpg
1963 Italian general election	
1963 Marj earthquake	AlMarj041.JPG
1963 Skopje earthquake	1963 Skopje earthquake.png
1963 South Vietnamese coup d'état	
1963 Togolese coup d'état	
1964 Alaska earthquake	AlaskaQuake-FourthAve.jpg
1964 Australian Senate election	
1964 Brinks Hotel bombing	1964 Brinks Hotel bombing.JPG
1964 European Nations' Cup	Euro 1964.png
1964 Gabonese coup d'état	Carte gabon.png
1964 Moscow protest	
1964 Philadelphia race riot	
1964 Summer Olympics	
1964 United Kingdom general election	
1964 United States presidential election	ElectoralCollege1964.svg
1964 Winter Olympics	
1964 race riots in Singapore	
1965 Durban rail accident	
1965 French presidential election	
1965 La Ligua earthquake	
1965 Moroccan riots	
1965 Yerevan demonstrations	Demonstrasi Yerevan, Armenia.jpg
1966 Australian census	
1966 Australian federal election	
1966 FIFA World Cup	Argentina germania 1966.JPG
1966 Jackson, Mississippi tornado	
1966 Kingston upon Hull North by-election	
1966 Liberal Party of Australia leadership election	
1966 Nigerian counter-coup	
1966 Nigerian coup d'état	
1966 Palomares accident	Palomares H-Bomb Incident.jpg
1966 Syrian coup d'état	
1966 Tashkent earthquake	
1966 United Kingdom general election	
1966 Upper Voltan coup d'état	
1966 Varto earthquake	
1966 Venice flood	Alluvione di Venezia del 1966.jpg
1966 Xingtai earthquakes	
1966 flood of the Arno	Santa Maria a Ripa 1966.jpg
1967 Australian Senate election	
1967 Australian referendum (Aboriginals)	
1967 Caracas earthquake	
1967 Chicago blizzard	Snow blizzard 1967.jpg
1967 Detroit riot	West Grand Blvd at Rosa Parks (12th Street) 2008.jpg
1967 Gibraltar sovereignty referendum	
1967 Hong Kong riots	1967-08 1967年 香港电车工人罢工.jpg
1967 Newark riots	
1967 Plainfield riots	
1968 Belice earthquake	Atlas of isoseismal maps of Italian earthquakes CNR - Inventario 158 - carta geografica relativa al terremoto di Belice 16 gennaio 1968.tiff
1968 Casiguran earthquake	
1968 Columbia University protests	
1968 Democratic National Convention	1968 DNC logo (1).jpg
1968 Democratic National Convention protests	19680810 20 Anti-War March.jpg
1968 Israeli raid on Beirut Airport	מבצע תשורה 3.jpg
1968 Italian general election	
1968 Liberal Party of Australia leadership election	
1968 Olympics Black Power salute	John Carlos, Tommie Smith, Peter Norman 1968cr.jpg
1968 Polish political crisis	
1968 Summer Olympics	
1968 Thule Air Base B-52 crash	Thule AFB B-52 Crash Site.jpg
1968 United States presidential election	ElectoralCollege1968.svg
1968 Winter Olympics	Olympics rings (1913-1986).svg
1969 Aswan Ilyushin Il-18 crash	Yemen Arab Republic Aviation Ilyushin Il-18 Groves.jpg
1969 Australian federal election	
1969 EC-121 shootdown incident	Lockheed EC-121M with F-4B.jpg
1969 French constitutional referendum	
1969 Japanese general election	
1969 Libyan revolution	Nasser Qaddafi Atassi 1969.jpg
1969 NCAA University Division basketball tournament	Kenny Heitz defending Rick Mount.png
1969 Portugal earthquake	
1969 Rhodesian constitutional referendum	
1969 Santa Barbara oil spill	1969 Santa Barbara Oil Spill CA.jpg
1969 USS Enterprise fire	USS Enterprise (CVN-65) burning, stern view.jpg
1969 West German federal election	
1969 World Series	
1969 Yangjiang earthquake	
1970 Ancash earthquake	Statue of Christ at Cemetery Hill overlooking old Yungay.jpg
1970 Australian Senate election	
1970 Bhola cyclone	15B 1970-11-12 0956Z.png
1970 Chilean presidential election	
1970 FIFA World Cup	Pele celebrating 1970.jpg
1970 Omani coup d'état	Oman-map.png
1970 Pakistani general election	
1970 Syrian coup d'etat	General Hafez al-Assad (1930-2000), the new president of Syria in November 1970.png
1970 Tonghai earthquake	通海地震记事碑 - 2023-08-18.jpg
23rd Congress of the Communist Party of the Soviet Union	23rd Congress of the Communist Party of the Soviet Union.jpg
30 September Movement	
300 million yen robbery	Nissan Cedric Custom H31.jpg
34th Academy Awards	
35th Academy Awards	
36th Academy Awards	
37th Academy Awards	
38th Academy Awards	
39th Academy Awards	
54th Grey Cup	
58th Grey Cup	
Aberfan disaster	Aberfan spoil heaps post disaster.tif
Aer Lingus Flight 712	EI-AJI V808 Viscount Aer Lingus LHR 06MAR64 (5641088981).jpg
Air Canada Flight 621	Air Canada 621.png
Air France Flight 007	Air France Boeing 707-328 F-BHSM at Tokyo International Airport (HND, RJTT) - 6 May 1962.jpg
Air France Flight 117	Boeing 707-328, Air France AN1389580.jpg
Air France Flight 1611	AJACCIO EXTERIEUR CHAPELLE CIMETIERE MARIN.jpg
Air France Flight 212 (1968)	F-BLCK B707-328B Air France JFK 09JUL70 (6052695172).jpg
Air France Flight 212 (1969)	Boeing 707-328, Air France AN1389581.jpg
Air India Flight 101	Air India Flight 101 VT-DMN crashsite.jpg
All Nippon Airways Flight 60	Boeing 727-81, All Nippon Airways (ANA) JP6862123.jpg
Allegheny Airlines Flight 853	
Alouette 1	Alouette 1.jpg
Alouette 2	
Altamont Free Concert	Rolling Stones at Altamont 1969.jpg
American Airlines Flight 1 (1962)	Boeing 707-123B, American Airlines JP6848036.jpg
Apollo 1	Apollo 1 Prime Crew - GPN-2000-001159.jpg
Apollo 10	The Apollo 10 Prime Crew - GPN-2000-001163.jpg
Apollo 11	Apollo 11 Crew.jpg
Apollo 12	Apollo 12 crew.jpg
Apollo 13	Apollo 13 Prime Crew.jpg
Apollo 4	Apollo 4 liftoff - GPN-2006-000038.jpg
Apollo 6	Apollo 6 launch.jpg
Apollo 7	The Apollo 7 Prime Crew - GPN-2000-001160.jpg
Apollo 8	Apollo 8 Crewmembers - GPN-2000-001125.jpg
Apollo 8 Genesis reading	Scott 1371, Apollo 8.jpg
Apollo 9	Apollo9 Prime Crew.jpg
Argentine Revolution	
Ariana Afghan Airlines Flight 701	Ariana Afghan Airlines Boeing 727 Wallner-1.jpg
Arrest and assassination of Ngo Dinh Diem	Corpse of Ngô Đình Diệm in the 1963 coup.jpg
Ash Wednesday Storm of 1962	
Assassination of John F. Kennedy	JFK Motorcade GettyImages-517330536.jpg
Assassination of Malcolm X	Malcolm X bullet holes2.jpg
Assassination of Martin Luther King Jr.	Martin Luther King Jr NYWTS.jpg
Assassination of Pedro Eugenio Aramburu	
Assassination of Robert F. Kennedy	
Attempted assassination of Leonid Brezhnev	
Australian dollar	Australian $1 - original series - obverse.jpg
BOAC Flight 911	Boeing 707-436, British Overseas Airways Corporation (BOAC) JP5996892.jpg
Bahr El-Baqar primary school bombing	Bahr El-Baqar Massacre (4).jpg
Battle of Ammunition Hill	Ammunition Hill P1000932.JPG
Battle of Ap Bac	Map of Ap Bac.png
Battle of Chawinda	
Battle of Dak To	NARA photo 111-CCV-634-CC44225.jpg
Battle of Dong-Yin	
Battle of Hamburger Hill	CAT01Blum02 elephantgrassLR.jpg
Battle of Ia Drang	Ia Drang Infantry disembarking from Helicopter.jpg
Battle of Khe Sanh	Tquad.jpg
Battle of Lima Site 85	LS85 Phou Pha Thi.jpg
Battle of Long Tan	
Battle of Ong Thanh	Clark Welch Oct. 16.jpg
Battle of Đồng Xoài	DongXoaiHuey-65a.JPG
Bed-in	John Lennon en zijn echtgenote Yoko Ono op huwelijksreis in Amsterdam. John Lenn, Bestanddeelnr 922-2309.jpg
Benavídez rail disaster	Accidente benavidez 3.jpg
Black and White Ball	
Bogle–Chandler case	
Braniff International Airways Flight 250	British Aircraft Corporation BAC 1-11 Series 203AE, Braniff International Airways JP6839068.jpg
Braniff International Airways Flight 352	
Britannia Airways Flight 105	Bristol 175 Britannia 102 G-ANBO BY RWY 29.08.65 edited-3.jpg
Bình Hòa massacre	
Bình Tai massacre	
Cambodian Civil War	Cb-map.png
Cambodian campaign	Map Cambodian Incursion May 70 from USMA.jpg
Canadian Pacific Air Lines Flight 402	Canadian Pacific DC-8-43.jpg
Canopus (nuclear test)	
Chappaquiddick incident	Chappaquiddick incident by UPI.jpg
Civil Rights Act of 1964	Civilrightsact1964.jpg
Club Cinq-Sept fire	
Cologne school massacre	
Colombian conflict	FARC commanders during the Caguan peace talks (1998-2002).jpg
Continental Airlines Flight 11	Continental Airlines Flight 11 memorial Unionville, Missouri.jpg
Cordobazo	
Coronation of Mohammad Reza Pahlavi	Pahlavi family coronation (cropped).jpg
Cuban Missile Crisis	Soviet-R-12-nuclear-ballistic missile.jpg
Cultural Revolution	1967-02 1967年的红卫兵.jpg
Dagen H	Kungsgatan 1967.jpg
Dan-Air Flight 1903	Monument Cementiri d-arbucies.JPG
Dawson's Field hijackings	Dawson field aircrafts blown up, Jordan, 12 September 1970.png
Death and state funeral of Winston Churchill	Churchill's funeral 1965.jpg
Death of Hsu Tsu-tsai	
Death of Marilyn Monroe	Marilyn Monroe crypt2.jpg
Declaration of Honolulu, 1966	
Disappearance of Harold Holt	Searching Cheviot Beach.jpg
Disappearance of the Beaumont children	
Division Street riots	
Dominican Civil War	Humanitarian G.I.'s. Firefight where G.I. pushes little kid under jeep for protection, Santo Domingo, May 5., 1965 - NARA - 541806 (cropped).jpg
Double Seven Day scuffle	
Estadio Nacional disaster	Puertaestadionacional.jpg
Eurovision Song Contest 1962	Eurovision Song Contest 1962 - Eleonore Schwarz 2 (colorized).jpg
Eurovision Song Contest 1963	
Eurovision Song Contest 1964	
Eurovision Song Contest 1965	1965 Eurovision Song Contest - France Gall.jpg
Eurovision Song Contest 1966	ESC 1965-66 Map.svg
Eurovision Song Contest 1967	ESC 1967-68 Map.svg
Eurovision Song Contest 1968	ESC 1968 Map.svg
Eurovision Song Contest 1969	ESC 1969 Map.svg
Expo '70	Osaka Expo'70 Korean Pavilion.jpg
Farmington Mine disaster	Farmington-Mine-Disaster-smoke.jpg
Flying Tiger Line Flight 739	KLM L-1049C Constellation at Santa Maria (Azores).jpg
Flying Tiger Line Flight 923	
Football War	
Freedom Summer	
Gemini 1	Gemini 1.jpg
Gemini 10	Agena Firing - GPN-2000-001355.jpg
Gemini 11	Gemini 11 Agena.jpg
Gemini 12	S66-63536.jpg
Gemini 3	G3C spacesuit Gemini 3.jpg
Gemini 4	Ed White First American Spacewalker - GPN-2000-001180.jpg
Gemini 5	S65-45753.jpg
Gemini 6A	Gemini 7 in orbit - GPN-2006-000035.jpg
Gemini 7	Gemini 6 7.jpg
Gemini 8	Gemini 8 docking.jpg
Gemini 9A	The Actual Gemini 9 Prime Crew - GPN-2000-001353.jpg
Glasnost meeting	Памятник А.С.Пушкину 01.JPG
Great Train Robbery (1963)	Train Robbers' Bridge.jpg
Greek junta	
Grenelle agreements	
Gulf of Tonkin Resolution	
Harlem riot of 1964	
Harmelen train disaster	Opruimen van treinravage bij Woerden Wagons bedekt met zeilen, Bestanddeelnr 913-3831.jpg
Heidi Game	Heidi Game program.jpg
Hurricane Camille	Hurricane Camille 16 aug 1969 2340Z.jpg
Hurricane Inez	Inezsep2919660127zRadarEye.jpg
Huế chemical attacks	Ben Ngu bridge.jpg
Hà My massacre	
I Have a Dream	IhaveadreamMarines.jpg
Ich bin ein Berliner	1963-Schöneberg.jpg
Indonesian mass killings of 1965–66	
International Covenant on Civil and Political Rights	ICCPR-members2.PNG
Jackson State killings	
January 1963 lunar eclipse	
Japan Air Lines Flight 2	JAL flight 2 22-November-1968 (cropped).jpg
Japan Air Lines Flight 351	Japan Air Lines (JAL) Boeing 727-89 JA8315 at Fukuoka Airport (FUK, RJFF) - 31 August 1969.jpg
Jordanian campaign (1967)	1967 Six Day War - The Jordan salient.jpg
Jornal Nacional	
June 1962 Alcatraz escape	Alcatraz & Angel Island (2875307468).jpg
Kent State shootings	Pagoda at Kent State.jpg
Killing of Peter Fechter	
King assassination riots	
La Noche de los Bastones Largos	
Langenweddingen level crossing disaster	
Loving v. Virginia	
Lubbock tornado	
Luna 16	Luna 16 Space Probe 01.jpg
March Against Fear	
March on Washington	IhaveadreamMarines.jpg
Mariner 3	Mariner 3 and 4.jpg
May 1966 lunar eclipse	
Mercury-Atlas 6	Glenn62.jpg
Mercury-Atlas 7	Aurora 7 launch.jpg
Mercury-Atlas 8	Mercury Astronaut Wally Schirra - GPN-2000-001351.jpg
Mercury-Atlas 9	Gordon Cooper Jr. - cropped.jpg
Mikawashima train crash	Mikawashima train crash 01.jpg
Miss Universe 1962	
Montreal Stock Exchange bombing	
Moratorium to End the War in Vietnam	
Mozambican War of Independence	Mozambican War of Independence.jpg
Muhammad Ali vs. Sonny Liston	Muhammad Ali standing over Sonny Liston.jpg
My Lai massacre	My Lai massacre.jpg
New York Agreement	
New Zealand dollar	Unused proposal for New Zealand Currency (9243555441).jpg
Nigerian Civil War	Biafra independent state map-en.svg
North Sea flood of 1962	Hamburg Sturmflut 005.jpg
North Yemen civil war	North Yemen Civil War.jpg
Northwest Orient Airlines Flight 705	
October 1967 lunar eclipse	
October Crisis	
Operation Banner	South Belfast 1981.jpg
Operation Cedar Falls	Operation Cedar Falls map.jpg
Operation Commando Hunt	
Operation Deckhouse Five	Deckhouse V photograph - 1.jpg
Operation Dwarka	
Operation Focus	Super Mystere Hatzerim 2901101.jpg
Operation Green Sea	
Operation Hump	US 1 503rd paratrooper Operation Hump SVN November 1965.PNG
Operation Ivory Coast	SonTayPrisonCamp.jpg
Operation Jefferson Glenn	
Operation Pierce Arrow	A-4C Skyhawks of VA-146 fly past USS Kearsarge (CVS-33) in the South China Sea on 12 August 1964 (USN 1107965).jpg
Operation Rolling Thunder	Bombing in Vietnam.jpg
Operation Swift	A370397.jpg
Orangeburg Massacre	Orangeburg Massacre Times and Democrat February 9 1968 Dozier MobleyA.jpg
Outer Space Treaty	Outer Space Treaty-SVG.svg
Pacific Air Lines Flight 773	Pacific Air Lines Fairchild F-27A Proctor-1.jpg
Pan Am Flight 214	Pan Am Flight 214 Crash Site.jpg
Pan Am Flight 281	
Partial Nuclear Test Ban Treaty	
Patent Cooperation Treaty	
Petit-Clamart attack	
Phong Nhị and Phong Nhất massacre	
Piazza Fontana bombing	Milano - Piazza Fontana - Banca Nazionale dell'Agricoltura.jpg
Piedmont Airlines Flight 22	Piedmont Airlines Flight 22 crash site.jpg
Project 596	1965-01 1964年 首次原子弹爆炸3.jpg
Project 639	China H-bomb 1967.jpg
Ras Sedr massacre	
Rhodesia's Unilateral Declaration of Independence	
Richmond, Indiana explosion	
Rivers of Blood speech	Enoch Powell 4 Allan Warren.jpg
Rodney riots	
Rosariazo	12 Rosariazo Saldi.jpg
Second Vatican Council	Second Vatican Council by Lothar Wolleh 007.jpg
Second inauguration of Lyndon B. Johnson	1965 Inauguration of President Lyndon Johnson.jpg
Selma to Montgomery marches	Bloody Sunday-Alabama police attack.jpeg
Shepherd's Bush murders	Massacre of Braybrook Street 002.jpg
Sino-Indian War	Indian soldiers on patrol during the 1962 Sino-Indian border war.jpg
Six-Day War	Guèrra dei Sièis Jorns.png
Solar eclipse of August 31, 1970	
Solar eclipse of February 5, 1962	
Solar eclipse of January 25, 1963	
Solar eclipse of July 31, 1962	
Solar eclipse of March 18, 1969	
Solar eclipse of May 9, 1967	
Solar eclipse of November 2, 1967	
Solar eclipse of September 11, 1969	
Sonny Liston vs. Cassius Clay	Muhammad Ali vs. Sonny Liston I AP.jpg
South African Airways Flight 228	
South African Border War	SWAPO and SA operations 1978-1980, Angola civil war es.png
Southern Airways Flight 932	HuntingtonWV MUCrashMem.jpg
Soyuz 1	The Soviet Union 1964 CPA 3110 stamp (3-men Space Flight of Komarov, Yegorov and Feoktistov. Vladimir Komarov (1927-1967), a Soviet test pilot, aerospace engineer, and cosmonaut).jpg
Soyuz 4	Soyuz45-1.jpg
Soyuz 5	Soyuz 5 (portrait).jpg
Soyuz 9	The Soviet Union 1970 CPA 3907 stamp (Cosmonauts Andriyan Nikolayev and Vitaly Sevastyanov, Soyuz 9).jpg
State funeral of John F. Kennedy	JFK's family leaves Capitol after his funeral, 1963.jpg
Stockport air disaster	G-ALHG Canadair C-4 Argon British Midland Aws LPL 10FEB65 (5562714000).jpg
Stonewall riots	Stonewall Inn raid sign pride weekend 2016.jpg
TABSO Flight 101	Datum.jpg
TWA Flight 840 (1969)	Boeing 707-331B, Trans World Airlines (TWA) JP6421175.jpg
Tashkent Declaration	
Tate–LaBianca murders	
Tet Offensive	Tet Offensive map.png
The Mother of All Demos	
The Tragedy of Gate 12	Puerta12 cadaveres.jpg
Tlatelolco massacre	15-07-20-Plaza-de-las-tres-Culturas-RalfR-N3S 9336.jpg
Trans-Canada Air Lines Flight 831	CF-TJN DC-8-54CF Trans Canada Airlines LHR 04MAY63 (5577579471).jpg
Treaty on Basic Relations Between Japan and the Republic of Korea	A copy of Treaty on Basic Relations between Japan and the Republic of Korea.jpg
Treaty on the Non-Proliferation of Nuclear Weapons	NPT parties.svg
Trois Glorieuses (1963)	
Tsurumi rail accident	Accident ferroviaire de Tsurumi.jpg
Typhoon Carmen (1965)	
UEFA Euro 1968	UEFA Euro 1968 Final - Italian captain Giacinto Facchetti with the trophy.jpg
UFOs of Pudasjärvi	
USS Liberty incident	SH-3A Sea King hovers over the damaged USS Liberty (AGTR-5) on 8 June 1967 (USN 1123118).jpg
United Air Lines Flight 227	United Airlines N7030U wreckage2.jpg
United Air Lines Flight 297	United Airlines Flight 297. Wreckage.jpg
University of Texas tower shooting	Charles Whitman (1963).jpg
Viasa Flight 742	
Vienna Convention on Road Signs and Signals	The endpaper of the Vienna Convention on Road Signs and Signals.jpg
Vive le Québec libre	
Voskhod 1	Voskhod 1 Crew Portrait.jpg
Voskhod 2	1980 CPA 5064.jpg
Vostok 6	RIAN archive 612748 Valentina Tereshkova.jpg
Warsaw Pact invasion of Czechoslovakia	Praga 11.jpg
Watts riots	Wattsriots-burningbuildings-loc.jpg
We choose to go to the Moon	John F. Kennedy speaks at Rice University.jpg
West Coast Airlines Flight 956	West Coast Airlines McDonnell Douglas DC-9 N9102.jpg
Wichita State University football team plane crash	WitchitaUniversityFootballTeamMemorial.jpg
Woodstock	Woodstock redmond crowd.JPG
Xá Lợi Pagoda raids	
Élysée Treaty	
Évian Accords	Frontignan memorial 1962 a (cropped).jpg
