song_article	property	other_article	other_item
1 (Beatles album)	P162	George Martin	Q191819
1 (Beatles album)	P162	Phil Spector	Q213793
12-Bar Original	P162	George Martin	Q191819
12-Bar Original	P483	Abbey Road Studios	Q209651
12-Bar Original	P86	John Lennon	Q1203
1962–1966	P162	George Martin	Q191819
1962–1966	P483	Abbey Road Studios	Q209651
1967–1970	P162	George Martin	Q191819
1967–1970	P162	Phil Spector	Q213793
1967–1970	P483	Abbey Road Studios	Q209651
20 Greatest Hits (Beatles album)	P162	Phil Spector	Q213793
4 by the Beatles	P162	George Martin	Q191819
A Beginning	P162	George Martin	Q191819
A Beginning	P86	George Martin	Q191819
A Collection of Beatles Oldies	P162	George Martin	Q191819
A Collection of Beatles Oldies	P483	Abbey Road Studios	Q209651
A Day in the Life	P86	John Lennon	Q1203
A Day in the Life	P86	Paul McCartney	Q2599
A Hard Day's Night (album)	P162	George Martin	Q191819
A Hard Day's Night (album)	P483	Abbey Road Studios	Q209651
A Hard Day's Night (song)	P86	John Lennon	Q1203
A Hard Day's Night (song)	P86	Paul McCartney	Q2599
A Taste of Honey (song)	P86	Bobby Scott (musician)	Q888666
Abbey Road	P138	Abbey Road, London	Q479469
Abbey Road	P162	George Martin	Q191819
Abbey Road	P483	Abbey Road Studios	Q209651
Abbey Road	P483	Olympic Studios	Q943742
Abbey Road	P483	Trident Studios	Q907523
Across the Universe	P86	John Lennon	Q1203
Across the Universe	P86	Paul McCartney	Q2599
Ain't She Sweet (album)	P162	Bert Kaempfert	Q506360
All I've Got to Do	P162	George Martin	Q191819
All I've Got to Do	P86	John Lennon	Q1203
All I've Got to Do	P86	Paul McCartney	Q2599
All My Loving	P86	John Lennon	Q1203
All My Loving	P86	Paul McCartney	Q2599
All My Loving (EP)	P162	George Martin	Q191819
All My Loving (EP)	P483	Abbey Road Studios	Q209651
All Together Now (Beatles song)	P86	John Lennon	Q1203
All Together Now (Beatles song)	P86	Paul McCartney	Q2599
All You Need Is Love	P162	George Martin	Q191819
All You Need Is Love	P86	John Lennon	Q1203
All You Need Is Love	P86	Paul McCartney	Q2599
And I Love Her	P86	John Lennon	Q1203
And I Love Her	P86	Paul McCartney	Q2599
And Your Bird Can Sing	P86	John Lennon	Q1203
And Your Bird Can Sing	P86	Paul McCartney	Q2599
Another Girl	P86	John Lennon	Q1203
Another Girl	P86	Paul McCartney	Q2599
Anthology 1	P162	George Martin	Q191819
Anthology 2	P162	George Martin	Q191819
Anthology 3	P162	George Martin	Q191819
Anthology 4	P162	George Martin	Q191819
Anthology 4	P162	Jeff Lynne	Q314358
Any Time at All	P162	George Martin	Q191819
Any Time at All	P86	John Lennon	Q1203
Any Time at All	P86	Paul McCartney	Q2599
Around the Beatles	P162	Jack Good (producer)	Q162092
Ask Me Why	P162	George Martin	Q191819
Ask Me Why	P86	John Lennon	Q1203
Ask Me Why	P86	Paul McCartney	Q2599
Baby's in Black	P86	John Lennon	Q1203
Baby's in Black	P86	Paul McCartney	Q2599
Baby, You're a Rich Man	P86	John Lennon	Q1203
Baby, You're a Rich Man	P86	Paul McCartney	Q2599
Back in the U.S.S.R.	P737	Back in the U.S.A.	Q3632610
Back in the U.S.S.R.	P86	John Lennon	Q1203
Back in the U.S.S.R.	P86	Paul McCartney	Q2599
Back in the U.S.S.R.	P921	Soviet Union	Q15180
Beatlemania! With the Beatles	P162	George Martin	Q191819
Beatles '65	P162	George Martin	Q191819
Beatles '65	P483	Abbey Road Studios	Q209651
Beatles VI	P162	George Martin	Q191819
Beatles VI	P483	Abbey Road Studios	Q209651
Beatles for Sale	P162	George Martin	Q191819
Beatles for Sale	P483	Abbey Road Studios	Q209651
Beatles for Sale (EP)	P162	George Martin	Q191819
Beatles for Sale (EP)	P483	Abbey Road Studios	Q209651
Beatles for Sale No. 2	P162	George Martin	Q191819
Beatles for Sale No. 2	P483	Abbey Road Studios	Q209651
Because (Beatles song)	P86	John Lennon	Q1203
Because (Beatles song)	P86	Paul McCartney	Q2599
Being for the Benefit of Mr. Kite!	P86	John Lennon	Q1203
Being for the Benefit of Mr. Kite!	P86	Paul McCartney	Q2599
Birthday (Beatles song)	P162	George Martin	Q191819
Birthday (Beatles song)	P86	John Lennon	Q1203
Birthday (Beatles song)	P86	Paul McCartney	Q2599
Blackbird (Beatles song)	P162	George Martin	Q191819
Blackbird (Beatles song)	P86	John Lennon	Q1203
Blackbird (Beatles song)	P86	Paul McCartney	Q2599
Blue Jay Way	P86	George Harrison	Q2643
Can't Buy Me Love	P162	George Martin	Q191819
Can't Buy Me Love	P86	John Lennon	Q1203
Can't Buy Me Love	P86	Paul McCartney	Q2599
Carnival of Light	P162	George Martin	Q191819
Carry That Weight	P86	John Lennon	Q1203
Carry That Weight	P86	Paul McCartney	Q2599
Cayenne (instrumental)	P86	Paul McCartney	Q2599
Christmas Time (Is Here Again)	P162	George Martin	Q191819
Christmas Time (Is Here Again)	P86	George Harrison	Q2643
Christmas Time (Is Here Again)	P86	John Lennon	Q1203
Christmas Time (Is Here Again)	P86	Paul McCartney	Q2599
Christmas Time (Is Here Again)	P86	Ringo Starr	Q2632
Come Together	P86	John Lennon	Q1203
Come Together	P86	Paul McCartney	Q2599
Commonwealth (song)	P86	Lennon–McCartney	Q239177
Cry Baby Cry	P162	George Martin	Q191819
Cry Baby Cry	P86	John Lennon	Q1203
Cry Baby Cry	P86	Paul McCartney	Q2599
Day Tripper	P86	John Lennon	Q1203
Day Tripper	P86	Paul McCartney	Q2599
Dear Prudence	P86	John Lennon	Q1203
Dear Prudence	P86	Paul McCartney	Q2599
Dear Prudence	P921	Prudence Farrow	Q7252957
Dig It (Beatles song)	P162	Phil Spector	Q213793
Dig It (Beatles song)	P86	George Harrison	Q2643
Dig It (Beatles song)	P86	John Lennon	Q1203
Dig It (Beatles song)	P86	Paul McCartney	Q2599
Dig It (Beatles song)	P86	Ringo Starr	Q2632
Dig a Pony	P162	Phil Spector	Q213793
Dig a Pony	P86	John Lennon	Q1203
Dig a Pony	P86	Paul McCartney	Q2599
Do You Want to Know a Secret	P86	John Lennon	Q1203
Do You Want to Know a Secret	P86	Paul McCartney	Q2599
Doctor Robert	P162	George Martin	Q191819
Doctor Robert	P86	John Lennon	Q1203
Doctor Robert	P86	Paul McCartney	Q2599
Don't Bother Me	P86	George Harrison	Q2643
Don't Let Me Down (Beatles song)	P86	John Lennon	Q1203
Don't Let Me Down (Beatles song)	P86	Paul McCartney	Q2599
Don't Pass Me By	P162	George Martin	Q191819
Don't Pass Me By	P483	Abbey Road Studios	Q209651
Don't Pass Me By	P86	Ringo Starr	Q2632
Drive My Car (song)	P86	John Lennon	Q1203
Drive My Car (song)	P86	Paul McCartney	Q2599
Eight Days a Week	P86	John Lennon	Q1203
Eight Days a Week	P86	Paul McCartney	Q2599
Eleanor Rigby	P138		Q118104317
Eleanor Rigby	P86	John Lennon	Q1203
Eleanor Rigby	P86	Paul McCartney	Q2599
Etcetera (song)	P86	Paul McCartney	Q2599
Every Little Thing (Beatles song)	P162	George Martin	Q191819
Every Little Thing (Beatles song)	P86	John Lennon	Q1203
Every Little Thing (Beatles song)	P86	Paul McCartney	Q2599
Everybody's Got Something to Hide Except Me and My Monkey	P162	George Martin	Q191819
Everybody's Got Something to Hide Except Me and My Monkey	P86	John Lennon	Q1203
Everybody's Got Something to Hide Except Me and My Monkey	P86	Paul McCartney	Q2599
Extracts from the Album A Hard Day's Night	P162	George Martin	Q191819
Extracts from the Film A Hard Day's Night	P162	George Martin	Q191819
Extracts from the Film A Hard Day's Night	P483	Abbey Road Studios	Q209651
Fixing a Hole	P86	John Lennon	Q1203
Fixing a Hole	P86	Paul McCartney	Q2599
Flying (Beatles instrumental)	P86	George Harrison	Q2643
Flying (Beatles instrumental)	P86	John Lennon	Q1203
Flying (Beatles instrumental)	P86	Paul McCartney	Q2599
Flying (Beatles instrumental)	P86	Ringo Starr	Q2632
For No One	P162	George Martin	Q191819
For No One	P86	John Lennon	Q1203
For No One	P86	Paul McCartney	Q2599
For You Blue	P86	George Harrison	Q2643
Four by the Beatles	P162	George Martin	Q191819
Free as a Bird	P162	George Martin	Q191819
Free as a Bird	P86	George Harrison	Q2643
Free as a Bird	P86	John Lennon	Q1203
Free as a Bird	P86	Paul McCartney	Q2599
Free as a Bird	P86	Ringo Starr	Q2632
From Me to You	P86	John Lennon	Q1203
From Me to You	P86	Paul McCartney	Q2599
Get Back	P86	John Lennon	Q1203
Get Back	P86	Paul McCartney	Q2599
Getting Better	P86	John Lennon	Q1203
Getting Better	P86	Paul McCartney	Q2599
Girl (Beatles song)	P162	George Martin	Q191819
Girl (Beatles song)	P86	John Lennon	Q1203
Girl (Beatles song)	P86	Paul McCartney	Q2599
Glass Onion (song)	P162	George Martin	Q191819
Glass Onion (song)	P86	John Lennon	Q1203
Glass Onion (song)	P86	Paul McCartney	Q2599
Golden Slumbers	P86	John Lennon	Q1203
Golden Slumbers	P86	Paul McCartney	Q2599
Good Day Sunshine	P162	George Martin	Q191819
Good Day Sunshine	P86	John Lennon	Q1203
Good Day Sunshine	P86	Paul McCartney	Q2599
Good Morning Good Morning	P86	John Lennon	Q1203
Good Morning Good Morning	P86	Paul McCartney	Q2599
Good Night (Beatles song)	P86	John Lennon	Q1203
Good Night (Beatles song)	P86	Paul McCartney	Q2599
Got to Get You into My Life	P86	John Lennon	Q1203
Got to Get You into My Life	P86	Paul McCartney	Q2599
Greatest Hits Volume 2 (Beatles album)	P162	George Martin	Q191819
Happiness Is a Warm Gun	P162	George Martin	Q191819
Happiness Is a Warm Gun	P86	Lennon–McCartney	Q239177
Heather (Beatles song)	P86	Paul McCartney	Q2599
Hello, Goodbye	P162	George Martin	Q191819
Hello, Goodbye	P86	John Lennon	Q1203
Hello, Goodbye	P86	Paul McCartney	Q2599
Help!	P162	George Martin	Q191819
Help!	P483	Abbey Road Studios	Q209651
Help! (song)	P86	John Lennon	Q1203
Help! (song)	P86	Paul McCartney	Q2599
Helter Skelter (song)	P86	John Lennon	Q1203
Helter Skelter (song)	P86	Paul McCartney	Q2599
Her Majesty (song)	P162	George Martin	Q191819
Her Majesty (song)	P86	John Lennon	Q1203
Her Majesty (song)	P86	Paul McCartney	Q2599
Her Majesty (song)	P921	Elizabeth II	Q9682
Here Comes the Sun	P86	George Harrison	Q2643
Here, There and Everywhere	P86	John Lennon	Q1203
Here, There and Everywhere	P86	Paul McCartney	Q2599
Hey Bulldog	P162	George Martin	Q191819
Hey Bulldog	P86	John Lennon	Q1203
Hey Bulldog	P86	Paul McCartney	Q2599
Hey Jude	P86	John Lennon	Q1203
Hey Jude	P86	Paul McCartney	Q2599
Hey Jude (Beatles album)	P162	George Martin	Q191819
Hey Jude (Beatles album)	P483	Abbey Road Studios	Q209651
Hold Me Tight	P86	John Lennon	Q1203
Hold Me Tight	P86	Paul McCartney	Q2599
Honey Pie	P162	George Martin	Q191819
Honey Pie	P86	Lennon–McCartney	Q239177
I Am the Walrus	P86	John Lennon	Q1203
I Am the Walrus	P86	Paul McCartney	Q2599
I Call Your Name	P162	George Martin	Q191819
I Call Your Name	P86	John Lennon	Q1203
I Call Your Name	P86	Paul McCartney	Q2599
I Don't Want to Spoil the Party	P162	George Martin	Q191819
I Don't Want to Spoil the Party	P86	John Lennon	Q1203
I Don't Want to Spoil the Party	P86	Paul McCartney	Q2599
I Feel Fine	P86	John Lennon	Q1203
I Feel Fine	P86	Paul McCartney	Q2599
I Got to Find My Baby	P162	George Martin	Q191819
I Me Mine	P86	George Harrison	Q2643
I Need You (Beatles song)	P86	George Harrison	Q2643
I Saw Her Standing There	P162	George Martin	Q191819
I Saw Her Standing There	P86	John Lennon	Q1203
I Saw Her Standing There	P86	Paul McCartney	Q2599
I Should Have Known Better	P86	John Lennon	Q1203
I Should Have Known Better	P86	Paul McCartney	Q2599
I Wanna Be Your Man	P162	Andrew Loog Oldham	Q357194
I Wanna Be Your Man	P86	John Lennon	Q1203
I Wanna Be Your Man	P86	Paul McCartney	Q2599
I Want You (She's So Heavy)	P86	John Lennon	Q1203
I Want You (She's So Heavy)	P86	Paul McCartney	Q2599
I Want to Hold Your Hand	P86	John Lennon	Q1203
I Want to Hold Your Hand	P86	Paul McCartney	Q2599
I Want to Tell You	P162	George Martin	Q191819
I Will	P162	George Martin	Q191819
I Will	P86	John Lennon	Q1203
I Will	P86	Paul McCartney	Q2599
I'll Be Back (song)	P86	John Lennon	Q1203
I'll Be Back (song)	P86	Paul McCartney	Q2599
I'll Cry Instead	P162	George Martin	Q191819
I'll Cry Instead	P86	John Lennon	Q1203
I'll Cry Instead	P86	Paul McCartney	Q2599
I'll Follow the Sun	P162	George Martin	Q191819
I'll Follow the Sun	P86	John Lennon	Q1203
I'll Follow the Sun	P86	Paul McCartney	Q2599
I'll Get You	P86	John Lennon	Q1203
I'll Get You	P86	Paul McCartney	Q2599
I'm Down	P86	John Lennon	Q1203
I'm Down	P86	Paul McCartney	Q2599
I'm Happy Just to Dance with You	P86	John Lennon	Q1203
I'm Happy Just to Dance with You	P86	Paul McCartney	Q2599
I'm Looking Through You	P162	George Martin	Q191819
I'm Looking Through You	P86	John Lennon	Q1203
I'm Looking Through You	P86	Paul McCartney	Q2599
I'm Only Sleeping	P86	John Lennon	Q1203
I'm Only Sleeping	P86	Paul McCartney	Q2599
I'm So Tired	P162	George Martin	Q191819
I'm So Tired	P483	Abbey Road Studios	Q209651
I'm So Tired	P86	John Lennon	Q1203
I'm So Tired	P86	Lennon–McCartney	Q239177
I'm So Tired	P86	Paul McCartney	Q2599
I'm a Loser	P86	John Lennon	Q1203
I'm a Loser	P86	Paul McCartney	Q2599
I've Got a Feeling	P162	Phil Spector	Q213793
I've Got a Feeling	P86	John Lennon	Q1203
I've Got a Feeling	P86	Paul McCartney	Q2599
I've Just Seen a Face	P86	John Lennon	Q1203
I've Just Seen a Face	P86	Paul McCartney	Q2599
If I Needed Someone	P86	George Harrison	Q2643
If You've Got Trouble	P162	George Martin	Q191819
If You've Got Trouble	P483	Abbey Road Studios	Q209651
If You've Got Trouble	P86	Lennon–McCartney	Q239177
In My Life	P86	John Lennon	Q1203
In My Life	P86	Paul McCartney	Q2599
In the Beginning (Circa 1960)	P162	Bert Kaempfert	Q506360
Introducing... The Beatles	P162	George Martin	Q191819
Introducing... The Beatles	P483	Abbey Road Studios	Q209651
It Won't Be Long	P162	George Martin	Q191819
It Won't Be Long	P86	John Lennon	Q1203
It Won't Be Long	P86	Paul McCartney	Q2599
It's All Too Much	P162	George Martin	Q191819
It's All Too Much	P86	George Harrison	Q2643
It's Only Love	P86	John Lennon	Q1203
It's Only Love	P86	Paul McCartney	Q2599
Jolly What!	P162	George Martin	Q191819
Julia (Beatles song)	P162	George Martin	Q191819
Julia (Beatles song)	P86	John Lennon	Q1203
Julia (Beatles song)	P86	Paul McCartney	Q2599
Komm, gib mir deine Hand / Sie liebt dich	P162	George Martin	Q191819
Kum Back	P162	Glyn Johns	Q956126
Lady Madonna	P162	George Martin	Q191819
Lady Madonna	P86	John Lennon	Q1203
Lady Madonna	P86	Paul McCartney	Q2599
Lend Me Your Comb	P86	Ben Weisman	Q816633
Lend Me Your Comb	P86	Fred Wise (songwriter)	Q5496584
Lend Me Your Comb	P86	Kay Twomey	Q6380303
Let It Be (album)	P162	George Martin	Q191819
Let It Be (album)	P162	Phil Spector	Q213793
Let It Be (album)	P483		Q109984253
Let It Be (song)	P86	John Lennon	Q1203
Let It Be (song)	P86	Paul McCartney	Q2599
Let It Be... Naked	P162	George Martin	Q191819
Let It Be... Naked	P483	Abbey Road Studios	Q209651
Little Child	P162	George Martin	Q191819
Little Child	P86	John Lennon	Q1203
Little Child	P86	Paul McCartney	Q2599
Live at the BBC (Beatles album)	P162	George Martin	Q191819
Live! at the Star-Club in Hamburg, Germany; 1962	P483	Star-Club	Q456140
Long Tall Sally (EP)	P162	George Martin	Q191819
Long Tall Sally (EP)	P483	Abbey Road Studios	Q209651
Long, Long, Long	P162	George Martin	Q191819
Long, Long, Long	P86	George Harrison	Q2643
Los Beatles (album)	P162	George Martin	Q191819
Love (Beatles album)	P162	George Martin	Q191819
Love (Beatles album)	P483	Abbey Road Studios	Q209651
Love Me Do	P86	John Lennon	Q1203
Love Me Do	P86	Paul McCartney	Q2599
Love Songs (Beatles album)	P162	George Martin	Q191819
Love Songs (Beatles album)	P162	Phil Spector	Q213793
Love You To	P86	George Harrison	Q2643
Lovely Rita	P162	George Martin	Q191819
Lovely Rita	P86	John Lennon	Q1203
Lovely Rita	P86	Paul McCartney	Q2599
Lovely Rita	P921	Parking enforcement officer	Q518180
Lucy in the Sky with Diamonds	P138		Q9024796
Lucy in the Sky with Diamonds	P162	George Martin	Q191819
Lucy in the Sky with Diamonds	P737	Plasticine	Q840688
Lucy in the Sky with Diamonds	P737	Through the Looking-Glass	Q220331
Lucy in the Sky with Diamonds	P86	John Lennon	Q1203
Lucy in the Sky with Diamonds	P86	Paul McCartney	Q2599
Madman (Beatles song)	P162	George Martin	Q191819
Madman (Beatles song)	P86	Lennon–McCartney	Q239177
Maggie May (folk song)	P162	Phil Spector	Q213793
Maggie May (folk song)	P86		Q56260622
Magical Mystery Tour	P162	George Martin	Q191819
Magical Mystery Tour (song)	P86	John Lennon	Q1203
Magical Mystery Tour (song)	P86	Paul McCartney	Q2599
Martha My Dear	P162	George Martin	Q191819
Martha My Dear	P86	John Lennon	Q1203
Martha My Dear	P86	Paul McCartney	Q2599
Maxwell's Silver Hammer	P86	John Lennon	Q1203
Maxwell's Silver Hammer	P86	Paul McCartney	Q2599
Mean Mr. Mustard	P162	George Martin	Q191819
Mean Mr. Mustard	P86	John Lennon	Q1203
Mean Mr. Mustard	P86	Paul McCartney	Q2599
Meet the Beatles!	P162	George Martin	Q191819
Meet the Beatles!	P483	Abbey Road Studios	Q209651
Michelle (song)	P86	John Lennon	Q1203
Michelle (song)	P86	Paul McCartney	Q2599
Misery (Beatles song)	P162	George Martin	Q191819
Misery (Beatles song)	P86	John Lennon	Q1203
Misery (Beatles song)	P86	Paul McCartney	Q2599
Mono Masters	P162	George Martin	Q191819
Mother Nature's Son	P86	John Lennon	Q1203
Mother Nature's Son	P86	Paul McCartney	Q2599
No Other Love (Rodgers and Hammerstein song)	P86	Richard Rodgers	Q269094
No Reply (song)	P86	John Lennon	Q1203
No Reply (song)	P86	Paul McCartney	Q2599
Norwegian Wood (This Bird Has Flown)	P162	George Martin	Q191819
Norwegian Wood (This Bird Has Flown)	P86	John Lennon	Q1203
Norwegian Wood (This Bird Has Flown)	P86	Paul McCartney	Q2599
Not a Second Time	P86	John Lennon	Q1203
Not a Second Time	P86	Paul McCartney	Q2599
Now and Then (Beatles song)	P162	Giles Martin	Q723009
Now and Then (Beatles song)	P162	Jeff Lynne	Q314358
Now and Then (Beatles song)	P162	Paul McCartney	Q2599
Now and Then (Beatles song)	P86	John Lennon	Q1203
Nowhere Man (EP)	P162	George Martin	Q191819
Nowhere Man (EP)	P483	Abbey Road Studios	Q209651
Nowhere Man (song)	P86	John Lennon	Q1203
Nowhere Man (song)	P86	Paul McCartney	Q2599
Ob-La-Di, Ob-La-Da	P483	Abbey Road Studios	Q209651
Ob-La-Di, Ob-La-Da	P86	John Lennon	Q1203
Ob-La-Di, Ob-La-Da	P86	Paul McCartney	Q2599
Octopus's Garden	P162	George Martin	Q191819
Octopus's Garden	P86	Ringo Starr	Q2632
Oh! Darling	P162	George Martin	Q191819
Oh! Darling	P86	John Lennon	Q1203
Oh! Darling	P86	Paul McCartney	Q2599
Old Brown Shoe	P162	George Martin	Q191819
Old Brown Shoe	P86	George Harrison	Q2643
On Air – Live at the BBC Volume 2	P162	George Martin	Q191819
One After 909	P162	Phil Spector	Q213793
One After 909	P86	John Lennon	Q1203
One After 909	P86	Paul McCartney	Q2599
Only a Northern Song	P86	George Harrison	Q2643
P.S. I Love You (Beatles song)	P86	John Lennon	Q1203
P.S. I Love You (Beatles song)	P86	Paul McCartney	Q2599
Paperback Writer	P86	John Lennon	Q1203
Paperback Writer	P86	Paul McCartney	Q2599
Past Masters	P162	George Martin	Q191819
Penny Lane	P138	Penny Lane, Liverpool	Q53156942
Penny Lane	P86	John Lennon	Q1203
Penny Lane	P86	Paul McCartney	Q2599
Piggies	P162	George Martin	Q191819
Piggies	P86	George Harrison	Q2643
Piggies	P86	John Lennon	Q1203
Please Please Me	P162	George Martin	Q191819
Please Please Me	P483	Abbey Road Studios	Q209651
Please Please Me (song)	P86	John Lennon	Q1203
Please Please Me (song)	P86	Paul McCartney	Q2599
Polythene Pam	P86	John Lennon	Q1203
Polythene Pam	P86	Paul McCartney	Q2599
Rain (Beatles song)	P86	John Lennon	Q1203
Rain (Beatles song)	P86	Paul McCartney	Q2599
Rarities (1980 The Beatles album)	P162	George Martin	Q191819
Rarities (Beatles compilations)	P162	George Martin	Q191819
Rarities (Beatles compilations)	P921		Q29707
Rarities (Beatles compilations)	P921	Rarities (1980 The Beatles album)	Q2920524
Real Love (Beatles song)	P86	John Lennon	Q1203
Reel Music	P162	Phil Spector	Q213793
Revolution (Beatles song)	P86	John Lennon	Q1203
Revolution (Beatles song)	P86	Paul McCartney	Q2599
Revolution 9	P86	John Lennon	Q1203
Revolution 9	P86	Paul McCartney	Q2599
Revolver (Beatles album)	P162	George Martin	Q191819
Revolver (Beatles album)	P483	Abbey Road Studios	Q209651
Rock 'n' Roll Music (album)	P162	George Martin	Q191819
Rocky Raccoon	P162	George Martin	Q191819
Rocky Raccoon	P86	John Lennon	Q1203
Rocky Raccoon	P86	Paul McCartney	Q2599
Rubber Soul	P162	George Martin	Q191819
Rubber Soul	P483	Abbey Road Studios	Q209651
Run for Your Life (Beatles song)	P162	George Martin	Q191819
Run for Your Life (Beatles song)	P86	John Lennon	Q1203
Run for Your Life (Beatles song)	P86	Paul McCartney	Q2599
Savoy Truffle	P162	George Martin	Q191819
Savoy Truffle	P86	George Harrison	Q2643
Sessions (Beatles album)	P162	George Martin	Q191819
Sessions (Beatles album)	P483	Abbey Road Studios	Q209651
Sexy Sadie	P162	George Martin	Q191819
Sexy Sadie	P86	John Lennon	Q1203
Sexy Sadie	P86	Paul McCartney	Q2599
Sgt. Pepper's Lonely Hearts Club Band	P162	George Martin	Q191819
Sgt. Pepper's Lonely Hearts Club Band	P483	Abbey Road Studios	Q209651
Sgt. Pepper's Lonely Hearts Club Band (song)	P86	John Lennon	Q1203
Sgt. Pepper's Lonely Hearts Club Band (song)	P86	Paul McCartney	Q2599
She Came In Through the Bathroom Window	P86	John Lennon	Q1203
She Came In Through the Bathroom Window	P86	Paul McCartney	Q2599
She Loves You	P162	George Martin	Q191819
She Loves You	P86	John Lennon	Q1203
She Loves You	P86	Paul McCartney	Q2599
She Said She Said	P162	George Martin	Q191819
She Said She Said	P86	John Lennon	Q1203
She Said She Said	P86	Paul McCartney	Q2599
She's Leaving Home	P86	John Lennon	Q1203
She's Leaving Home	P86	Paul McCartney	Q2599
She's a Woman	P86	John Lennon	Q1203
She's a Woman	P86	Paul McCartney	Q2599
Something (Beatles song)	P86	George Harrison	Q2643
Something New (Beatles album)	P162	George Martin	Q191819
Something New (Beatles album)	P483	Abbey Road Studios	Q209651
Song of Love (song)	P86	Paul McCartney	Q2599
Souvenir of Their Visit to America	P162	George Martin	Q191819
Strawberry Fields Forever	P138	Strawberry Field	Q1320698
Strawberry Fields Forever	P86	John Lennon	Q1203
Strawberry Fields Forever	P86	Paul McCartney	Q2599
Sun King (song)	P86	John Lennon	Q1203
Sun King (song)	P86	Paul McCartney	Q2599
Taxman	P162	George Martin	Q191819
Taxman	P86	George Harrison	Q2643
Tell Me What You See	P86	John Lennon	Q1203
Tell Me What You See	P86	Paul McCartney	Q2599
Tell Me Why (Beatles song)	P162	George Martin	Q191819
Tell Me Why (Beatles song)	P86	John Lennon	Q1203
Tell Me Why (Beatles song)	P86	Paul McCartney	Q2599
Thank You Girl	P86	John Lennon	Q1203
Thank You Girl	P86	Paul McCartney	Q2599
That Means a Lot	P86	John Lennon	Q1203
That Means a Lot	P86	Paul McCartney	Q2599
The Ballad of John and Yoko	P162	George Martin	Q191819
The Ballad of John and Yoko	P86	John Lennon	Q1203
The Ballad of John and Yoko	P86	Paul McCartney	Q2599
The Beatles (No. 1)	P162	George Martin	Q191819
The Beatles (No. 1)	P483	Abbey Road Studios	Q209651
The Beatles (The Original Studio Recordings)	P162	Phil Spector	Q213793
The Beatles (album)	P162	George Martin	Q191819
The Beatles (album)	P483	Abbey Road Studios	Q209651
The Beatles (album)	P483	Trident Studios	Q907523
The Beatles Anthology	P162	Neil Aspinall	Q380912
The Beatles Anthology	P86	The Beatles	Q1299
The Beatles Ballads	P162	George Martin	Q191819
The Beatles Ballads	P162	Phil Spector	Q213793
The Beatles Beat	P162	George Martin	Q191819
The Beatles Beat	P483	Abbey Road Studios	Q209651
The Beatles Bootleg Recordings 1963	P162	George Martin	Q191819
The Beatles Box	P162	Phil Spector	Q213793
The Beatles Box Set	P162	Phil Spector	Q213793
The Beatles Collection	P162	Phil Spector	Q213793
The Beatles EP Collection	P162	George Martin	Q191819
The Beatles Mono Collection	P162	George Martin	Q191819
The Beatles at the Hollywood Bowl	P162	Voyle Gilmore	Q7942506
The Beatles at the Hollywood Bowl	P483	Hollywood Bowl	Q976218
The Beatles in Italy	P162	George Martin	Q191819
The Beatles in Mono	P162	George Martin	Q191819
The Beatles with Tony Sheridan and Their Guests	P162	Bert Kaempfert	Q506360
The Beatles' First	P162	Bert Kaempfert	Q506360
The Beatles' Greatest	P162	George Martin	Q191819
The Beatles' Greatest	P483	Abbey Road Studios	Q209651
The Beatles' Hits	P162	George Martin	Q191819
The Beatles' Hits	P483	Abbey Road Studios	Q209651
The Beatles' Long Tall Sally	P162	George Martin	Q191819
The Beatles' Million Sellers	P162	George Martin	Q191819
The Beatles' Million Sellers	P483	Abbey Road Studios	Q209651
The Beatles' Second Album	P162	George Martin	Q191819
The Beatles' Second Album	P483	Abbey Road Studios	Q209651
The Beatles' Story	P162	John Babcock	Q1919579
The Beatles: 50th Anniversary Edition	P162	George Martin	Q191819
The Beatles: 50th Anniversary Edition	P162	Giles Martin	Q723009
The Beatles: The Collection	P162	George Martin	Q191819
The Beatles: The First U.S. Visit	P162	Susan Froemke	Q7647846
The Capitol Albums, Volume 1	P162	George Martin	Q191819
The Capitol Albums, Volume 2	P162	George Martin	Q191819
The Continuing Story of Bungalow Bill	P162	George Martin	Q191819
The Continuing Story of Bungalow Bill	P86	John Lennon	Q1203
The Continuing Story of Bungalow Bill	P86	Paul McCartney	Q2599
The Early Beatles	P162	George Martin	Q191819
The Early Beatles	P483	Abbey Road Studios	Q209651
The Early Tapes of the Beatles	P162	Bert Kaempfert	Q506360
The End (Beatles song)	P162	George Martin	Q191819
The End (Beatles song)	P86	John Lennon	Q1203
The End (Beatles song)	P86	Paul McCartney	Q2599
The Essential Beatles	P162	Phil Spector	Q213793
The Fool on the Hill	P86	John Lennon	Q1203
The Fool on the Hill	P86	Paul McCartney	Q2599
The Inner Light (song)	P86	George Harrison	Q2643
The Japan Box	P162	George Martin	Q191819
The Long and Winding Road	P86	John Lennon	Q1203
The Long and Winding Road	P86	Paul McCartney	Q2599
The Night Before (song)	P86	John Lennon	Q1203
The Night Before (song)	P86	Paul McCartney	Q2599
The Palace of the King of the Birds	P86	Lennon–McCartney	Q239177
The Singles Collection 1962–1970	P162	George Martin	Q191819
The U.S. Albums	P162	George Martin	Q191819
The Word (song)	P162	George Martin	Q191819
The Word (song)	P86	John Lennon	Q1203
The Word (song)	P86	Paul McCartney	Q2599
There's a Place	P162	George Martin	Q191819
There's a Place	P86	John Lennon	Q1203
There's a Place	P86	Paul McCartney	Q2599
Things We Said Today	P86	John Lennon	Q1203
Things We Said Today	P86	Paul McCartney	Q2599
Think for Yourself	P162	George Martin	Q191819
Think for Yourself	P86	George Harrison	Q2643
Thinking of Linking	P86	Paul McCartney	Q2599
This Boy	P86	John Lennon	Q1203
This Boy	P86	Paul McCartney	Q2599
Ticket to Ride (song)	P86	John Lennon	Q1203
Ticket to Ride (song)	P86	Paul McCartney	Q2599
Tomorrow Never Knows	P162	George Martin	Q191819
Tomorrow Never Knows	P483	Abbey Road Studios	Q209651
Tomorrow Never Knows	P86	John Lennon	Q1203
Tomorrow Never Knows	P86	Paul McCartney	Q2599
Tomorrow Never Knows (Beatles album)	P162	George Martin	Q191819
Twist and Shout (EP)	P162	George Martin	Q191819
Twist and Shout (EP)	P483	Abbey Road Studios	Q209651
Twist and Shout (album)	P162	George Martin	Q191819
Two of Us (Beatles song)	P162	Phil Spector	Q213793
Two of Us (Beatles song)	P86	John Lennon	Q1203
Two of Us (Beatles song)	P86	Paul McCartney	Q2599
Very Together	P162	Bert Kaempfert	Q506360
Wait (Beatles song)	P162	George Martin	Q191819
Wait (Beatles song)	P86	John Lennon	Q1203
Wait (Beatles song)	P86	Paul McCartney	Q2599
Watching Rainbows	P86	Lennon–McCartney	Q239177
We Can Work It Out	P162	George Martin	Q191819
We Can Work It Out	P86	John Lennon	Q1203
We Can Work It Out	P86	Paul McCartney	Q2599
What Goes On (Beatles song)	P162	George Martin	Q191819
What Goes On (Beatles song)	P86	John Lennon	Q1203
What Goes On (Beatles song)	P86	Paul McCartney	Q2599
What Goes On (Beatles song)	P86	Ringo Starr	Q2632
What You're Doing	P162	George Martin	Q191819
What You're Doing	P86	John Lennon	Q1203
What You're Doing	P86	Paul McCartney	Q2599
What's the New Mary Jane	P162	George Martin	Q191819
What's the New Mary Jane	P86	John Lennon	Q1203
When I Get Home	P162	George Martin	Q191819
When I Get Home	P86	John Lennon	Q1203
When I Get Home	P86	Paul McCartney	Q2599
When I'm Sixty-Four	P86	John Lennon	Q1203
When I'm Sixty-Four	P86	Paul McCartney	Q2599
When the Levee Breaks	P737	The Grapes of Wrath	Q215983
When the Levee Breaks	P86	John Bonham	Q485490
While My Guitar Gently Weeps	P162	George Martin	Q191819
While My Guitar Gently Weeps	P86	George Harrison	Q2643
Why Don't We Do It in the Road?	P162	George Martin	Q191819
Why Don't We Do It in the Road?	P86	John Lennon	Q1203
Why Don't We Do It in the Road?	P86	Paul McCartney	Q2599
Wild Honey Pie	P162	George Martin	Q191819
Wild Honey Pie	P86	Lennon–McCartney	Q239177
With a Little Help from My Friends	P86	John Lennon	Q1203
With a Little Help from My Friends	P86	Paul McCartney	Q2599
With the Beatles	P162	George Martin	Q191819
With the Beatles	P483	Abbey Road Studios	Q209651
Within You Without You	P86	George Harrison	Q2643
Yellow Submarine (album)	P162	George Martin	Q191819
Yellow Submarine (album)	P483	Abbey Road Studios	Q209651
Yellow Submarine (song)	P162	George Martin	Q191819
Yellow Submarine (song)	P86	John Lennon	Q1203
Yellow Submarine (song)	P86	Paul McCartney	Q2599
Yellow Submarine Songtrack	P162	George Martin	Q191819
Yer Blues	P162	George Martin	Q191819
Yer Blues	P86	John Lennon	Q1203
Yer Blues	P86	Paul McCartney	Q2599
Yes It Is	P86	John Lennon	Q1203
Yes It Is	P86	Paul McCartney	Q2599
Yesterday (Beatles EP)	P162	George Martin	Q191819
Yesterday (Beatles EP)	P483	Abbey Road Studios	Q209651
Yesterday (song)	P162	George Martin	Q191819
Yesterday (song)	P86	John Lennon	Q1203
Yesterday (song)	P86	Paul McCartney	Q2599
Yesterday (song)	P921	Regret	Q4729246
Yesterday and Today	P162	George Martin	Q191819
Yesterday and Today	P483	Abbey Road Studios	Q209651
You Can't Do That	P86	John Lennon	Q1203
You Can't Do That	P86	Paul McCartney	Q2599
You Know My Name (Look Up the Number)	P86	John Lennon	Q1203
You Know My Name (Look Up the Number)	P86	Paul McCartney	Q2599
You Know What to Do	P162	George Martin	Q191819
You Know What to Do	P86	George Harrison	Q2643
You Like Me Too Much	P86	George Harrison	Q2643
You Never Give Me Your Money	P162	George Martin	Q191819
You Never Give Me Your Money	P86	John Lennon	Q1203
You Never Give Me Your Money	P86	Paul McCartney	Q2599
You Won't See Me	P86	John Lennon	Q1203
You Won't See Me	P86	Paul McCartney	Q2599
You'll Be Mine (Beatles song)	P86	John Lennon	Q1203
You'll Be Mine (Beatles song)	P86	Paul McCartney	Q2599
You're Going to Lose That Girl	P86	John Lennon	Q1203
You're Going to Lose That Girl	P86	Paul McCartney	Q2599
You've Got to Hide Your Love Away	P86	John Lennon	Q1203
You've Got to Hide Your Love Away	P86	Paul McCartney	Q2599
Your Feet's Too Big	P86	Fred Fisher	Q665595
Your Mother Should Know	P86	John Lennon	Q1203
Your Mother Should Know	P86	Paul McCartney	Q2599
