article	property	time	precision
13 May incident			
16th Street Baptist Church bombing	P585	1963-09-15	11
1961–62 European Cup	P580	1961-08-23	11
1961–62 European Cup	P582	1962-05-02	11
1962 Algerian independence referendum	P585	1962-07-01	11
1962 Asian Games	P580	1962-08-24	11
1962 Asian Games	P582	1962-09-04	11
1962 Asian Games	P585	1962-00-00	9
1962 Bavarian state election	P585	1962-11-25	11
1962 FIFA World Cup	P580	1962-05-30	11
1962 FIFA World Cup	P582	1962-06-17	11
1962 FIFA World Cup	P585	1962-00-00	9
1962 NHRA Winternationals	P585	1962-02-18	11
1962–1963 New York City newspaper strike			
1962–63 European Cup	P580	1962-09-12	11
1962–63 European Cup	P582	1963-05-22	11
1963 24 Hours of Le Mans	P585	1963-00-00	9
1963 Australian federal election	P585	1963-11-30	11
1963 Camden PA-24 crash	P585	1963-03-05	11
1963 Honduran coup d'état	P585	1963-10-03	11
1963 Indiana State Fairgrounds Coliseum gas explosion	P585	1963-10-31	11
1963 Italian general election	P585	1963-04-28	11
1963 Marj earthquake	P585	1963-02-21	11
1963 Skopje earthquake	P585	1963-07-26	11
1963 South Vietnamese coup d'état	P585	1963-11-01	11
1963 Togolese coup d'état	P585	1963-01-13	11
1964 24 Hours of Le Mans	P585	1964-00-00	9
1964 Alaska earthquake	P585	1964-03-27	11
1964 Australian Senate election	P585	1964-12-05	11
1964 Brazilian coup d'état	P585	1964-04-01	11
1964 Brinks Hotel bombing	P585	1964-12-24	11
1964 European Nations' Cup	P580	1964-06-17	11
1964 European Nations' Cup	P582	1964-06-21	11
1964 European Nations' Cup	P585	1964-06-00	10
1964 Gabonese coup d'état	P585	1964-02-17	11
1964 Moscow protest	P585	1964-03-18	11
1964 New York World's Fair	P580	1964-04-21	11
1964 New York World's Fair	P582	1964-10-18	11
1964 New York World's Fair	P585	1964-00-00	9
1964 Philadelphia race riot	P585	1964-08-30	11
1964 Summer Olympics	P580	1964-10-10	11
1964 Summer Olympics	P582	1964-10-24	11
1964 United Kingdom general election	P585	1964-10-15	11
1964 United States presidential election	P585	1964-11-03	11
1964 Winter Olympics	P580	1964-01-29	11
1964 Winter Olympics	P582	1964-02-09	11
1964 Winter Olympics	P585	1964-00-00	9
1964 race riots in Singapore	P580	1964-07-21	11
1964 race riots in Singapore	P582	1964-09-03	11
1964–65 European Cup	P580	1964-09-13	11
1964–65 European Cup	P582	1965-05-27	11
1965 Dhanbad coal mine disaster			
1965 Durban rail accident	P585	1965-10-04	11
1965 French presidential election	P585	1965-12-05	11
1965 French presidential election	P585	1965-12-19	11
1965 Kakanj mine disaster			
1965 La Ligua earthquake	P585	1965-03-28	11
1965 Moroccan riots	P585	1965-03-23	11
1965 Palm Sunday tornado outbreak	P585	1965-00-00	9
1965 Yerevan demonstrations	P580	1965-04-24	11
1965 Yerevan demonstrations	P582	1965-04-24	11
1965 Yerevan demonstrations	P585	1965-04-24	11
1966 24 Hours of Le Mans	P585	1966-00-00	9
1966 Australian census	P585	1966-06-30	11
1966 Australian federal election	P585	1966-11-26	11
1966 FIFA World Cup	P580	1966-07-11	11
1966 FIFA World Cup	P582	1966-07-30	11
1966 FIFA World Cup	P585	1966-07-00	10
1966 Jackson, Mississippi tornado	P585	1966-03-03	11
1966 Kingston upon Hull North by-election	P585	1966-01-27	11
1966 Liberal Party of Australia leadership election	P585	1966-01-20	11
1966 Nigerian counter-coup	P585	1966-07-28	11
1966 Nigerian coup d'état	P580	1966-01-15	11
1966 Nigerian coup d'état	P582	1966-01-16	11
1966 Nigerian coup d'état	P585	1966-01-16	11
1966 Palomares accident	P585	1966-01-17	11
1966 Syrian coup d'état	P580	1966-02-21	11
1966 Syrian coup d'état	P582	1966-02-23	11
1966 Syrian coup d'état	P585	1966-02-23	11
1966 Tashkent earthquake	P585	1966-04-26	11
1966 United Kingdom general election	P585	1966-03-31	11
1966 Upper Voltan coup d'état	P585	1966-01-03	11
1966 Varto earthquake	P585	1966-08-19	11
1966 Venice flood	P585	1966-11-04	11
1966 Xingtai earthquakes	P585	1966-00-00	9
1966 Xingtai earthquakes	P585	1966-03-08	11
1966 flood of the Arno	P585	1966-11-04	11
1967 Australian Labor Party leadership election	P585	1967-02-09	11
1967 Australian Senate election	P585	1967-11-25	11
1967 Australian referendum (Aboriginals)	P585	1967-05-27	11
1967 Buffalo riot	P585	1967-07-01	11
1967 Caracas earthquake	P585	1967-07-30	11
1967 Chicago blizzard	P580	1967-01-26	11
1967 Chicago blizzard	P582	1967-01-27	11
1967 Detroit riot	P580	1967-07-23	11
1967 Detroit riot	P582	1967-07-28	11
1967 Gibraltar sovereignty referendum	P585	1967-09-10	11
1967 Hong Kong riots	P580	1967-05-00	10
1967 Hong Kong riots	P582	1967-12-00	10
1967 Milwaukee riot	P585	1967-00-00	9
1967 Newark riots	P580	1967-07-12	11
1967 Newark riots	P582	1967-07-17	11
1967 Newark riots	P585	1967-00-00	9
1967 Plainfield riots	P585	1967-07-16	11
1967–68 FIBA European Cup Winners' Cup	P580	1967-11-23	11
1967–68 FIBA European Cup Winners' Cup	P582	1968-04-04	11
1967–68 Football League First Division	P580	1967-08-19	11
1967–68 Football League First Division	P582	1968-05-21	11
1968 Belice earthquake	P585	1968-01-13	11
1968 Belice earthquake	P585	1968-01-14	11
1968 Casiguran earthquake	P585	1968-08-01	11
1968 Columbia University protests	P580	1968-04-23	11
1968 Columbia University protests	P582	1968-04-30	11
1968 Columbia University protests	P585	1968-00-00	9
1968 Democratic National Convention	P580	1968-08-26	11
1968 Democratic National Convention	P582	1968-08-29	11
1968 Democratic National Convention protests	P580	1968-08-23	11
1968 Democratic National Convention protests	P582	1968-08-29	11
1968 Democratic National Convention protests	P585	1968-00-00	9
1968 Democratic Party presidential primaries	P585	1968-08-29	11
1968 Higgins by-election	P585	1968-02-24	11
1968 Israeli raid on Beirut Airport	P585	1968-12-28	11
1968 Italian general election	P585	1968-05-19	11
1968 Liberal Party of Australia leadership election	P585	1968-01-09	11
1968 Olympics Black Power salute	P585	1968-10-16	11
1968 Polish political crisis	P585	1968-03-00	10
1968 Summer Olympics	P580	1968-10-12	11
1968 Summer Olympics	P582	1968-10-27	11
1968 Summer Olympics	P585	1968-00-00	9
1968 Thule Air Base B-52 crash	P585	1968-01-21	11
1968 United States presidential election	P585	1968-11-05	11
1968 Winter Olympics	P580	1968-02-06	11
1968 Winter Olympics	P582	1968-02-18	11
1968 Winter Olympics	P585	1968-02-00	10
1968 World Series	P585	1968-00-00	9
1968 student demonstrations in Yugoslavia	P585	1968-00-00	9
1968–1969 Japanese university protests	P580	1968-00-00	9
1968–1969 Japanese university protests	P582	1969-00-00	9
1968–1969 Japanese university protests	P585	1968-00-00	9
1968–1969 Japanese university protests	P585	1969-00-00	9
1969 Aswan Ilyushin Il-18 crash	P585	1969-03-20	11
1969 Australian federal election	P585	1969-10-25	11
1969 Baltimore Orioles season	P585	1969-00-00	9
1969 Curaçao uprising			
1969 EC-121 shootdown incident	P585	1969-04-15	11
1969 French constitutional referendum	P585	1969-04-27	11
1969 Japanese general election	P585	1969-12-27	11
1969 Liberal Party of Australia leadership spill	P585	1969-11-07	11
1969 Libyan revolution	P585	1969-09-01	11
1969 NCAA University Division basketball tournament	P580	1969-03-08	11
1969 NCAA University Division basketball tournament	P582	1969-03-22	11
1969 NCAA University Division basketball tournament	P585	1969-00-00	9
1969 New York Mets season	P585	1969-00-00	9
1969 Northern Ireland riots	P585	1969-00-00	9
1969 Portugal earthquake	P585	1969-02-28	11
1969 Pulitzer Prize	P585	1969-00-00	9
1969 Rhodesian constitutional referendum	P585	1969-06-20	11
1969 Santa Barbara oil spill	P580	1969-01-28	11
1969 Santa Barbara oil spill	P582	1969-02-07	11
1969 Santa Barbara oil spill	P585	1969-00-00	9
1969 Tour de France	P580	1969-06-28	11
1969 Tour de France	P582	1969-07-20	11
1969 USS Enterprise fire	P585	1969-01-14	11
1969 West German federal election	P585	1969-09-28	11
1969 World Series	P580	1969-10-11	11
1969 World Series	P582	1969-10-16	11
1969 World Series	P585	1969-00-00	9
1969 Yangjiang earthquake	P585	1969-07-25	11
1970 Ancash earthquake	P585	1970-05-31	11
1970 Australian Senate election	P585	1970-11-21	11
1970 Bhola cyclone	P580	1970-11-03	11
1970 Bhola cyclone	P582	1970-11-13	11
1970 Bhola cyclone	P585	1970-00-00	9
1970 Chilean presidential election	P585	1970-09-04	11
1970 FIFA World Cup	P580	1970-05-31	11
1970 FIFA World Cup	P582	1970-06-21	11
1970 FIFA World Cup	P585	1970-00-00	9
1970 Omani coup d'état	P585	1970-07-23	11
1970 Pakistani general election	P585	1970-12-07	11
1970 Syrian coup d'etat	P580	1970-11-13	11
1970 Syrian coup d'etat	P585	1970-11-13	11
1970 Tonghai earthquake	P585	1970-01-04	11
1971 Indian general election	P580	1971-03-01	11
1971 Indian general election	P582	1971-03-10	11
1971 Indian general election	P585	1971-03-10	11
23rd Congress of the Communist Party of the Soviet Union	P580	1966-03-29	11
23rd Congress of the Communist Party of the Soviet Union	P582	1966-04-08	11
24 Hours of Daytona			
30 September Movement	P585	1965-09-30	11
30 September Movement	P585	1965-10-01	11
300 million yen robbery	P585	1968-12-10	11
34th Academy Awards	P585	1962-04-09	11
35th Academy Awards	P585	1963-04-08	11
36th Academy Awards	P585	1964-04-13	11
37th Academy Awards	P585	1965-04-05	11
38th Academy Awards	P585	1966-04-18	11
39th Academy Awards	P585	1967-04-10	11
54th Grey Cup	P585	1966-11-26	11
58th Grey Cup	P585	1970-11-28	11
Aberfan disaster	P580	1966-10-21	11
Aberfan disaster	P585	1966-10-21	11
Abington School District v. Schempp	P585	1963-00-00	9
Abortion Act 1967			
Academy Award for Best Actor			
Academy Award for Best Actress			
Academy Award for Best Original Song			
Act of Free Choice	P585	1969-08-02	11
Aer Lingus Flight 712	P585	1968-03-24	11
Air Canada Flight 621	P585	1970-07-05	11
Air France Flight 007	P585	1962-06-03	11
Air France Flight 117	P585	1962-06-22	11
Air France Flight 1611	P585	1968-09-11	11
Air France Flight 212 (1968)	P585	1968-03-06	11
Air France Flight 212 (1969)	P585	1969-12-03	11
Air India Flight 101	P585	1966-01-24	11
Algerian War	P580	1954-11-01	11
Algerian War	P582	1962-09-09	11
All Nippon Airways Flight 60	P585	1966-02-04	11
Allegheny Airlines Flight 853	P585	1969-09-09	11
Alouette 1	P619	1962-09-29	11
Alouette 2	P619	1965-11-29	11
Altamont Free Concert	P585	1969-12-06	11
American Airlines Flight 1 (1962)	P585	1962-03-01	11
American football			
Antony and Cleopatra (Barber)			
Apartheid			
Apollo 1	P585	1967-01-27	11
Apollo 10	P619	1969-05-18	11
Apollo 11	P619	1969-07-16	11
Apollo 12	P619	1969-11-14	11
Apollo 13	P619	1970-04-11	11
Apollo 4	P619	1967-11-09	11
Apollo 6	P619	1968-04-04	11
Apollo 7	P619	1968-10-11	11
Apollo 8	P619	1968-12-21	11
Apollo 8 Genesis reading	P585	1968-12-24	11
Apollo 9	P619	1969-03-03	11
Apollo program	P580	1961-00-00	9
Apollo program	P582	1972-00-00	9
Archbishop of Canterbury			
Argentine Revolution	P580	1966-06-28	11
Argentine Revolution	P582	1973-05-25	11
Ariana Afghan Airlines Flight 701	P585	1969-01-05	11
Armenian genocide	P580	1915-04-24	11
Armenian genocide	P582	1923-00-00	9
Armenian genocide	P585	1915-00-00	9
Arms Crisis	P585	1970-00-00	9
Army–Navy Game	P580	1890-11-29	11
Arrest and assassination of Ngo Dinh Diem	P585	1963-11-02	11
Artemis II	P619	2026-04-01	11
Ash Wednesday Storm of 1962	P580	1962-03-06	11
Ash Wednesday Storm of 1962	P582	1962-03-08	11
Ash Wednesday Storm of 1962	P585	1962-00-00	9
Assassination of John F. Kennedy	P585	1963-11-22	11
Assassination of Malcolm X	P585	1965-02-21	11
Assassination of Martin Luther King Jr.	P585	1968-04-04	11
Assassination of Pedro Eugenio Aramburu	P585	1970-06-01	11
Assassination of Robert F. Kennedy	P585	1968-06-05	11
Association football			
Attempted assassination of Leonid Brezhnev	P585	1969-01-22	11
August			
Australia Day			
Australian dollar	P580	1966-02-14	11
Auto racing			
Außerparlamentarische Opposition			
Aviation accidents and incidents			
BBC Proms			
BBC Radio 1			
BOAC Flight 911	P585	1966-03-05	11
Bahr El-Baqar primary school bombing	P585	1970-04-08	11
Barbados Independence Act 1966			
Barroterán coal mine disaster			
Basketball			
Battle of Ammunition Hill	P585	1967-06-06	11
Battle of Ap Bac	P585	1963-01-02	11
Battle of Chawinda	P585	1965-09-14	11
Battle of Dak To	P580	1967-11-03	11
Battle of Dak To	P582	1967-11-23	11
Battle of Dong-Yin	P585	1965-05-01	11
Battle of Hamburger Hill	P580	1969-05-10	11
Battle of Hamburger Hill	P582	1969-05-20	11
Battle of Ia Drang	P580	1965-11-14	11
Battle of Ia Drang	P582	1965-11-18	11
Battle of Khe Sanh	P580	1968-01-21	11
Battle of Khe Sanh	P582	1968-07-09	11
Battle of Kursk	P580	1943-07-05	11
Battle of Kursk	P582	1943-08-23	11
Battle of Kursk	P585	1943-00-00	9
Battle of Lima Site 85	P580	1968-03-10	11
Battle of Lima Site 85	P582	1968-03-11	11
Battle of Long Tan	P585	1966-08-18	11
Battle of Ong Thanh	P585	1967-10-17	11
Battle of Saigon (1968)	P580	1968-01-30	11
Battle of Saigon (1968)	P582	1968-03-07	11
Battle of Saigon (1968)	P585	1968-00-00	9
Battle of Đồng Xoài	P580	1965-06-09	11
Battle of Đồng Xoài	P582	1965-06-13	11
Battle of Đồng Xoài	P585	1965-00-00	9
Bay of Pigs Invasion	P580	1961-04-17	11
Bay of Pigs Invasion	P582	1961-04-19	11
Bay of Pigs Invasion	P585	1961-04-20	11
Bed-in	P580	1969-03-25	11
Bed-in	P582	1969-06-01	11
Bed-in	P585	1969-00-00	9
Beijing Subway			
Benavídez rail disaster	P585	1970-02-01	11
Black Panther Party			
Black September	P580	1970-09-06	11
Black September	P582	1971-07-17	11
Black and White Ball	P585	1966-11-28	11
Black power			
Bogle–Chandler case	P585	1963-01-01	11
Bond v. Floyd			
Braniff International Airways Flight 250	P585	1966-08-06	11
Braniff International Airways Flight 352	P585	1968-05-03	11
Break-up of the Beatles			
Britannia Airways Flight 105	P585	1966-09-01	11
British Invasion			
British Rail			
Brooklyn Navy Yard			
Buddhist Uprising	P580	1966-03-26	11
Buddhist Uprising	P582	1966-06-08	11
Buddhist Uprising	P585	1966-06-08	11
Buddhist crisis	P580	1963-05-07	11
Buddhist crisis	P582	1963-11-02	11
Bundesliga			
Bình Hòa massacre	P580	1966-12-03	11
Bình Hòa massacre	P582	1966-12-06	11
Bình Hòa massacre	P585	1966-12-00	10
Bình Tai massacre	P585	1966-10-09	11
Cambodian Civil War	P580	1967-03-11	11
Cambodian Civil War	P582	1975-04-17	11
Cambodian campaign	P580	1970-04-29	11
Cambodian campaign	P582	1970-07-22	11
Campaign for Nuclear Disarmament			
Campeonato Brasileiro Série A			
Canadian Centennial	P585	1967-00-00	9
Canadian Confederation			
Canadian Football League			
Canadian Pacific Air Lines Flight 402	P585	1966-03-04	11
Canopus (nuclear test)	P585	1968-08-24	11
Catholic Worker Movement			
Catonsville Nine			
Century 21 Exposition	P585	1962-00-00	9
Chappaquiddick incident	P585	1969-07-18	11
Chimurenga	P580	1896-00-00	9
Chimurenga	P582	1979-00-00	9
China Radio International			
Christmas			
Christmas flood of 1964			
Civil Rights Act of 1964	P585	1964-07-02	11
Civil rights movement	P580	1954-00-00	9
Civil rights movement	P582	1968-00-00	9
Clear-air turbulence			
Club Cinq-Sept fire	P585	1970-11-01	11
Cold War	P580	1945-00-00	9
Cold War	P582	1991-12-25	11
Cologne school massacre	P585	1964-06-11	11
Colombian conflict	P580	1964-05-27	11
Commonwealth Immigrants Act 1962			
Commonwealth Immigrants Act 1968			
Communist insurgency in Malaysia (1968–1989)	P580	1968-00-00	9
Communist insurgency in Malaysia (1968–1989)	P582	1989-00-00	9
Communist insurgency in Malaysia (1968–1989)	P585	1989-12-02	11
Conscription			
Constitution of Monaco			
Continental Airlines Flight 11	P585	1962-05-22	11
Cordobazo	P580	1969-05-29	11
Cordobazo	P582	1969-05-30	11
Cordobazo	P585	1969-05-00	10
Coronation of Mohammad Reza Pahlavi	P585	1967-10-26	11
Cuban Adjustment Act			
Cuban Missile Crisis	P580	1962-10-14	11
Cuban Missile Crisis	P582	1962-10-28	11
Cuban Missile Crisis	P585	1962-00-00	9
Cultural Revolution	P580	1966-05-16	11
Cultural Revolution	P582	1976-10-06	11
Cyprus Emergency	P580	1955-04-01	11
Cyprus Emergency	P582	1959-00-00	9
Cyprus Emergency	P585	1955-04-01	11
D'Oliveira affair			
Dagen H	P585	1967-09-03	11
Dan-Air Flight 1903	P585	1970-07-03	11
Danish Cup			
Danish Superliga			
Dawson's Field hijackings	P585	1970-09-06	11
Days of Rage			
De-satellization of the Socialist Republic of Romania	P585	1960-00-00	8
Death and state funeral of Winston Churchill	P585	1965-01-30	11
Death of Hsu Tsu-tsai	P585	1966-07-17	11
Death of Jimi Hendrix			
Death of Marilyn Monroe	P585	1962-08-05	11
Decimal Day	P585	1971-02-15	11
Declaration of Honolulu, 1966	P585	1966-02-08	11
Democratic National Convention			
Deutsche Mark	P580	1948-06-21	11
Deutsche Mark	P582	2002-01-01	11
Disappearance of Harold Holt	P585	1967-12-17	11
Disappearance of the Beaumont children	P585	1966-01-26	11
Division Street riots	P585	1966-06-00	10
Dominican Civil War	P580	1965-04-24	11
Dominican Civil War	P582	1965-09-03	11
Double Seven Day scuffle	P585	1963-07-07	11
Down to the Countryside Movement	P580	1960-01-01	8
Down to the Countryside Movement	P582	1970-01-01	8
Down to the Countryside Movement	P585	1967-00-00	9
Draft-card burning	P585	1960-00-00	8
EFL Cup			
Early life and military career of John McCain			
Earth Day			
Easter Rising	P580	1916-04-24	11
Easter Rising	P582	1916-04-29	11
Easter Rising	P582	1916-04-30	11
Easter Rising	P585	1916-04-00	10
Ecliptic			
Ecumenical council			
Egypt–United States relations			
Engel v. Vitale			
English Football League			
Estadio Nacional disaster	P585	1964-05-24	11
Eurovision Song Contest 1962	P582	1962-03-18	11
Eurovision Song Contest 1962	P585	1962-03-18	11
Eurovision Song Contest 1963	P582	1963-03-23	11
Eurovision Song Contest 1963	P585	1963-03-23	11
Eurovision Song Contest 1964	P582	1964-03-21	11
Eurovision Song Contest 1964	P585	1964-03-21	11
Eurovision Song Contest 1965	P582	1965-03-20	11
Eurovision Song Contest 1965	P585	1965-03-20	11
Eurovision Song Contest 1966	P582	1966-03-05	11
Eurovision Song Contest 1966	P585	1966-03-05	11
Eurovision Song Contest 1967	P582	1967-04-08	11
Eurovision Song Contest 1967	P585	1967-04-08	11
Eurovision Song Contest 1968	P582	1968-04-06	11
Eurovision Song Contest 1968	P585	1968-04-06	11
Eurovision Song Contest 1969	P582	1969-03-29	11
Eurovision Song Contest 1969	P585	1969-03-29	11
Eurovision Song Contest 1970	P582	1970-03-21	11
Eurovision Song Contest 1970	P585	1970-00-00	9
Excommunication			
Executive Order 11110			
Explorers Program			
Expo '70	P580	1970-03-15	11
Expo '70	P582	1970-09-13	11
Expo '70	P585	1970-00-00	9
Expo 67	P585	1967-00-00	9
Farmington Mine disaster	P585	1968-11-20	11
Fifteen Guinea Special			
First Amendment to the United States Constitution			
Flying Tiger Line Flight 739	P585	1962-03-16	11
Flying Tiger Line Flight 923	P585	1962-09-23	11
Football War	P580	1969-07-14	11
Football War	P582	1969-07-18	11
Ford sewing machinists strike of 1968	P585	1968-00-00	9
Formula One			
Formula Two	P580	1967-00-00	9
Fourteenth Amendment to the United States Constitution			
Frankfurt Auschwitz trials			
Free Speech Movement			
Freedom Summer	P580	1964-06-00	10
Fuck			
Fujita scale			
Futures contract			
GO Transit			
Gemini 1	P619	1964-04-08	11
Gemini 10	P619	1966-07-18	11
Gemini 11	P619	1966-09-12	11
Gemini 12	P619	1966-11-11	11
Gemini 3	P619	1965-03-23	11
Gemini 4	P619	1965-06-03	11
Gemini 5	P619	1965-08-21	11
Gemini 6A	P619	1965-12-15	11
Gemini 7	P619	1965-12-04	11
Gemini 8	P619	1966-03-16	11
Gemini 9A	P619	1966-06-03	11
General Roman Calendar			
Geneva International Motor Show	P580	1905-00-00	9
German reunification	P580	1989-11-09	11
German reunification	P582	1990-10-03	11
German reunification	P585	1991-03-15	11
Glasnost meeting	P585	1965-12-05	11
Glenville shootout			
Golden Age Nursing Home fire			
Good Friday			
Great Train Robbery (1963)	P585	1963-08-08	11
Greek junta	P585	1967-04-21	11
Grenelle agreements	P585	1968-05-27	11
Gulf of Tonkin Resolution	P580	1964-08-07	11
Gulf of Tonkin Resolution	P582	1964-08-07	11
Gulf of Tonkin Resolution	P585	1964-08-07	11
HIV/AIDS	P580	1959-00-00	9
Haemophilia			
Harlem riot of 1964	P585	1964-07-01	11
Harmelen train disaster	P585	1962-01-08	11
Heart of Atlanta Motel, Inc. v. United States			
Heidi Game	P585	1968-11-17	11
Holiday on Ice			
Hoop rolling			
Humanae vitae			
Hungry generation			
Hurricane Camille	P580	1969-08-14	11
Hurricane Camille	P582	1969-08-22	11
Hurricane Camille	P585	1969-08-00	10
Hurricane Creek mine disaster			
Hurricane Flora	P580	1963-09-26	11
Hurricane Flora	P582	1963-10-12	11
Hurricane Inez	P580	1966-09-21	11
Hurricane Inez	P582	1966-10-11	11
Huế chemical attacks	P585	1963-06-03	11
Hà My massacre	P585	1968-02-25	11
I Have a Dream	P585	1963-08-28	11
Ich bin ein Berliner	P585	1963-06-26	11
Immigration			
Indianapolis 500			
India–Pakistan war of 1965	P580	1965-08-00	10
India–Pakistan war of 1965	P582	1965-09-23	11
Indonesian mass killings of 1965–66	P580	1965-00-00	9
Indonesian mass killings of 1965–66	P582	1966-00-00	9
Indonesian mass killings of 1965–66	P585	1965-10-00	10
Institutional Act Number Five			
Internal resistance to apartheid	P580	1950-00-00	9
Internal resistance to apartheid	P582	1994-00-00	9
Internal resistance to apartheid	P585	1950-12-17	11
International Agreement on the Neutrality of Laos			
International Convention on the Elimination of All Forms of Racial Discrimination	P585	1969-01-04	11
International Covenant on Civil and Political Rights	P585	1966-12-16	11
International Covenant on Economic, Social and Cultural Rights			
Jackson State killings	P585	1970-05-15	11
Jamhuri Day			
January 1963 lunar eclipse	P585	1963-01-09	11
January 1964 South Vietnamese coup	P585	1964-01-30	11
Japan Air Lines Flight 2	P585	1968-11-22	11
Japan Air Lines Flight 351	P585	1970-03-31	11
Japanese Red Army			
Jewish deicide			
Jordanian campaign (1967)	P580	1967-06-06	11
Jordanian campaign (1967)	P582	1967-06-07	11
Jordanian campaign (1967)	P585	1967-06-07	11
Jornal Nacional	P580	1969-09-01	11
Joseph and the Amazing Technicolor Dreamcoat			
June			
June 1962 Alcatraz escape	P580	1962-06-11	11
June 1962 Alcatraz escape	P585	1962-06-11	11
Kent State shootings	P580	1970-05-04	11
Kent State shootings	P582	1970-05-04	11
Kent State shootings	P585	1970-05-04	11
Killing of Meredith Hunter			
Killing of Peter Fechter	P585	1962-08-17	11
King assassination riots	P580	1968-04-04	11
King assassination riots	P582	1968-05-27	11
Konfrontasi	P580	1963-01-20	11
Konfrontasi	P582	1966-08-11	11
Kwanzaa			
LGBTQ movements			
La Noche de los Bastones Largos	P585	1966-07-29	11
Langenweddingen level crossing disaster	P585	1967-07-06	11
Laotian Civil War	P580	1959-05-23	11
Laotian Civil War	P582	1975-12-02	11
Letter from Birmingham Jail			
Little Feller (nuclear tests)	P585	1962-00-00	9
Loss of MV Darlwyne	P585	1966-00-00	9
Loving v. Virginia	P585	1967-06-12	11
Lubbock tornado	P585	1970-05-11	11
Lumen gentium			
Luna 16	P619	1970-09-12	11
Lysenkoism	P580	1933-00-00	9
Lysenkoism	P582	1965-00-00	9
Major League Baseball			
Manual Enterprises, Inc. v. Day			
March Against Fear	P580	1966-06-05	11
March Against Fear	P582	1966-06-26	11
March of the One Hundred Thousand			
March on Washington	P585	1963-08-28	11
Marine, &c., Broadcasting (Offences) Act 1967			
Mariner 3	P619	1964-11-05	11
Mariner program	P580	1962-00-00	9
Mariner program	P582	1973-00-00	9
Martyrs' Day (Panama)			
Mass in the Catholic Church			
Matricide			
May 1966 lunar eclipse	P585	1966-05-04	11
Medicaid			
Medicare (United States)			
Melbourne–Evans collision			
Melbourne–Voyager collision			
Mengo Crisis			
Mercury-Atlas 10	P619	1963-00-00	9
Mercury-Atlas 6	P619	1962-02-20	11
Mercury-Atlas 7	P619	1962-05-24	11
Mercury-Atlas 8	P619	1962-10-03	11
Mercury-Atlas 9	P619	1963-05-15	11
Mikawashima train crash	P585	1962-05-03	11
Milton Keynes			
Minneapolis Aquatennial			
Miranda v. Arizona	P580	1966-00-00	9
Miss Universe 1962	P585	1962-07-14	11
Miss World 1970	P585	1970-00-00	9
Montoneros			
Montreal Metro			
Montreal Stock Exchange bombing	P585	1969-02-13	11
Moon landing			
Moors murders	P580	1963-07-01	10
Moors murders	P582	1965-10-01	10
Moratorium to End the War in Vietnam	P585	1969-10-15	11
Mozambican War of Independence	P580	1964-09-25	11
Mozambican War of Independence	P582	1974-09-08	11
Muhammad Ali vs. Sonny Liston	P585	1965-05-25	11
Murder of John Alan West			
Murder of Sylvia Likens	P585	1965-10-26	11
Murders of Chaney, Goodman, and Schwerner	P585	1964-06-21	11
My Lai massacre	P585	1968-03-16	11
NHL entry draft			
National Football League			
National Hockey League			
National Mobilization Committee to End the War in Vietnam			
New York Agreement	P585	1962-08-15	11
New Zealand dollar	P580	1967-07-10	11
New Zealand pound	P580	1840-00-00	9
New Zealand pound	P582	1967-07-10	11
Nigerian Civil War	P580	1967-07-06	11
Nigerian Civil War	P582	1970-01-15	11
Night of the Long Knives (1962)	P585	1962-00-00	9
North Sea flood of 1962	P580	1962-02-16	11
North Sea flood of 1962	P582	1962-02-17	11
North Yemen civil war	P580	1962-09-26	11
North Yemen civil war	P582	1970-12-01	11
Northwest Orient Airlines Flight 705	P585	1963-02-12	11
Nuclear warfare	P580	1940-00-00	8
Occupational Safety and Health Act (United States)			
October 1967 lunar eclipse	P585	1967-10-18	11
October Crisis	P585	1970-10-00	10
October Revolution	P580	1917-10-25	11
October Revolution	P582	1917-10-26	11
October Revolution	P585	1917-10-25	11
October Revolution	P585	1917-11-07	11
Official Secrets Act			
Operation Banner	P580	1969-08-14	11
Operation Banner	P582	2007-07-31	11
Operation Cedar Falls	P580	1967-01-08	11
Operation Cedar Falls	P582	1967-01-26	11
Operation Commando Hunt	P580	1968-11-11	11
Operation Commando Hunt	P582	1972-03-29	11
Operation Commando Hunt	P585	1968-11-11	11
Operation Crosstie	P585	1960-00-00	8
Operation Deckhouse Five	P580	1967-01-06	11
Operation Deckhouse Five	P582	1967-01-15	11
Operation Dwarka	P585	1965-09-07	11
Operation Focus	P585	1967-06-05	11
Operation Green Sea	P585	1970-11-22	11
Operation Hump	P580	1965-11-05	11
Operation Hump	P582	1965-11-08	11
Operation Hump	P585	1965-11-08	11
Operation Ivory Coast	P585	1970-11-21	11
Operation Jefferson Glenn	P580	1970-09-05	11
Operation Jefferson Glenn	P582	1971-10-08	11
Operation Mandrel			
Operation Pierce Arrow	P585	1964-08-05	11
Operation Rolling Thunder	P580	1965-03-02	11
Operation Rolling Thunder	P582	1968-11-02	11
Operation Sealords	P580	1968-00-00	9
Operation Sealords	P582	1971-00-00	9
Operation Sealords	P585	1968-00-00	9
Operation Starlite	P585	1965-00-00	9
Operation Swift	P580	1967-09-04	11
Operation Swift	P582	1967-09-15	11
Operation Swift	P585	1967-09-15	11
Opposition to United States involvement in the Vietnam War	P585	1963-00-00	9
Orangeburg Massacre	P585	1968-02-08	11
Organisation armée secrète			
Outer Space Treaty	P585	1967-01-27	11
PAP–UMNO relations			
Pacem in terris			
Pacific Air Lines Flight 773	P585	1964-05-07	11
Palestinian insurgency in South Lebanon	P580	1968-00-00	9
Palestinian insurgency in South Lebanon	P582	1982-00-00	9
Palestinian insurgency in South Lebanon	P585	1968-00-00	9
Pan Am Flight 214	P585	1963-12-08	11
Pan Am Flight 281	P585	1968-11-24	11
Partial Nuclear Test Ban Treaty	P585	1963-08-05	11
Patent Cooperation Treaty	P585	1970-06-19	11
Petit-Clamart attack	P585	1962-08-22	11
Phong Nhị and Phong Nhất massacre	P585	1968-02-12	11
Piazza Fontana bombing	P585	1969-12-12	11
Piedmont Airlines Flight 22	P585	1967-07-19	11
Pope			
Populorum progressio			
Port Huron Statement			
Pound sterling	P580	1694-07-27	11
Prague Spring	P585	1968-00-00	9
President for life			
Proclamation of Singapore			
Project 596	P585	1964-10-16	11
Project 639	P585	1967-06-17	11
Project Mercury	P580	1958-00-00	9
Project Mercury	P582	1963-00-00	9
Public Broadcasting Act of 1967	P585	1967-00-00	9
Quebec sovereignty movement			
Race Relations Act 1965			
Racial segregation in the United States			
Racism			
Radical feminism			
Ranger program	P580	1959-00-00	9
Ranger program	P582	1965-00-00	9
Ras Sedr massacre	P585	1967-06-00	10
Rastafari			
Red Army Faction			
Republican National Convention			
Rescue Agreement	P585	1967-01-01	9
Rhodesia's Unilateral Declaration of Independence	P585	1965-11-11	11
Richmond, Indiana explosion	P585	1968-04-06	11
Right-wing politics			
Rivers of Blood speech	P585	1968-04-20	11
Rivonia Trial			
Rodney riots	P585	1968-10-00	10
Rosariazo	P580	1969-05-00	10
Rosariazo	P582	1969-09-31	10
Rosariazo	P585	1969-00-00	9
Scopes trial	P585	1925-00-00	9
Second Vatican Council	P580	1962-10-11	11
Second Vatican Council	P582	1965-12-08	11
Second inauguration of Lyndon B. Johnson	P585	1965-01-20	11
Selma to Montgomery marches	P580	1965-03-07	11
Selma to Montgomery marches	P582	1965-03-25	11
Selma to Montgomery marches	P585	1965-03-00	10
Shepherd's Bush murders	P585	1966-08-12	11
Silver certificate (United States)			
Sino-Indian War	P580	1962-10-20	11
Sino-Indian War	P582	1962-11-21	11
Sino-Soviet border conflict	P580	1969-03-02	11
Sino-Soviet border conflict	P582	1969-09-11	11
Sino-Soviet split			
Six-Day War	P580	1967-06-05	11
Six-Day War	P582	1967-06-10	11
Smog			
Social Security Amendments of 1965			
Solar eclipse of August 31, 1970	P585	1970-08-31	11
Solar eclipse of February 5, 1962	P585	1962-02-05	11
Solar eclipse of January 25, 1963	P585	1963-01-25	11
Solar eclipse of July 31, 1962	P585	1962-07-31	11
Solar eclipse of March 18, 1969	P585	1969-03-18	11
Solar eclipse of May 9, 1967	P585	1967-05-09	11
Solar eclipse of November 2, 1967	P585	1967-11-02	11
Solar eclipse of September 11, 1969	P585	1969-09-11	11
Sonny Liston vs. Cassius Clay	P585	1964-02-00	10
South African Airways Flight 228	P585	1968-04-20	11
South African Border War	P580	1966-08-26	11
South African Border War	P582	1990-03-21	11
South African Border War	P585	1966-08-26	11
South West Africa			
Southern Airways Flight 932	P585	1970-11-14	11
Soyuz 1	P619	1967-04-23	11
Soyuz 4	P619	1969-01-14	11
Soyuz 5	P619	1969-01-15	11
Soyuz 9	P619	1970-06-01	11
Space rendezvous			
Spanish Civil War	P580	1936-07-18	11
Spanish Civil War	P582	1939-04-01	11
Spiegel affair			
Splashdown			
Stanley Cup			
State funeral of John F. Kennedy	P580	1963-11-23	11
State funeral of John F. Kennedy	P582	1963-11-25	11
State of emergency			
Stockport air disaster	P585	1967-06-04	11
Stonewall riots	P580	1969-06-28	11
Stonewall riots	P582	1969-07-03	11
Stonewall riots	P585	1969-07-03	11
Strategic Arms Limitation Talks	P585	1979-06-18	11
Strike action			
Surveyor program	P580	1966-00-00	9
Surveyor program	P582	1968-00-00	9
Suspect			
TABSO Flight 101	P585	1966-11-24	11
TWA Flight 840 (1969)	P585	1969-08-29	11
Tashkent Declaration	P585	1966-01-10	11
Tate–LaBianca murders	P585	1969-08-00	10
Terrorism			
Tet Offensive	P580	1968-01-30	11
Tet Offensive	P582	1968-09-23	11
Thalidomide scandal	P580	1961-00-00	9
The Angry Brigade			
The Beatles' 1966 US tour	P580	1966-08-12	11
The Beatles' 1966 US tour	P582	1966-08-29	11
The Mother of All Demos	P585	1968-12-09	11
The Nutcracker			
The Tragedy of Gate 12	P585	1968-06-23	11
The Troubles	P580	1960-00-00	8
The Troubles	P582	1998-00-00	9
The Troubles	P585	1998-00-00	9
Tlatelolco massacre	P585	1968-10-02	11
Tornado outbreak sequence of June 1966	P585	1966-00-00	9
Torrey Canyon oil spill			
Trans-Canada Air Lines Flight 831	P585	1963-11-29	11
Treaty on Basic Relations Between Japan and the Republic of Korea	P585	1965-06-22	11
Treaty on the Non-Proliferation of Nuclear Weapons	P585	1968-07-01	11
Trois Glorieuses (1963)	P580	1963-08-13	11
Trois Glorieuses (1963)	P582	1963-08-15	11
Trois Glorieuses (1963)	P585	1963-00-00	9
Tsurumi rail accident	P585	1963-11-09	11
Twenty-fifth Amendment to the United States Constitution			
Twenty-fourth Amendment to the United States Constitution			
Typhoon Carmen (1965)	P580	1965-10-01	11
Typhoon Carmen (1965)	P582	1965-10-11	11
Typhoon Wanda (1962)	P580	1962-08-27	11
Typhoon Wanda (1962)	P582	1962-09-01	11
UEFA Champions League			
UEFA Euro 1968	P580	1968-06-05	11
UEFA Euro 1968	P582	1968-06-10	11
UEFA Euro 1968	P585	1968-06-00	10
UFOs of Pudasjärvi	P580	1967-11-13	11
UFOs of Pudasjärvi	P582	1971-01-29	11
USS Liberty incident	P585	1967-06-08	11
Uniform Time Act			
United Air Lines Flight 227	P585	1965-11-11	11
United Air Lines Flight 297	P585	1962-11-23	11
United Nations Emergency Force			
United Nations Security Council Resolution 216			
United Nations Security Council Resolution 217			
United Nations Security Council Resolution 230			
United Nations Security Council Resolution 242			
United Nations Security Council Resolution 47			
United States dollar	P580	1792-00-00	9
United States embargo against Cuba			
University of Texas tower shooting	P585	1966-07-31	11
University of Texas tower shooting	P585	1966-08-01	11
Uxoricide			
Valentine's Day			
Van Gend en Loos v Nederlandse Administratie der Belastingen			
Vela Uniform			
Venera program			
Vesak			
Viasa Flight 742	P585	1969-03-16	11
Victoria Derby			
Vienna Convention on Road Signs and Signals	P585	1968-11-08	11
Viet Cong			
Vietnam War	P580	1955-11-01	11
Vietnam War	P582	1975-04-30	11
Vietnam War	P585	1975-04-30	11
Vietnam War draft			
Vive le Québec libre	P585	1967-07-24	11
Voskhod 1	P619	1964-10-12	11
Voskhod 2	P580	1965-03-18	11
Voskhod 2	P582	1965-03-19	11
Voskhod 2	P619	1965-03-18	11
Vostok 6	P619	1963-06-16	11
Voting Rights Act of 1965			
WWE Championship			
War crime			
Warsaw Pact invasion of Czechoslovakia	P580	1968-08-20	11
Warsaw Pact invasion of Czechoslovakia	P582	1968-08-21	11
Warsaw Pact invasion of Czechoslovakia	P585	1968-08-21	11
Watts riots	P580	1965-08-11	11
Watts riots	P582	1965-08-16	11
Watts riots	P585	1965-08-17	11
We choose to go to the Moon	P585	1962-09-12	11
West Coast Airlines Flight 956	P585	1966-10-01	11
White supremacy			
Wichita State University football team plane crash	P585	1970-10-02	11
Wimbledon Championships			
Woodstock	P580	1969-08-15	11
Woodstock	P582	1969-08-18	11
World War II	P580	1939-09-01	11
World War II	P582	1945-09-02	11
Wunder von Lengede	P585	1963-10-24	11
Xá Lợi Pagoda raids	P585	1963-08-21	11
Zimbabwe African National Liberation Army			
Zimbabwe African National Union			
Élysée Treaty	P585	1963-01-22	11
Évian Accords	P585	1962-03-18	11
