id	wall_s	requests	status	model_s	network_s	note
tag-lead-001	0.293	1	200	0.042	0.251	
tag-lead-002	0.111	1	200	0.028	0.083	
tag-lead-003	0.245	1	200	0.021	0.224	
tag-lead-004	0.096	1	200	0.026	0.07	
tag-lead-005	0.128	1	200	0.017	0.111	
tag-lead-006	0.13	1	200	0.026	0.104	
tag-lead-007	0.129	1	200	0.025	0.104	
tag-lead-008	0.112	1	200	0.025	0.087	
tag-lead-009	0.1	1	200	0.025	0.075	
tag-lead-010	0.059	1	200	0.016	0.043	
tag-lead-011	0.141	1	200	0.026	0.115	
tag-lead-012	0.07	1	200	0.026	0.044	
tag-lead-013	0.075	1	200	0.015	0.06	
tag-lead-014	0.125	1	200	0.026	0.099	
tag-lead-015	0.074	1	200	0.016	0.058	
tag-lead-016	0.063	1	200	0.02	0.043	
tag-lead-017	0.182	1	200	0.027	0.155	
tag-lead-018	0.194	1	200	0.026	0.168	
tag-lead-019	0.108	1	200	0.026	0.082	
tag-lead-020	0.148	1	200	0.025	0.123	
tag-lead-021	0.085	1	200	0.024	0.061	
tag-lead-022	0.155	1	200	0.026	0.129	
tag-lead-023	0.071	1	200	0.017	0.054	
tag-lead-024	0.073	1	200	0.025	0.048	
tag-lead-025	0.129	1	200	0.016	0.113	
tag-lead-026	0.257	1	200	0.025	0.232	
tag-lead-027	0.076	1	200	0.028	0.048	
tag-lead-028	0.099	1	200	0.016	0.083	
tag-lead-029	0.11	1	200	0.025	0.085	
tag-lead-030	0.119	1	200	0.025	0.094	
tag-lead-031	0.163	1	200	0.025	0.138	
tag-lead-032	0.273	1	200	0.026	0.247	
tag-lead-033	0.197	1	200	0.026	0.171	
tag-lead-034	0.116	1	200	0.025	0.091	
tag-lead-035	0.105	1	200	0.018	0.087	
tag-lead-036	0.146	1	200	0.025	0.121	
tag-lead-037	0.197	1	200	0.026	0.171	
tag-lead-038	0.101	1	200	0.025	0.076	
tag-lead-039	0.218	1	200	0.016	0.202	
tag-lead-040	0.172	1	200	0.025	0.147	
tag-lead-041	0.178	1	200	0.026	0.152	
tag-lead-042	0.352	1	200	0.025	0.327	
tag-lead-043	0.298	1	200	0.026	0.272	
tag-lead-044	0.246	1	200	0.029	0.217	
tag-lead-045	0.327	1	200	0.027	0.3	
tag-lead-046	0.48	1	200	0.026	0.454	
tag-lead-047	0.268	1	200	0.027	0.241	
tag-lead-048	0.085	1	200	0.016	0.069	
tag-lead-049	0.119	1	200	0.025	0.094	
tag-lead-050	0.137	1	200	0.028	0.109	
tag-lead-051	0.616	1	200	0.016	0.6	
tag-lead-052	0.167	1	200	0.026	0.141	
tag-lead-053	0.252	1	200	0.026	0.226	
tag-lead-054	0.22	1	200	0.027	0.193	
tag-lead-055	0.074	1	200	0.016	0.058	
tag-lead-056	0.156	1	200	0.025	0.131	
tag-lead-057	0.179	1	200	0.026	0.153	
tag-lead-058	0.351	1	200	0.028	0.323	
tag-lead-059	0.191	1	200	0.025	0.166	
tag-lead-060	0.186	1	200	0.026	0.16	
tag-lead-061	0.211	1	200	0.027	0.184	
tag-lead-062	0.165	1	200	0.024	0.141	
tag-lead-063	0.092	1	200	0.025	0.067	
tag-lead-064	0.117	1	200	0.025	0.092	
tag-lead-065	0.137	1	200	0.025	0.112	
tag-lead-066	0.144	1	200	0.025	0.119	
tag-lead-067	0.074	1	200	0.026	0.048	
tag-lead-068	0.167	1	200	0.025	0.142	
tag-lead-069	0.144	1	200	0.025	0.119	
tag-lead-070	0.15	1	200	0.025	0.125	
tag-lead-071	0.483	1	200	0.026	0.457	
tag-lead-072	0.194	1	200	0.025	0.169	
tag-lead-073	0.172	1	200	0.025	0.147	
tag-lead-074	0.099	1	200	0.026	0.073	
tag-lead-075	0.102	1	200	0.026	0.076	
tag-lead-076	0.078	1	200	0.016	0.062	
tag-lead-077	0.134	1	200	0.026	0.108	
tag-lead-078	0.133	1	200	0.025	0.108	
tag-lead-079	0.124	1	200	0.026	0.098	
tag-lead-080	0.169	1	200	0.027	0.142	
tag-lead-081	0.12	1	200	0.026	0.094	
tag-lead-082	0.07	1	200	0.016	0.054	
tag-lead-083	0.142	1	200	0.016	0.126	
tag-lead-084	0.108	1	200	0.025	0.083	
tag-lead-085	0.091	1	200	0.026	0.065	
tag-lead-086	0.091	1	200	0.026	0.065	
tag-lead-087	0.112	1	200	0.028	0.084	
tag-lead-088	0.16	1	200	0.026	0.134	
tag-lead-089	0.083	1	200	0.025	0.058	
tag-lead-090	0.073	1	200	0.016	0.057	
tag-lead-091	0.105	1	200	0.025	0.08	
tag-lead-092	0.078	1	200	0.017	0.061	
tag-lead-093	0.616	1	200	0.026	0.59	
tag-lead-094	0.091	1	200	0.026	0.065	
tag-lead-095	0.371	1	200	0.016	0.355	
tag-lead-096	0.16	1	200	0.025	0.135	
tag-lead-097	0.082	1	200	0.027	0.055	
tag-lead-098	0.097	1	200	0.026	0.071	
tag-lead-099	0.118	1	200	0.026	0.092	
tag-lead-100	0.153	1	200	0.024	0.129	
tag-lead-101	0.071	1	200	0.016	0.055	
tag-lead-102	0.106	1	200	0.026	0.08	
tag-lead-103	0.151	1	200	0.025	0.126	
tag-lead-104	0.17	1	200	0.025	0.145	
tag-lead-105	0.138	1	200	0.025	0.113	
tag-lead-106	0.063	1	200	0.018	0.045	
tag-lead-107	0.095	1	200	0.025	0.07	
tag-lead-108	0.099	1	200	0.016	0.083	
tag-lead-109	0.104	1	200	0.025	0.079	
tag-lead-110	0.07	1	200	0.016	0.054	
tag-lead-111	0.119	1	200	0.026	0.093	
tag-lead-112	0.079	1	200	0.019	0.06	
tag-lead-113	0.097	1	200	0.025	0.072	
tag-lead-114	0.128	1	200	0.026	0.102	
tag-lead-115	0.134	1	200	0.026	0.108	
tag-lead-116	0.12	1	200	0.026	0.094	
tag-lead-117	0.1	1	200	0.025	0.075	
tag-lead-118	0.099	1	200	0.025	0.074	
tag-lead-119	0.064	1	200	0.021	0.043	
tag-lead-120	0.164	1	200	0.016	0.148	
tag-lead-121	0.115	1	200	0.026	0.089	
tag-lead-122	0.151	1	200	0.026	0.125	
tag-lead-123	0.336	1	200	0.026	0.31	
tag-lead-124	0.074	1	200	0.016	0.058	
tag-lead-125	0.242	1	200	0.026	0.216	
tag-lead-126	0.102	1	200	0.025	0.077	
tag-lead-127	0.121	1	200	0.025	0.096	
tag-lead-128	0.107	1	200	0.026	0.081	
tag-lead-129	0.429	1	200	0.018	0.411	
tag-lead-130	0.069	1	200	0.023	0.046	
tag-lead-131	0.122	1	200	0.024	0.098	
tag-lead-132	0.108	1	200	0.024	0.084	
tag-lead-133	0.088	1	200	0.024	0.064	
tag-lead-134	0.13	1	200	0.015	0.115	
tag-lead-135	0.16	1	200	0.025	0.135	
tag-lead-136	0.245	1	200	0.026	0.219	
tag-lead-137	0.108	1	200	0.025	0.083	
tag-lead-138	0.108	1	200	0.025	0.083	
tag-lead-139	0.07	1	200	0.016	0.054	
tag-lead-140	0.256	1	200	0.027	0.229	
tag-lead-141	0.104	1	200	0.029	0.075	
tag-lead-142	0.067	1	200	0.018	0.049	
tag-lead-143	0.175	1	200	0.016	0.159	
tag-lead-144	0.201	1	200	0.026	0.175	
tag-lead-145	0.099	1	200	0.017	0.082	
tag-lead-146	0.111	1	200	0.016	0.095	
tag-lead-147	0.116	1	200	0.016	0.1	
tag-lead-148	0.136	1	200	0.016	0.12	
tag-lead-149	0.118	1	200	0.026	0.092	
tag-lead-150	0.117	1	200	0.025	0.092	
tag-lead-151	0.105	1	200	0.027	0.078	
tag-lead-152	0.183	1	200	0.025	0.158	
tag-lead-153	0.102	1	200	0.026	0.076	
tag-lead-154	0.089	1	200	0.016	0.073	
tag-lead-155	0.194	1	200	0.025	0.169	
tag-lead-156	0.274	1	200	0.026	0.248	
tag-lead-157	0.153	1	200	0.025	0.128	
tag-lead-158	0.085	1	200	0.025	0.06	
tag-lead-159	0.163	1	200	0.016	0.147	
tag-lead-160	0.124	1	200	0.027	0.097	
tag-lead-161	0.05	1	200	0.016	0.034	
tag-lead-162	0.11	1	200	0.025	0.085	
tag-lead-163	0.116	1	200	0.025	0.091	
tag-lead-164	0.188	1	200	0.026	0.162	
tag-lead-165	0.09	1	200	0.035	0.055	
tag-lead-166	0.095	1	200	0.026	0.069	
tag-lead-167	0.12	1	200	0.026	0.094	
tag-lead-168	0.173	1	200	0.026	0.147	
tag-lead-169	0.156	1	200	0.026	0.13	
tag-lead-170	0.235	1	200	0.021	0.214	
tag-lead-171	0.088	1	200	0.026	0.062	
tag-lead-172	0.136	1	200	0.02	0.116	
tag-lead-173	0.108	1	200	0.024	0.084	
tag-lead-174	0.195	1	200	0.024	0.171	
tag-lead-175	0.076	1	200	0.02	0.056	
tag-lead-176	0.068	1	200	0.013	0.055	
tag-lead-177	0.184	1	200	0.022	0.162	
tag-lead-178	0.132	1	200	0.02	0.112	
tag-lead-179	0.141	1	200	0.022	0.119	
tag-lead-180	0.171	1	200	0.022	0.149	
tag-lead-181	0.139	1	200	0.021	0.118	
tag-lead-182	0.113	1	200	0.015	0.098	
score-popularity-001	0.107	1	200	0.017	0.09	
score-popularity-002	0.206	1	200	0.02	0.186	
score-popularity-003	0.13	1	200	0.02	0.11	
score-popularity-004	0.065	1	200	0.011	0.054	
score-popularity-005	0.077	1	200	0.011	0.066	
score-popularity-006	0.177	1	200	0.02	0.157	
score-popularity-007	0.107	1	200	0.02	0.087	
score-popularity-008	0.072	1	200	0.012	0.06	
score-popularity-009	0.106	1	200	0.02	0.086	
score-popularity-010	0.163	1	200	0.02	0.143	
score-popularity-011	0.122	1	200	0.012	0.11	
score-popularity-012	0.113	1	200	0.02	0.093	
score-popularity-013	0.112	1	200	0.02	0.092	
score-popularity-014	0.155	1	200	0.02	0.135	
score-popularity-015	0.142	1	200	0.02	0.122	
score-popularity-016	0.176	1	200	0.02	0.156	
score-popularity-017	0.183	1	200	0.02	0.163	
score-popularity-018	0.159	1	200	0.02	0.139	
score-popularity-019	0.122	1	200	0.02	0.102	
score-popularity-020	0.129	1	200	0.02	0.109	
score-popularity-021	0.138	1	200	0.02	0.118	
score-popularity-022	0.179	1	200	0.02	0.159	
score-popularity-023	0.153	1	200	0.02	0.133	
score-popularity-024	0.184	1	200	0.02	0.164	
score-popularity-025	0.294	1	200	0.02	0.274	
score-popularity-026	0.14	1	200	0.02	0.12	
score-popularity-027	0.145	1	200	0.02	0.125	
score-popularity-028	0.193	1	200	0.018	0.175	
score-popularity-029	0.215	1	200	0.02	0.195	
score-popularity-030	0.106	1	200	0.011	0.095	
score-popularity-031	0.239	1	200	0.02	0.219	
score-popularity-032	0.083	1	200	0.02	0.063	
score-popularity-033	0.094	1	200	0.011	0.083	
score-popularity-034	0.208	1	200	0.02	0.188	
score-popularity-035	0.145	1	200	0.02	0.125	
score-popularity-036	0.217	1	200	0.02	0.197	
score-popularity-037	0.078	1	200	0.02	0.058	
score-popularity-038	0.197	1	200	0.02	0.177	
score-popularity-039	0.125	1	200	0.02	0.105	
score-popularity-040	0.138	1	200	0.02	0.118	
score-popularity-041	0.089	1	200	0.02	0.069	
score-popularity-042	0.111	1	200	0.02	0.091	
score-popularity-043	0.147	1	200	0.02	0.127	
score-popularity-044	0.086	1	200	0.02	0.066	
score-popularity-045	0.254	1	200	0.02	0.234	
score-popularity-046	0.242	1	200	0.02	0.222	
score-popularity-047	0.187	1	200	0.018	0.169	
score-popularity-048	0.111	1	200	0.02	0.091	
score-popularity-049	0.232	1	200	0.02	0.212	
score-popularity-050	0.128	1	200	0.02	0.108	
score-popularity-051	0.136	1	200	0.02	0.116	
score-popularity-052	0.397	1	200	0.02	0.377	
score-popularity-053	0.142	1	200	0.02	0.122	
score-popularity-054	0.093	1	200	0.012	0.081	
score-popularity-055	0.087	1	200	0.02	0.067	
score-popularity-056	0.061	1	200	0.011	0.05	
score-popularity-057	0.053	1	200	0.011	0.042	
score-popularity-058	0.073	1	200	0.011	0.062	
score-popularity-059	0.196	1	200	0.02	0.176	
score-popularity-060	0.118	1	200	0.02	0.098	
score-popularity-061	0.128	1	200	0.019	0.109	
score-popularity-062	0.167	1	200	0.021	0.146	
score-popularity-063	0.138	1	200	0.02	0.118	
score-popularity-064	0.16	1	200	0.02	0.14	
score-popularity-065	0.11	1	200	0.02	0.09	
score-popularity-066	0.168	1	200	0.02	0.148	
score-popularity-067	0.102	1	200	0.019	0.083	
score-popularity-068	0.144	1	200	0.02	0.124	
score-popularity-069	0.175	1	200	0.02	0.155	
score-popularity-070	0.133	1	200	0.02	0.113	
score-popularity-071	0.157	1	200	0.02	0.137	
score-popularity-072	0.128	1	200	0.02	0.108	
score-popularity-073	0.083	1	200	0.021	0.062	
score-popularity-074	0.097	1	200	0.012	0.085	
score-popularity-075	0.107	1	200	0.02	0.087	
score-popularity-076	0.084	1	200	0.02	0.064	
score-popularity-077	0.128	1	200	0.02	0.108	
score-popularity-078	0.143	1	200	0.02	0.123	
score-popularity-079	0.107	1	200	0.02	0.087	
score-popularity-080	0.235	1	200	0.02	0.215	
score-popularity-081	0.148	1	200	0.02	0.128	
score-popularity-082	0.196	1	200	0.02	0.176	
score-popularity-083	0.136	1	200	0.02	0.116	
score-popularity-084	0.142	1	200	0.02	0.122	
score-popularity-085	0.184	1	200	0.02	0.164	
score-popularity-086	0.137	1	200	0.02	0.117	
score-popularity-087	0.192	1	200	0.02	0.172	
score-popularity-088	0.127	1	200	0.02	0.107	
score-popularity-089	0.064	1	200	0.02	0.044	
score-popularity-090	0.161	1	200	0.02	0.141	
score-popularity-091	0.086	1	200	0.02	0.066	
score-popularity-092	0.109	1	200	0.02	0.089	
score-popularity-093	0.216	1	200	0.02	0.196	
score-popularity-094	0.137	1	200	0.02	0.117	
score-popularity-095	0.14	1	200	0.02	0.12	
score-popularity-096	0.148	1	200	0.02	0.128	
score-popularity-097	0.208	1	200	0.02	0.188	
score-popularity-098	0.19	1	200	0.02	0.17	
score-popularity-099	0.148	1	200	0.02	0.128	
score-popularity-100	0.098	1	200	0.021	0.077	
score-popularity-101	0.295	1	200	0.012	0.283	
score-popularity-102	0.192	1	200	0.02	0.172	
score-popularity-103	0.263	1	200	0.02	0.243	
score-popularity-104	0.265	1	200	0.02	0.245	
score-popularity-105	0.259	1	200	0.02	0.239	
score-popularity-106	0.22	1	200	0.02	0.2	
score-popularity-107	0.246	1	200	0.02	0.226	
score-popularity-108	0.111	1	200	0.02	0.091	
score-popularity-109	0.531	1	200	0.02	0.511	
score-popularity-110	0.167	1	200	0.02	0.147	
score-popularity-111	0.15	1	200	0.02	0.13	
score-popularity-112	0.236	1	200	0.02	0.216	
score-popularity-113	0.099	1	200	0.02	0.079	
score-popularity-114	0.132	1	200	0.012	0.12	
score-popularity-115	0.224	1	200	0.02	0.204	
score-popularity-116	0.152	1	200	0.02	0.132	
score-popularity-117	0.127	1	200	0.02	0.107	
score-popularity-118	0.204	1	200	0.02	0.184	
score-popularity-119	0.203	1	200	0.02	0.183	
score-popularity-120	0.118	1	200	0.02	0.098	
score-popularity-121	0.178	1	200	0.02	0.158	
score-popularity-122	0.184	1	200	0.02	0.164	
score-popularity-123	0.14	1	200	0.02	0.12	
score-popularity-124	0.165	1	200	0.02	0.145	
score-popularity-125	0.197	1	200	0.02	0.177	
score-popularity-126	0.133	1	200	0.02	0.113	
score-popularity-127	0.186	1	200	0.02	0.166	
score-popularity-128	0.154	1	200	0.02	0.134	
score-popularity-129	0.081	1	200	0.02	0.061	
score-popularity-130	0.112	1	200	0.011	0.101	
score-popularity-131	0.246	1	200	0.02	0.226	
score-popularity-132	0.504	1	200	0.02	0.484	
score-popularity-133	0.099	1	200	0.02	0.079	
score-popularity-134	0.167	1	200	0.02	0.147	
score-popularity-135	0.15	1	200	0.02	0.13	
score-popularity-136	0.089	1	200	0.02	0.069	
score-popularity-137	0.383	1	200	0.02	0.363	
score-popularity-138	0.192	1	200	0.02	0.172	
score-popularity-139	0.108	1	200	0.02	0.088	
score-popularity-140	0.059	1	200	0.011	0.048	
score-popularity-141	0.188	1	200	0.02	0.168	
score-popularity-142	0.213	1	200	0.02	0.193	
score-popularity-143	0.206	1	200	0.02	0.186	
score-popularity-144	0.17	1	200	0.02	0.15	
score-popularity-145	0.143	1	200	0.02	0.123	
score-popularity-146	0.109	1	200	0.02	0.089	
score-popularity-147	0.161	1	200	0.022	0.139	
score-popularity-148	0.133	1	200	0.02	0.113	
score-popularity-149	0.108	1	200	0.02	0.088	
score-popularity-150	0.112	1	200	0.02	0.092	
score-popularity-151	0.098	1	200	0.02	0.078	
score-popularity-152	0.466	1	200	0.02	0.446	
score-popularity-153	0.181	1	200	0.02	0.161	
score-popularity-154	0.157	1	200	0.02	0.137	
score-popularity-155	0.273	1	200	0.02	0.253	
score-popularity-156	0.249	1	200	0.02	0.229	
score-popularity-157	0.297	1	200	0.02	0.277	
score-popularity-158	0.172	1	200	0.02	0.152	
score-popularity-159	0.12	1	200	0.02	0.1	
score-popularity-160	0.179	1	200	0.02	0.159	
score-popularity-161	0.125	1	200	0.02	0.105	
score-popularity-162	0.117	1	200	0.02	0.097	
score-popularity-163	0.217	1	200	0.02	0.197	
score-popularity-164	0.129	1	200	0.02	0.109	
score-popularity-165	0.11	1	200	0.02	0.09	
score-popularity-166	0.104	1	200	0.01	0.094	
score-popularity-167	0.222	1	200	0.02	0.202	
score-popularity-168	0.094	1	200	0.02	0.074	
score-popularity-169	0.242	1	200	0.02	0.222	
score-popularity-170	0.213	1	200	0.02	0.193	
score-popularity-171	0.16	1	200	0.02	0.14	
filter-singer-1-01	0.16	1	200	0.02	0.14	
filter-singer-1-02	0.161	1	200	0.02	0.141	
filter-singer-1-03	0.079	1	200	0.02	0.059	
filter-singer-1-04	0.152	1	200	0.02	0.132	
filter-singer-1-05	0.094	1	200	0.02	0.074	
filter-singer-1-06	0.162	1	200	0.02	0.142	
filter-singer-1-07	0.076	1	200	0.02	0.056	
filter-singer-1-08	0.149	1	200	0.02	0.129	
filter-singer-1-09	0.094	1	200	0.021	0.073	
filter-singer-1-10	0.232	1	200	0.02	0.212	
filter-singer-1-11	0.087	1	200	0.011	0.076	
filter-singer-1-12	0.105	1	200	0.02	0.085	
filter-singer-1-13	0.138	1	200	0.02	0.118	
filter-singer-1-14	0.081	1	200	0.02	0.061	
filter-singer-1-15	0.084	1	200	0.012	0.072	
filter-singer-1-16	0.13	1	200	0.02	0.11	
filter-singer-1-17	0.183	1	200	0.02	0.163	
filter-singer-1-18	0.197	1	200	0.02	0.177	
filter-singer-1-19	0.171	1	200	0.02	0.151	
filter-singer-1-20	0.111	1	200	0.02	0.091	
filter-singer-1-21	0.176	1	200	0.02	0.156	
filter-singer-1-22	0.118	1	200	0.02	0.098	
filter-singer-1-23	0.126	1	200	0.02	0.106	
filter-singer-1-24	0.141	1	200	0.02	0.121	
filter-singer-1-25	0.165	1	200	0.02	0.145	
filter-singer-1-26	0.166	1	200	0.02	0.146	
filter-singer-1-27	0.119	1	200	0.012	0.107	
filter-singer-1-28	0.29	1	200	0.02	0.27	
filter-singer-1-29	0.1	1	200	0.02	0.08	
filter-singer-1-30	0.109	1	200	0.02	0.089	
filter-singer-2-01	0.132	1	200	0.02	0.112	
filter-singer-2-02	0.124	1	200	0.02	0.104	
filter-singer-2-03	0.208	1	200	0.02	0.188	
filter-singer-2-04	0.226	1	200	0.02	0.206	
filter-singer-2-05	0.116	1	200	0.02	0.096	
filter-singer-2-06	0.186	1	200	0.02	0.166	
filter-singer-2-07	0.085	1	200	0.02	0.065	
filter-singer-2-08	0.148	1	200	0.02	0.128	
filter-singer-2-09	0.077	1	200	0.02	0.057	
filter-singer-2-10	0.157	1	200	0.02	0.137	
filter-singer-2-11	0.261	1	200	0.02	0.241	
filter-singer-2-12	0.078	1	200	0.02	0.058	
filter-singer-2-13	0.124	1	200	0.02	0.104	
filter-singer-2-14	0.098	1	200	0.02	0.078	
filter-singer-2-15	0.117	1	200	0.011	0.106	
filter-singer-2-16	0.169	1	200	0.02	0.149	
filter-singer-2-17	0.124	1	200	0.02	0.104	
filter-singer-2-18	0.288	1	200	0.02	0.268	
filter-singer-2-19	0.181	1	200	0.02	0.161	
filter-singer-2-20	0.184	1	200	0.02	0.164	
filter-singer-2-21	0.085	1	200	0.02	0.065	
filter-singer-2-22	0.099	1	200	0.02	0.079	
filter-singer-2-23	0.139	1	200	0.02	0.119	
filter-singer-2-24	0.137	1	200	0.02	0.117	
filter-singer-2-25	0.152	1	200	0.02	0.132	
filter-singer-2-26	0.15	1	200	0.02	0.13	
filter-singer-2-27	0.14	1	200	0.02	0.12	
filter-singer-2-28	0.202	1	200	0.02	0.182	
filter-singer-2-29	0.289	1	200	0.02	0.269	
filter-singer-2-30	0.186	1	200	0.02	0.166	
filter-singer-3-01	0.134	1	200	0.02	0.114	
filter-singer-3-02	0.143	1	200	0.011	0.132	
filter-singer-3-03	0.218	1	200	0.019	0.199	
filter-singer-3-04	0.185	1	200	0.02	0.165	
filter-singer-3-05	0.131	1	200	0.02	0.111	
filter-singer-3-06	0.209	1	200	0.02	0.189	
filter-singer-3-07	0.287	1	200	0.02	0.267	
filter-singer-3-08	0.078	1	200	0.02	0.058	
filter-singer-3-09	0.233	1	200	0.02	0.213	
filter-singer-3-10	0.114	1	200	0.02	0.094	
filter-singer-3-11	0.249	1	200	0.02	0.229	
filter-singer-3-12	0.28	1	200	0.019	0.261	
filter-singer-3-13	0.075	1	200	0.02	0.055	
filter-singer-3-14	0.116	1	200	0.02	0.096	
filter-singer-3-15	0.128	1	200	0.02	0.108	
filter-singer-3-16	0.078	1	200	0.011	0.067	
filter-singer-3-17	0.145	1	200	0.02	0.125	
filter-singer-3-18	0.132	1	200	0.02	0.112	
filter-singer-3-19	0.285	1	200	0.02	0.265	
filter-singer-3-20	0.188	1	200	0.02	0.168	
filter-singer-3-21	0.139	1	200	0.02	0.119	
filter-singer-3-22	0.186	1	200	0.02	0.166	
filter-singer-3-23	0.201	1	200	0.02	0.181	
filter-singer-3-24	0.268	1	200	0.011	0.257	
filter-singer-3-25	0.2	1	200	0.02	0.18	
filter-singer-3-26	0.179	1	200	0.02	0.159	
filter-singer-3-27	0.122	1	200	0.02	0.102	
filter-singer-3-28	0.143	1	200	0.02	0.123	
filter-singer-3-29	0.119	1	200	0.02	0.099	
filter-singer-3-30	0.098	1	200	0.02	0.078	
filter-singer-4-01	0.213	1	200	0.02	0.193	
filter-singer-4-02	0.3	1	200	0.02	0.28	
filter-singer-4-03	0.175	1	200	0.02	0.155	
filter-singer-4-04	0.276	1	200	0.02	0.256	
filter-singer-4-05	0.184	1	200	0.02	0.164	
filter-singer-4-06	0.287	1	200	0.02	0.267	
filter-singer-4-07	0.209	1	200	0.02	0.189	
filter-singer-4-08	0.08	1	200	0.02	0.06	
filter-singer-4-09	0.243	1	200	0.02	0.223	
filter-singer-4-10	0.096	1	200	0.02	0.076	
filter-singer-4-11	0.123	1	200	0.019	0.104	
filter-singer-4-12	0.211	1	200	0.02	0.191	
filter-singer-4-13	0.153	1	200	0.02	0.133	
filter-singer-4-14	0.079	1	200	0.02	0.059	
filter-singer-4-15	0.118	1	200	0.02	0.098	
filter-singer-4-16	0.086	1	200	0.019	0.067	
filter-singer-4-17	0.089	1	200	0.011	0.078	
filter-singer-4-18	0.106	1	200	0.02	0.086	
filter-singer-4-19	0.133	1	200	0.02	0.113	
filter-singer-4-20	0.166	1	200	0.02	0.146	
filter-singer-4-21	0.188	1	200	0.02	0.168	
filter-singer-4-22	0.125	1	200	0.02	0.105	
filter-singer-4-23	0.112	1	200	0.02	0.092	
filter-singer-4-24	0.165	1	200	0.02	0.145	
filter-singer-4-25	0.149	1	200	0.019	0.13	
filter-singer-4-26	0.21	1	200	0.02	0.19	
filter-singer-4-27	0.058	1	200	0.012	0.046	
filter-singer-4-28	0.303	1	200	0.02	0.283	
filter-singer-4-29	0.147	1	200	0.021	0.126	
filter-singer-4-30	0.088	1	200	0.02	0.068	
filter-album-1-01	0.119	1	200	0.019	0.1	
filter-album-1-02	0.218	1	200	0.02	0.198	
filter-album-1-03	0.115	1	200	0.02	0.095	
filter-album-1-04	0.142	1	200	0.02	0.122	
filter-album-1-05	0.155	1	200	0.02	0.135	
filter-album-1-06	0.085	1	200	0.02	0.065	
filter-album-1-07	0.208	1	200	0.011	0.197	
filter-album-1-08	0.16	1	200	0.02	0.14	
filter-album-1-09	0.239	1	200	0.02	0.219	
filter-album-1-10	0.128	1	200	0.02	0.108	
filter-album-1-11	0.197	1	200	0.02	0.177	
filter-album-1-12	0.153	1	200	0.02	0.133	
filter-album-1-13	0.125	1	200	0.02	0.105	
filter-album-1-14	0.201	1	200	0.02	0.181	
filter-album-1-15	0.185	1	200	0.02	0.165	
filter-album-1-16	0.108	1	200	0.02	0.088	
filter-album-1-17	0.094	1	200	0.02	0.074	
filter-album-1-18	0.129	1	200	0.02	0.109	
filter-album-1-19	0.213	1	200	0.02	0.193	
filter-album-1-20	0.179	1	200	0.02	0.159	
filter-album-1-21	0.163	1	200	0.02	0.143	
filter-album-1-22	0.114	1	200	0.02	0.094	
filter-album-1-23	0.202	1	200	0.02	0.182	
filter-album-1-24	0.095	1	200	0.02	0.075	
filter-album-1-25	0.146	1	200	0.02	0.126	
filter-album-1-26	0.095	1	200	0.02	0.075	
filter-album-1-27	0.126	1	200	0.02	0.106	
filter-album-1-28	0.076	1	200	0.011	0.065	
filter-album-1-29	0.086	1	200	0.02	0.066	
filter-album-1-30	0.123	1	200	0.02	0.103	
filter-album-2-01	0.094	1	200	0.02	0.074	
filter-album-2-02	0.144	1	200	0.02	0.124	
filter-album-2-03	0.151	1	200	0.02	0.131	
filter-album-2-04	0.101	1	200	0.019	0.082	
filter-album-2-05	0.144	1	200	0.02	0.124	
filter-album-2-06	0.128	1	200	0.02	0.108	
filter-album-2-07	0.25	1	200	0.02	0.23	
filter-album-2-08	0.091	1	200	0.02	0.071	
filter-album-2-09	0.108	1	200	0.02	0.088	
filter-album-2-10	0.251	1	200	0.02	0.231	
filter-album-2-11	0.286	1	200	0.019	0.267	
filter-album-2-12	0.196	1	200	0.02	0.176	
filter-album-2-13	0.084	1	200	0.012	0.072	
filter-album-2-14	0.189	1	200	0.02	0.169	
filter-album-2-15	0.067	1	200	0.02	0.047	
filter-album-2-16	0.213	1	200	0.02	0.193	
filter-album-2-17	0.107	1	200	0.02	0.087	
filter-album-2-18	0.101	1	200	0.02	0.081	
filter-album-2-19	0.137	1	200	0.011	0.126	
filter-album-2-20	0.177	1	200	0.02	0.157	
filter-album-2-21	0.183	1	200	0.02	0.163	
filter-album-2-22	0.174	1	200	0.02	0.154	
filter-album-2-23	0.125	1	200	0.021	0.104	
filter-album-2-24	0.128	1	200	0.02	0.108	
filter-album-2-25	0.199	1	200	0.011	0.188	
filter-album-2-26	0.082	1	200	0.02	0.062	
filter-album-2-27	0.172	1	200	0.02	0.152	
filter-album-2-28	0.098	1	200	0.02	0.078	
filter-album-2-29	0.156	1	200	0.02	0.136	
filter-album-2-30	0.103	1	200	0.02	0.083	
filter-album-3-01	0.188	1	200	0.02	0.168	
filter-album-3-02	0.206	1	200	0.019	0.187	
filter-album-3-03	0.122	1	200	0.02	0.102	
filter-album-3-04	0.142	1	200	0.02	0.122	
filter-album-3-05	0.103	1	200	0.02	0.083	
filter-album-3-06	0.23	1	200	0.02	0.21	
filter-album-3-07	0.098	1	200	0.02	0.078	
filter-album-3-08	0.214	1	200	0.02	0.194	
filter-album-3-09	0.098	1	200	0.02	0.078	
filter-album-3-10	0.184	1	200	0.02	0.164	
filter-album-3-11	0.106	1	200	0.02	0.086	
filter-album-3-12	0.123	1	200	0.02	0.103	
filter-album-3-13	0.119	1	200	0.02	0.099	
filter-album-3-14	0.106	1	200	0.02	0.086	
filter-album-3-15	0.096	1	200	0.019	0.077	
filter-album-3-16	0.095	1	200	0.02	0.075	
filter-album-3-17	0.065	1	200	0.011	0.054	
filter-album-3-18	0.148	1	200	0.02	0.128	
filter-album-3-19	0.187	1	200	0.02	0.167	
filter-album-3-20	0.102	1	200	0.02	0.082	
filter-album-3-21	0.263	1	200	0.02	0.243	
filter-album-3-22	0.116	1	200	0.02	0.096	
filter-album-3-23	0.147	1	200	0.02	0.127	
filter-album-3-24	0.221	1	200	0.02	0.201	
filter-album-3-25	0.123	1	200	0.02	0.103	
filter-album-3-26	0.059	1	200	0.02	0.039	
filter-album-3-27	0.281	1	200	0.025	0.256	
filter-album-3-28	0.217	1	200	0.02	0.197	
filter-album-3-29	0.15	1	200	0.02	0.13	
filter-album-3-30	0.141	1	200	0.02	0.121	
filter-album-4-01	0.22	1	200	0.02	0.2	
filter-album-4-02	0.138	1	200	0.02	0.118	
filter-album-4-03	0.088	1	200	0.02	0.068	
filter-album-4-04	0.2	1	200	0.02	0.18	
filter-album-4-05	0.268	1	200	0.02	0.248	
filter-album-4-06	0.069	1	200	0.02	0.049	
filter-album-4-07	0.137	1	200	0.02	0.117	
filter-album-4-08	0.316	1	200	0.02	0.296	
filter-album-4-09	0.131	1	200	0.02	0.111	
filter-album-4-10	0.163	1	200	0.02	0.143	
filter-album-4-11	0.132	1	200	0.02	0.112	
filter-album-4-12	0.096	1	200	0.02	0.076	
filter-album-4-13	0.111	1	200	0.011	0.1	
filter-album-4-14	0.102	1	200	0.02	0.082	
filter-album-4-15	0.085	1	200	0.02	0.065	
filter-album-4-16	0.213	1	200	0.02	0.193	
filter-album-4-17	0.271	1	200	0.02	0.251	
filter-album-4-18	0.232	1	200	0.02	0.212	
filter-album-4-19	0.191	1	200	0.02	0.171	
filter-album-4-20	0.207	1	200	0.02	0.187	
filter-album-4-21	0.164	1	200	0.02	0.144	
filter-album-4-22	0.149	1	200	0.02	0.129	
filter-album-4-23	0.212	1	200	0.02	0.192	
filter-album-4-24	0.16	1	200	0.02	0.14	
filter-album-4-25	0.222	1	200	0.02	0.202	
filter-album-4-26	0.123	1	200	0.02	0.103	
filter-album-4-27	0.211	1	200	0.019	0.192	
filter-album-4-28	0.165	1	200	0.02	0.145	
filter-album-4-29	0.184	1	200	0.02	0.164	
filter-album-4-30	0.211	1	200	0.02	0.191	
rank-popularity-001	0.149	1	200	0.02	0.129	
rank-popularity-002	0.168	1	200	0.02	0.148	
rank-popularity-003	0.196	1	200	0.02	0.176	
rank-popularity-004	0.105	1	200	0.02	0.085	
rank-popularity-005	0.154	1	200	0.02	0.134	
rank-popularity-006	0.175	1	200	0.02	0.155	
rank-popularity-007	0.148	1	200	0.02	0.128	
rank-popularity-008	0.168	1	200	0.02	0.148	
rank-popularity-009	0.123	1	200	0.019	0.104	
rank-popularity-010	0.09	1	200	0.02	0.07	
rank-popularity-011	0.103	1	200	0.02	0.083	
rank-popularity-012	0.139	1	200	0.02	0.119	
rank-popularity-013	0.148	1	200	0.02	0.128	
rank-popularity-014	0.23	1	200	0.02	0.21	
rank-popularity-015	0.136	1	200	0.02	0.116	
rank-popularity-016	0.138	1	200	0.02	0.118	
rank-popularity-017	0.195	1	200	0.02	0.175	
rank-popularity-018	0.127	1	200	0.02	0.107	
rank-popularity-019	0.391	1	200	0.02	0.371	
rank-popularity-020	0.145	1	200	0.02	0.125	
rank-popularity-021	0.217	1	200	0.02	0.197	
rank-popularity-022	0.171	1	200	0.02	0.151	
rank-popularity-023	0.228	1	200	0.02	0.208	
rank-popularity-024	0.145	1	200	0.02	0.125	
rank-popularity-025	0.113	1	200	0.02	0.093	
rank-popularity-026	0.29	1	200	0.02	0.27	
rank-popularity-027	0.185	1	200	0.02	0.165	
rank-popularity-028	0.447	1	200	0.02	0.427	
rank-popularity-029	0.216	1	200	0.02	0.196	
rank-popularity-030	0.124	1	200	0.02	0.104	
rank-popularity-031	0.192	1	200	0.017	0.175	
rank-popularity-032	0.144	1	200	0.02	0.124	
rank-popularity-033	0.359	1	200	0.02	0.339	
rank-popularity-034	0.254	1	200	0.02	0.234	
rank-popularity-035	0.171	1	200	0.02	0.151	
rank-popularity-036	0.157	1	200	0.02	0.137	
rank-popularity-037	0.07	1	200	0.012	0.058	
rank-popularity-038	0.085	1	200	0.02	0.065	
rank-popularity-039	0.111	1	200	0.02	0.091	
rank-popularity-040	0.15	1	200	0.02	0.13	
rank-popularity-041	0.15	1	200	0.02	0.13	
rank-popularity-042	0.097	1	200	0.02	0.077	
rank-popularity-043	0.144	1	200	0.02	0.124	
rank-popularity-044	0.222	1	200	0.02	0.202	
rank-popularity-045	0.14	1	200	0.019	0.121	
rank-popularity-046	0.196	1	200	0.02	0.176	
rank-popularity-047	0.251	1	200	0.02	0.231	
rank-popularity-048	0.177	1	200	0.02	0.157	
rank-popularity-049	0.154	1	200	0.02	0.134	
rank-popularity-050	0.306	1	200	0.019	0.287	
rank-popularity-051	0.146	1	200	0.021	0.125	
rank-popularity-052	0.171	1	200	0.02	0.151	
rank-popularity-053	0.189	1	200	0.02	0.169	
rank-popularity-054	0.19	1	200	0.02	0.17	
rank-popularity-055	0.418	1	200	0.02	0.398	
rank-popularity-056	0.159	1	200	0.02	0.139	
rank-popularity-057	0.129	1	200	0.02	0.109	
rank-popularity-058	0.195	1	200	0.02	0.175	
rank-popularity-059	0.266	1	200	0.02	0.246	
rank-popularity-060	0.25	1	200	0.02	0.23	
rank-popularity-061	0.117	1	200	0.02	0.097	
rank-popularity-062	0.222	1	200	0.02	0.202	
rank-popularity-063	0.192	1	200	0.02	0.172	
rank-popularity-064	0.1	1	200	0.02	0.08	
rank-popularity-065	0.261	1	200	0.02	0.241	
rank-popularity-066	0.156	1	200	0.02	0.136	
rank-popularity-067	0.097	1	200	0.02	0.077	
rank-popularity-068	0.15	1	200	0.02	0.13	
rank-popularity-069	0.407	1	200	0.02	0.387	
rank-popularity-070	0.189	1	200	0.02	0.169	
rank-popularity-071	0.281	1	200	0.02	0.261	
rank-popularity-072	0.172	1	200	0.02	0.152	
rank-popularity-073	0.354	1	200	0.02	0.334	
rank-popularity-074	0.111	1	200	0.02	0.091	
rank-popularity-075	0.153	1	200	0.02	0.133	
rank-popularity-076	0.129	1	200	0.02	0.109	
rank-popularity-077	0.174	1	200	0.02	0.154	
rank-popularity-078	0.264	1	200	0.02	0.244	
rank-popularity-079	0.144	1	200	0.02	0.124	
rank-popularity-080	0.116	1	200	0.02	0.096	
rank-popularity-081	0.153	1	200	0.011	0.142	
rank-popularity-082	0.198	1	200	0.02	0.178	
rank-popularity-083	0.105	1	200	0.02	0.085	
rank-popularity-084	0.126	1	200	0.02	0.106	
rank-popularity-085	0.156	1	200	0.02	0.136	
rank-popularity-086	0.144	1	200	0.02	0.124	
rank-popularity-087	0.163	1	200	0.02	0.143	
rank-popularity-088	0.148	1	200	0.02	0.128	
rank-popularity-089	0.099	1	200	0.02	0.079	
rank-popularity-090	0.13	1	200	0.02	0.11	
rank-popularity-091	0.08	1	200	0.02	0.06	
rank-popularity-092	0.148	1	200	0.018	0.13	
rank-popularity-093	0.327	1	200	0.018	0.309	
rank-popularity-094	0.252	1	200	0.018	0.234	
rank-popularity-095	0.103	1	200	0.019	0.084	
rank-popularity-096	0.165	1	200	0.02	0.145	
rank-popularity-097	0.128	1	200	0.02	0.108	
rank-popularity-098	0.203	1	200	0.019	0.184	
rank-popularity-099	0.121	1	200	0.02	0.101	
rank-popularity-100	0.102	1	200	0.02	0.082	
rank-popularity-101	0.163	1	200	0.02	0.143	
rank-popularity-102	0.121	1	200	0.02	0.101	
rank-popularity-103	0.205	1	200	0.02	0.185	
rank-popularity-104	0.101	1	200	0.011	0.09	
rank-popularity-105	0.146	1	200	0.02	0.126	
rank-popularity-106	0.169	1	200	0.02	0.149	
rank-popularity-107	0.12	1	200	0.02	0.1	
rank-popularity-108	0.091	1	200	0.02	0.071	
rank-popularity-109	0.072	1	200	0.012	0.06	
rank-popularity-110	0.154	1	200	0.019	0.135	
rank-popularity-111	0.209	1	200	0.02	0.189	
rank-popularity-112	0.099	1	200	0.019	0.08	
rank-popularity-113	0.075	1	200	0.011	0.064	
rank-popularity-114	0.143	1	200	0.02	0.123	
rank-popularity-115	0.094	1	200	0.02	0.074	
rank-popularity-116	0.228	1	200	0.02	0.208	
rank-popularity-117	0.102	1	200	0.02	0.082	
rank-popularity-118	0.178	1	200	0.02	0.158	
rank-popularity-119	0.213	1	200	0.02	0.193	
rank-popularity-120	0.075	1	200	0.02	0.055	
rank-popularity-121	0.067	1	200	0.011	0.056	
rank-popularity-122	0.195	1	200	0.02	0.175	
rank-popularity-123	0.099	1	200	0.02	0.079	
rank-popularity-124	0.191	1	200	0.019	0.172	
rank-popularity-125	0.273	1	200	0.02	0.253	
rank-popularity-126	0.226	1	200	0.02	0.206	
rank-popularity-127	0.165	1	200	0.02	0.145	
rank-popularity-128	0.183	1	200	0.02	0.163	
rank-popularity-129	0.135	1	200	0.02	0.115	
rank-popularity-130	0.097	1	200	0.02	0.077	
rank-popularity-131	0.122	1	200	0.02	0.102	
rank-popularity-132	0.099	1	200	0.011	0.088	
rank-popularity-133	0.081	1	200	0.02	0.061	
rank-popularity-134	0.147	1	200	0.025	0.122	
rank-popularity-135	0.19	1	200	0.02	0.17	
rank-popularity-136	0.109	1	200	0.02	0.089	
rank-popularity-137	0.212	1	200	0.019	0.193	
rank-popularity-138	0.122	1	200	0.02	0.102	
rank-popularity-139	0.199	1	200	0.02	0.179	
rank-popularity-140	0.201	1	200	0.02	0.181	
rank-popularity-141	0.175	1	200	0.02	0.155	
rank-popularity-142	0.174	1	200	0.02	0.154	
rank-popularity-143	0.129	1	200	0.02	0.109	
rank-popularity-144	0.076	1	200	0.012	0.064	
rank-popularity-145	0.098	1	200	0.011	0.087	
rank-popularity-146	0.182	1	200	0.02	0.162	
rank-popularity-147	0.224	1	200	0.02	0.204	
rank-popularity-148	0.113	1	200	0.02	0.093	
rank-popularity-149	0.186	1	200	0.019	0.167	
rank-popularity-150	0.149	1	200	0.02	0.129	
rank-popularity-151	0.167	1	200	0.02	0.147	
rank-popularity-152	0.109	1	200	0.02	0.089	
rank-popularity-153	0.172	1	200	0.02	0.152	
rank-popularity-154	0.14	1	200	0.02	0.12	
rank-popularity-155	0.151	1	200	0.02	0.131	
rank-popularity-156	0.181	1	200	0.02	0.161	
rank-popularity-157	0.159	1	200	0.02	0.139	
rank-popularity-158	0.156	1	200	0.02	0.136	
rank-popularity-159	0.157	1	200	0.02	0.137	
rank-popularity-160	0.109	1	200	0.02	0.089	
rank-popularity-161	0.165	1	200	0.02	0.145	
rank-popularity-162	0.15	1	200	0.02	0.13	
rank-popularity-163	0.174	1	200	0.02	0.154	
rank-popularity-164	0.157	1	200	0.02	0.137	
rank-popularity-165	0.129	1	200	0.02	0.109	
rank-popularity-166	0.374	1	200	0.02	0.354	
rank-popularity-167	0.175	1	200	0.02	0.155	
rank-popularity-168	0.243	1	200	0.02	0.223	
rank-popularity-169	0.141	1	200	0.02	0.121	
rank-popularity-170	0.167	1	200	0.02	0.147	
rank-popularity-171	0.138	1	200	0.02	0.118	
rank-date-001	0.124	1	200	0.02	0.104	
rank-date-002	0.236	1	200	0.02	0.216	
rank-date-003	0.088	1	200	0.02	0.068	
rank-date-004	0.188	1	200	0.02	0.168	
rank-date-005	0.159	1	200	0.02	0.139	
rank-date-006	0.091	1	200	0.02	0.071	
rank-date-007	0.133	1	200	0.011	0.122	
rank-date-008	0.192	1	200	0.02	0.172	
rank-date-009	0.221	1	200	0.02	0.201	
rank-date-010	0.148	1	200	0.02	0.128	
rank-date-011	0.123	1	200	0.02	0.103	
rank-date-012	0.15	1	200	0.02	0.13	
rank-date-013	0.139	1	200	0.02	0.119	
rank-date-014	0.098	1	200	0.02	0.078	
rank-date-015	0.207	1	200	0.02	0.187	
rank-date-016	0.161	1	200	0.02	0.141	
rank-date-017	0.147	1	200	0.02	0.127	
rank-date-018	0.195	1	200	0.02	0.175	
rank-date-019	0.217	1	200	0.02	0.197	
rank-date-020	0.328	1	200	0.02	0.308	
rank-date-021	0.114	1	200	0.02	0.094	
rank-date-022	0.105	1	200	0.02	0.085	
rank-date-023	0.112	1	200	0.02	0.092	
rank-date-024	0.172	1	200	0.019	0.153	
rank-date-025	0.196	1	200	0.02	0.176	
rank-date-026	0.181	1	200	0.02	0.161	
rank-date-027	0.268	1	200	0.02	0.248	
rank-date-028	0.222	1	200	0.022	0.2	
rank-date-029	0.112	1	200	0.02	0.092	
rank-date-030	0.105	1	200	0.02	0.085	
rank-date-031	0.097	1	200	0.02	0.077	
rank-date-032	0.125	1	200	0.02	0.105	
rank-date-033	0.165	1	200	0.02	0.145	
rank-date-034	0.121	1	200	0.02	0.101	
rank-date-035	0.141	1	200	0.02	0.121	
rank-date-036	0.202	1	200	0.02	0.182	
rank-date-037	0.279	1	200	0.02	0.259	
rank-date-038	0.111	1	200	0.021	0.09	
rank-date-039	0.119	1	200	0.02	0.099	
rank-date-040	0.113	1	200	0.02	0.093	
rank-date-041	0.133	1	200	0.02	0.113	
rank-date-042	0.171	1	200	0.02	0.151	
rank-date-043	0.208	1	200	0.02	0.188	
rank-date-044	0.123	1	200	0.02	0.103	
rank-date-045	0.189	1	200	0.02	0.169	
rank-date-046	0.183	1	200	0.02	0.163	
rank-date-047	0.124	1	200	0.02	0.104	
rank-date-048	0.117	1	200	0.011	0.106	
rank-date-049	0.148	1	200	0.019	0.129	
rank-date-050	0.188	1	200	0.02	0.168	
rank-date-051	0.136	1	200	0.02	0.116	
rank-date-052	0.284	1	200	0.02	0.264	
rank-date-053	0.123	1	200	0.02	0.103	
rank-date-054	0.316	1	200	0.02	0.296	
rank-date-055	0.203	1	200	0.02	0.183	
rank-date-056	0.37	1	200	0.02	0.35	
rank-date-057	0.178	1	200	0.02	0.158	
rank-date-058	0.14	1	200	0.02	0.12	
rank-date-059	0.225	1	200	0.02	0.205	
rank-date-060	0.1	1	200	0.02	0.08	
rank-date-061	0.234	1	200	0.02	0.214	
rank-date-062	0.183	1	200	0.02	0.163	
rank-date-063	0.192	1	200	0.02	0.172	
rank-date-064	0.09	1	200	0.02	0.07	
rank-date-065	0.225	1	200	0.02	0.205	
rank-date-066	0.176	1	200	0.02	0.156	
rank-date-067	0.125	1	200	0.02	0.105	
rank-date-068	0.149	1	200	0.02	0.129	
rank-date-069	0.142	1	200	0.02	0.122	
rank-date-070	0.25	1	200	0.02	0.23	
rank-date-071	0.133	1	200	0.019	0.114	
rank-date-072	0.113	1	200	0.02	0.093	
rank-date-073	0.124	1	200	0.011	0.113	
rank-date-074	0.298	1	200	0.02	0.278	
rank-date-075	0.077	1	200	0.02	0.057	
rank-date-076	0.16	1	200	0.02	0.14	
rank-date-077	0.127	1	200	0.02	0.107	
rank-date-078	0.13	1	200	0.02	0.11	
rank-date-079	0.105	1	200	0.02	0.085	
rank-date-080	0.189	1	200	0.02	0.169	
rank-date-081	0.247	1	200	0.02	0.227	
rank-date-082	0.164	1	200	0.02	0.144	
rank-date-083	0.106	1	200	0.02	0.086	
rank-date-084	0.16	1	200	0.02	0.14	
rank-date-085	0.09	1	200	0.02	0.07	
rank-date-086	0.32	1	200	0.02	0.3	
rank-date-087	0.11	1	200	0.02	0.09	
rank-date-088	0.147	1	200	0.02	0.127	
rank-date-089	0.162	1	200	0.02	0.142	
rank-date-090	0.142	1	200	0.02	0.122	
rank-date-091	0.127	1	200	0.02	0.107	
rank-date-092	0.145	1	200	0.02	0.125	
rank-date-093	0.203	1	200	0.019	0.184	
rank-date-094	0.124	1	200	0.02	0.104	
rank-date-095	0.111	1	200	0.02	0.091	
rank-date-096	0.195	1	200	0.02	0.175	
rank-date-097	0.147	1	200	0.02	0.127	
rank-date-098	0.104	1	200	0.02	0.084	
rank-date-099	0.095	1	200	0.011	0.084	
rank-date-100	0.347	1	200	0.02	0.327	
rank-date-101	0.167	1	200	0.02	0.147	
rank-date-102	0.078	1	200	0.02	0.058	
rank-date-103	0.143	1	200	0.02	0.123	
rank-date-104	0.106	1	200	0.02	0.086	
rank-date-105	0.215	1	200	0.019	0.196	
rank-date-106	0.148	1	200	0.02	0.128	
rank-date-107	0.142	1	200	0.02	0.122	
rank-date-108	0.151	1	200	0.02	0.131	
rank-date-109	0.098	1	200	0.02	0.078	
rank-date-110	0.06	1	200	0.011	0.049	
rank-date-111	0.212	1	200	0.02	0.192	
rank-date-112	0.181	1	200	0.019	0.162	
rank-date-113	0.197	1	200	0.02	0.177	
rank-date-114	0.153	1	200	0.02	0.133	
rank-date-115	0.242	1	200	0.02	0.222	
rank-date-116	0.149	1	200	0.02	0.129	
rank-date-117	0.232	1	200	0.02	0.212	
rank-date-118	0.135	1	200	0.02	0.115	
rank-date-119	0.055	1	200	0.011	0.044	
rank-date-120	0.055	1	200	0.011	0.044	
rank-date-121	0.136	1	200	0.019	0.117	
rank-date-122	0.076	1	200	0.02	0.056	
rank-date-123	0.081	1	200	0.011	0.07	
rank-date-124	0.137	1	200	0.02	0.117	
rank-date-125	0.228	1	200	0.02	0.208	
rank-date-126	0.066	1	200	0.011	0.055	
rank-date-127	0.096	1	200	0.011	0.085	
rank-date-128	0.128	1	200	0.019	0.109	
rank-date-129	0.059	1	200	0.011	0.048	
rank-date-130	0.084	1	200	0.011	0.073	
rank-date-131	0.11	1	200	0.02	0.09	
rank-date-132	0.11	1	200	0.02	0.09	
rank-date-133	0.109	1	200	0.02	0.089	
rank-date-134	0.157	1	200	0.02	0.137	
rank-date-135	0.084	1	200	0.02	0.064	
rank-date-136	0.122	1	200	0.02	0.102	
rank-date-137	0.107	1	200	0.02	0.087	
rank-date-138	0.213	1	200	0.02	0.193	
rank-date-139	0.123	1	200	0.02	0.103	
rank-date-140	0.141	1	200	0.011	0.13	
rank-date-141	0.145	1	200	0.02	0.125	
rank-date-142	0.14	1	200	0.02	0.12	
rank-date-143	0.159	1	200	0.02	0.139	
rank-date-144	0.101	1	200	0.02	0.081	
rank-date-145	0.06	1	200	0.011	0.049	
rank-date-146	0.084	1	200	0.011	0.073	
rank-date-147	0.093	1	200	0.02	0.073	
rank-date-148	0.146	1	200	0.02	0.126	
rank-date-149	0.116	1	200	0.02	0.096	
rank-date-150	0.247	1	200	0.02	0.227	
rank-date-151	0.144	1	200	0.02	0.124	
rank-date-152	0.261	1	200	0.02	0.241	
rank-date-153	0.175	1	200	0.02	0.155	
rank-date-154	0.163	1	200	0.02	0.143	
rank-date-155	0.102	1	200	0.02	0.082	
rank-date-156	0.22	1	200	0.02	0.2	
rank-date-157	0.101	1	200	0.021	0.08	
rank-date-158	0.298	1	200	0.02	0.278	
rank-date-159	0.202	1	200	0.019	0.183	
rank-date-160	0.424	1	200	0.02	0.404	
rank-date-161	0.145	1	200	0.02	0.125	
rank-date-162	0.146	1	200	0.02	0.126	
rank-date-163	0.202	1	200	0.02	0.182	
rank-date-164	0.528	1	200	0.02	0.508	
rank-date-165	0.506	1	200	0.02	0.486	
rank-date-166	0.102	1	200	0.02	0.082	
rank-date-167	0.095	1	200	0.02	0.075	
rank-date-168	0.131	1	200	0.02	0.111	
rank-date-169	0.453	1	200	0.011	0.442	
rank-date-170	0.975	1	200	0.02	0.955	
rank-date-171	0.408	1	200	0.02	0.388	
rank-date-172	0.118	1	200	0.02	0.098	
rank-date-173	0.251	1	200	0.02	0.231	
rank-date-174	0.16	1	200	0.02	0.14	
rank-date-175	0.151	1	200	0.02	0.131	
rank-date-176	0.201	1	200	0.02	0.181	
rank-date-177	0.173	1	200	0.02	0.153	
rank-date-178	0.125	1	200	0.02	0.105	
rank-date-179	0.333	1	200	0.02	0.313	
rank-date-180	0.085	1	200	0.02	0.065	
rank-date-181	0.505	1	200	0.02	0.485	
rank-date-182	0.415	1	200	0.019	0.396	
find-album-01-1	0.123	1	200	0.022	0.101	
find-album-01-2	0.168	1	200	0.022	0.146	
find-album-01-3	0.168	1	200	0.021	0.147	
find-album-01-4	0.081	1	200	0.015	0.066	
find-album-02-1	0.108	1	200	0.021	0.087	
find-album-02-2	0.065	1	200	0.013	0.052	
find-album-02-3	0.113	1	200	0.022	0.091	
find-album-02-4	0.071	1	200	0.022	0.049	
find-album-03-1	0.343	1	200	0.024	0.319	
find-album-03-2	0.101	1	200	0.022	0.079	
find-album-03-3	0.073	1	200	0.013	0.06	
find-album-03-4	0.458	1	200	0.022	0.436	
find-album-04-1	0.381	1	200	0.022	0.359	
find-album-04-2	0.12	1	200	0.022	0.098	
find-album-04-3	0.176	1	200	0.022	0.154	
find-album-04-4	0.066	1	200	0.022	0.044	
find-album-05-1	0.127	1	200	0.022	0.105	
find-album-05-2	0.097	1	200	0.022	0.075	
find-album-05-3	0.463	1	200	0.022	0.441	
find-album-05-4	0.381	1	200	0.022	0.359	
find-album-06-1	0.466	1	200	0.024	0.442	
find-album-06-2	0.075	1	200	0.022	0.053	
find-album-06-3	0.411	1	200	0.022	0.389	
find-album-06-4	0.13	1	200	0.022	0.108	
find-album-07-1	0.363	1	200	0.022	0.341	
find-album-07-2	0.109	1	200	0.022	0.087	
find-album-07-3	0.474	1	200	0.022	0.452	
find-album-07-4	0.25	1	200	0.022	0.228	
find-album-08-1	0.115	1	200	0.024	0.091	
find-album-08-2	0.136	1	200	0.024	0.112	
find-album-08-3	0.13	1	200	0.022	0.108	
find-album-08-4	0.153	1	200	0.022	0.131	
find-album-09-1	0.239	1	200	0.022	0.217	
find-album-09-2	0.489	1	200	0.022	0.467	
find-album-09-3	0.238	1	200	0.022	0.216	
find-album-09-4	0.327	1	200	0.022	0.305	
find-album-10-1	0.114	1	200	0.022	0.092	
find-album-10-2	0.067	1	200	0.013	0.054	
find-album-10-3	0.114	1	200	0.021	0.093	
find-album-10-4	0.327	1	200	0.022	0.305	
find-album-11-1	0.287	1	200	0.022	0.265	
find-album-11-2	0.08	1	200	0.022	0.058	
find-album-11-3	0.186	1	200	0.022	0.164	
find-album-11-4	0.231	1	200	0.022	0.209	
find-album-12-1	0.288	1	200	0.022	0.266	
find-album-12-2	0.133	1	200	0.022	0.111	
find-album-12-3	0.291	1	200	0.022	0.269	
find-album-12-4	0.14	1	200	0.022	0.118	
find-album-13-1	0.123	1	200	0.022	0.101	
find-album-13-2	0.257	1	200	0.022	0.235	
find-album-13-3	0.139	1	200	0.022	0.117	
find-album-13-4	0.211	1	200	0.022	0.189	
annotate-card-001	0.245	1	200	0.034	0.211	
annotate-card-002	0.327	1	200	0.033	0.294	
annotate-card-003	0.235	1	200	0.037	0.198	
annotate-card-004	0.305	1	200	0.032	0.273	
annotate-card-005	0.072	1	200	0.028	0.044	
annotate-card-006	0.138	1	200	0.038	0.1	
annotate-card-007	0.243	1	200	0.031	0.212	
annotate-card-008	0.204	1	200	0.034	0.17	
annotate-card-009	0.243	1	200	0.034	0.209	
annotate-card-010	0.229	1	200	0.032	0.197	
annotate-card-011	0.159	1	200	0.032	0.127	
annotate-card-012	0.129	1	200	0.032	0.097	
annotate-card-013	0.526	1	200	0.032	0.494	
annotate-card-014	0.338	1	200	0.038	0.3	
annotate-card-015	0.163	1	200	0.032	0.131	
annotate-card-016	0.236	1	200	0.031	0.205	
annotate-card-017	0.182	1	200	0.034	0.148	
annotate-card-018	0.184	1	200	0.033	0.151	
annotate-card-019	0.164	1	200	0.032	0.132	
annotate-card-020	0.14	1	200	0.032	0.108	
annotate-card-021	0.398	1	200	0.032	0.366	
annotate-card-022	0.197	1	200	0.032	0.165	
annotate-card-023	0.126	1	200	0.034	0.092	
annotate-card-024	0.139	1	200	0.032	0.107	
annotate-card-025	0.108	1	200	0.023	0.085	
annotate-card-026	0.09	1	200	0.031	0.059	
annotate-card-027	0.335	1	200	0.037	0.298	
annotate-card-028	0.516	1	200	0.032	0.484	
annotate-card-029	0.166	1	200	0.034	0.132	
annotate-card-030	0.377	1	200	0.032	0.345	
annotate-card-031	0.108	1	200	0.034	0.074	
annotate-card-032	0.13	1	200	0.032	0.098	
annotate-card-033	0.244	1	200	0.032	0.212	
annotate-card-034	0.209	1	200	0.034	0.175	
annotate-card-035	0.155	1	200	0.034	0.121	
annotate-card-036	0.542	1	200	0.032	0.51	
annotate-card-037	0.181	1	200	0.034	0.147	
annotate-card-038	0.309	1	200	0.034	0.275	
annotate-card-039	0.211	1	200	0.032	0.179	
annotate-card-040	0.278	1	200	0.032	0.246	
annotate-card-041	0.203	1	200	0.032	0.171	
annotate-card-042	0.26	1	200	0.032	0.228	
annotate-card-043	0.08	1	200	0.032	0.048	
annotate-card-044	0.169	1	200	0.037	0.132	
annotate-card-045	0.13	1	200	0.035	0.095	
annotate-card-046	0.302	1	200	0.032	0.27	
annotate-card-047	0.256	1	200	0.034	0.222	
annotate-card-048	0.155	1	200	0.033	0.122	
annotate-card-049	0.137	1	200	0.032	0.105	
annotate-card-050	0.166	1	200	0.037	0.129	
annotate-card-051	0.248	1	200	0.032	0.216	
annotate-card-052	0.318	1	200	0.033	0.285	
annotate-card-053	0.143	1	200	0.032	0.111	
annotate-card-054	0.248	1	200	0.034	0.214	
annotate-card-055	0.344	1	200	0.032	0.312	
annotate-card-056	0.41	1	200	0.032	0.378	
annotate-card-057	0.213	1	200	0.035	0.178	
annotate-card-058	0.16	1	200	0.036	0.124	
annotate-card-059	0.446	1	200	0.033	0.413	
annotate-card-060	0.146	1	200	0.036	0.11	
annotate-card-061	0.112	1	200	0.031	0.081	
annotate-card-062	0.323	1	200	0.032	0.291	
annotate-card-063	0.351	1	200	0.034	0.317	
annotate-card-064	0.093	1	200	0.032	0.061	
annotate-card-065	0.187	1	200	0.034	0.153	
annotate-card-066	0.742	1	200	0.035	0.707	
annotate-card-067	0.143	1	200	0.033	0.11	
annotate-card-068	0.205	1	200	0.032	0.173	
annotate-card-069	0.342	1	200	0.032	0.31	
annotate-card-070	0.138	1	200	0.032	0.106	
annotate-card-071	0.124	1	200	0.034	0.09	
annotate-card-072	0.142	1	200	0.026	0.116	
annotate-card-073	0.174	1	200	0.032	0.142	
annotate-card-074	0.124	1	200	0.023	0.101	
annotate-card-075	0.181	1	200	0.034	0.147	
annotate-card-076	0.198	1	200	0.034	0.164	
annotate-card-077	0.152	1	200	0.039	0.113	
annotate-card-078	0.129	1	200	0.034	0.095	
annotate-card-079	0.291	1	200	0.034	0.257	
annotate-card-080	0.223	1	200	0.035	0.188	
annotate-card-081	0.223	1	200	0.032	0.191	
annotate-card-082	0.152	1	200	0.035	0.117	
annotate-card-083	0.138	1	200	0.031	0.107	
annotate-card-084	0.251	1	200	0.032	0.219	
annotate-card-085	0.098	1	200	0.034	0.064	
annotate-card-086	0.303	1	200	0.034	0.269	
annotate-card-087	0.153	1	200	0.036	0.117	
annotate-card-088	0.099	1	200	0.035	0.064	
annotate-card-089	0.169	1	200	0.033	0.136	
annotate-card-090	0.164	1	200	0.034	0.13	
annotate-card-091	0.161	1	200	0.034	0.127	
annotate-card-092	0.11	1	200	0.034	0.076	
annotate-card-093	0.206	1	200	0.034	0.172	
annotate-card-094	0.73	1	200	0.033	0.697	
annotate-card-095	0.152	1	200	0.034	0.118	
annotate-card-096	0.128	1	200	0.034	0.094	
annotate-card-097	0.135	1	200	0.033	0.102	
annotate-card-098	0.216	1	200	0.035	0.181	
annotate-card-099	0.225	1	200	0.031	0.194	
annotate-card-100	0.494	1	200	0.032	0.462	
annotate-card-101	0.199	1	200	0.035	0.164	
annotate-card-102	0.31	1	200	0.035	0.275	
annotate-card-103	0.104	1	200	0.032	0.072	
annotate-card-104	0.148	1	200	0.032	0.116	
annotate-card-105	0.188	1	200	0.033	0.155	
annotate-card-106	0.106	1	200	0.035	0.071	
annotate-card-107	0.248	1	200	0.032	0.216	
annotate-card-108	0.715	1	200	0.032	0.683	
annotate-card-109	0.204	1	200	0.033	0.171	
annotate-card-110	0.108	1	200	0.033	0.075	
annotate-card-111	0.121	1	200	0.034	0.087	
annotate-card-112	0.162	1	200	0.034	0.128	
annotate-card-113	0.148	1	200	0.032	0.116	
annotate-card-114	0.225	1	200	0.034	0.191	
annotate-card-115	0.119	1	200	0.033	0.086	
annotate-card-116	0.163	1	200	0.032	0.131	
annotate-card-117	0.258	1	200	0.032	0.226	
annotate-card-118	0.141	1	200	0.031	0.11	
annotate-card-119	0.129	1	200	0.036	0.093	
annotate-card-120	0.119	1	200	0.032	0.087	
annotate-card-121	0.581	1	200	0.033	0.548	
annotate-card-122	0.236	1	200	0.035	0.201	
annotate-card-123	0.141	1	200	0.032	0.109	
annotate-card-124	0.309	1	200	0.032	0.277	
annotate-card-125	0.33	1	200	0.032	0.298	
annotate-card-126	0.172	1	200	0.032	0.14	
annotate-card-127	0.309	1	200	0.032	0.277	
annotate-card-128	0.1	1	200	0.032	0.068	
annotate-card-129	0.123	1	200	0.034	0.089	
annotate-card-130	0.226	1	200	0.032	0.194	
annotate-card-131	0.183	1	200	0.031	0.152	
annotate-card-132	0.106	1	200	0.036	0.07	
annotate-card-133	0.168	1	200	0.032	0.136	
annotate-card-134	0.106	1	200	0.03	0.076	
annotate-card-135	0.136	1	200	0.034	0.102	
annotate-card-136	0.332	1	200	0.034	0.298	
annotate-card-137	0.285	1	200	0.032	0.253	
annotate-card-138	0.089	1	200	0.034	0.055	
annotate-card-139	0.251	1	200	0.032	0.219	
annotate-card-140	0.132	1	200	0.037	0.095	
annotate-card-141	0.234	1	200	0.038	0.196	
annotate-card-142	0.134	1	200	0.034	0.1	
annotate-card-143	0.142	1	200	0.032	0.11	
annotate-card-144	0.093	1	200	0.034	0.059	
annotate-card-145	0.152	1	200	0.032	0.12	
annotate-card-146	0.129	1	200	0.034	0.095	
annotate-card-147	0.116	1	200	0.032	0.084	
annotate-card-148	0.126	1	200	0.034	0.092	
annotate-card-149	0.142	1	200	0.031	0.111	
annotate-card-150	0.093	1	200	0.025	0.068	
annotate-card-151	0.187	1	200	0.032	0.155	
annotate-card-152	0.112	1	200	0.032	0.08	
annotate-card-153	0.113	1	200	0.032	0.081	
annotate-card-154	0.161	1	200	0.03	0.131	
annotate-card-155	0.132	1	200	0.032	0.1	
annotate-card-156	0.132	1	200	0.034	0.098	
annotate-card-157	0.101	1	200	0.034	0.067	
annotate-card-158	0.137	1	200	0.034	0.103	
annotate-card-159	0.285	1	200	0.033	0.252	
annotate-card-160	0.248	1	200	0.032	0.216	
annotate-card-161	0.164	1	200	0.032	0.132	
annotate-card-162	0.151	1	200	0.032	0.119	
annotate-card-163	0.246	1	200	0.032	0.214	
annotate-card-164	0.123	1	200	0.034	0.089	
annotate-card-165	0.127	1	200	0.034	0.093	
annotate-card-166	0.147	1	200	0.034	0.113	
annotate-card-167	0.085	1	200	0.032	0.053	
annotate-card-168	0.177	1	200	0.034	0.143	
annotate-card-169	0.1	1	200	0.032	0.068	
annotate-card-170	0.132	1	200	0.032	0.1	
annotate-card-171	0.224	1	200	0.032	0.192	
annotate-card-172	0.157	1	200	0.034	0.123	
annotate-card-173	0.135	1	200	0.032	0.103	
annotate-card-174	0.153	1	200	0.031	0.122	
annotate-card-175	0.123	1	200	0.035	0.088	
annotate-card-176	0.146	1	200	0.034	0.112	
annotate-card-177	0.118	1	200	0.034	0.084	
annotate-card-178	0.186	1	200	0.028	0.158	
annotate-card-179	0.353	1	200	0.035	0.318	
annotate-card-180	0.28	1	200	0.035	0.245	
annotate-card-181	0.146	1	200	0.035	0.111	
annotate-card-182	0.275	1	200	0.025	0.25	
recognize-01-w00	0.273	1	200	0.026	0.247	
recognize-01-w01	0.165	1	200	0.015	0.15	
recognize-01-w02	0.134	1	200	0.022	0.112	
recognize-01-w03	0.209	1	200	0.023	0.186	
recognize-01-w04	0.1	1	200	0.024	0.076	
recognize-01-w05	0.071	1	200	0.014	0.057	
recognize-01-w06	0.134	1	200	0.014	0.12	
recognize-01-w07	0.122	1	200	0.023	0.099	
recognize-01-w08	0.077	1	200	0.014	0.063	
recognize-01-w09	0.212	1	200	0.023	0.189	
recognize-01-w10	0.125	1	200	0.023	0.102	
recognize-01-w11	0.07	1	200	0.023	0.047	
recognize-01-w12	0.122	1	200	0.023	0.099	
recognize-01-w13	0.212	1	200	0.023	0.189	
recognize-01-w14	0.109	1	200	0.023	0.086	
recognize-01-w15	0.11	1	200	0.023	0.087	
recognize-02-w00	0.061	1	200	0.016	0.045	
recognize-02-w01	0.127	1	200	0.023	0.104	
recognize-02-w02	0.152	1	200	0.023	0.129	
recognize-02-w03	0.237	1	200	0.023	0.214	
recognize-02-w04	0.337	1	200	0.023	0.314	
recognize-02-w05	0.154	1	200	0.023	0.131	
recognize-02-w06	0.143	1	200	0.024	0.119	
recognize-02-w07	0.101	1	200	0.023	0.078	
recognize-02-w08	0.096	1	200	0.014	0.082	
recognize-02-w09	0.137	1	200	0.023	0.114	
recognize-02-w10	0.212	1	200	0.023	0.189	
recognize-02-w11	0.169	1	200	0.023	0.146	
recognize-02-w12	0.115	1	200	0.023	0.092	
recognize-02-w13	0.176	1	200	0.023	0.153	
recognize-02-w14	0.157	1	200	0.023	0.134	
recognize-02-w15	0.106	1	200	0.023	0.083	
recognize-02-w16	0.132	1	200	0.015	0.117	
recognize-03-w00	0.215	1	200	0.025	0.19	
recognize-03-w01	0.198	1	200	0.025	0.173	
recognize-03-w02	0.18	1	200	0.023	0.157	
recognize-03-w03	0.21	1	200	0.024	0.186	
recognize-03-w04	0.189	1	200	0.023	0.166	
recognize-03-w05	0.183	1	200	0.023	0.16	
recognize-03-w06	0.171	1	200	0.023	0.148	
recognize-03-w07	0.154	1	200	0.023	0.131	
recognize-03-w08	0.149	1	200	0.023	0.126	
recognize-03-w09	0.155	1	200	0.023	0.132	
recognize-03-w10	0.141	1	200	0.023	0.118	
recognize-03-w11	0.159	1	200	0.023	0.136	
recognize-03-w12	0.141	1	200	0.023	0.118	
recognize-03-w13	0.078	1	200	0.023	0.055	
recognize-03-w14	0.068	1	200	0.014	0.054	
recognize-03-w15	0.118	1	200	0.024	0.094	
recognize-03-w16	0.116	1	200	0.023	0.093	
recognize-03-w17	0.308	1	200	0.023	0.285	
recognize-03-w18	0.195	1	200	0.023	0.172	
recognize-03-w19	0.129	1	200	0.023	0.106	
recognize-03-w20	0.07	1	200	0.015	0.055	
recognize-03-w21	0.083	1	200	0.014	0.069	
recognize-04-w00	0.134	1	200	0.025	0.109	
recognize-04-w01	0.168	1	200	0.021	0.147	
recognize-04-w02	0.099	1	200	0.023	0.076	
recognize-04-w03	0.263	1	200	0.023	0.24	
recognize-04-w04	0.105	1	200	0.023	0.082	
recognize-04-w05	0.145	1	200	0.023	0.122	
recognize-04-w06	0.137	1	200	0.023	0.114	
recognize-04-w07	0.116	1	200	0.023	0.093	
recognize-04-w08	0.092	1	200	0.023	0.069	
recognize-04-w09	0.178	1	200	0.023	0.155	
recognize-04-w10	0.076	1	200	0.014	0.062	
recognize-04-w11	0.129	1	200	0.023	0.106	
recognize-04-w12	0.103	1	200	0.023	0.08	
recognize-04-w13	0.17	1	200	0.023	0.147	
recognize-04-w14	0.123	1	200	0.023	0.1	
recognize-04-w15	0.218	1	200	0.023	0.195	
recognize-04-w16	0.213	1	200	0.023	0.19	
recognize-05-w00	0.115	1	200	0.025	0.09	
recognize-05-w01	0.104	1	200	0.023	0.081	
recognize-05-w02	0.215	1	200	0.023	0.192	
recognize-05-w03	0.106	1	200	0.022	0.084	
recognize-05-w04	0.141	1	200	0.023	0.118	
recognize-05-w05	0.113	1	200	0.014	0.099	
recognize-05-w06	0.101	1	200	0.023	0.078	
recognize-05-w07	0.168	1	200	0.023	0.145	
recognize-05-w08	0.199	1	200	0.023	0.176	
recognize-05-w09	0.211	1	200	0.023	0.188	
recognize-05-w10	0.137	1	200	0.023	0.114	
recognize-05-w11	0.068	1	200	0.023	0.045	
recognize-05-w12	0.114	1	200	0.023	0.091	
recognize-05-w13	0.149	1	200	0.023	0.126	
recognize-05-w14	0.12	1	200	0.025	0.095	
recognize-06-w00	0.206	1	200	0.025	0.181	
recognize-06-w01	0.132	1	200	0.023	0.109	
recognize-06-w02	0.16	1	200	0.022	0.138	
recognize-06-w03	0.098	1	200	0.014	0.084	
recognize-06-w04	0.139	1	200	0.023	0.116	
recognize-06-w05	0.191	1	200	0.023	0.168	
recognize-06-w06	0.126	1	200	0.023	0.103	
recognize-06-w07	0.086	1	200	0.023	0.063	
recognize-06-w08	0.076	1	200	0.014	0.062	
recognize-06-w09	0.086	1	200	0.022	0.064	
recognize-06-w10	0.34	1	200	0.024	0.316	
recognize-06-w11	0.124	1	200	0.024	0.1	
recognize-06-w12	0.091	1	200	0.014	0.077	
recognize-07-w00	0.143	1	200	0.027	0.116	
recognize-07-w01	0.115	1	200	0.023	0.092	
recognize-07-w02	0.171	1	200	0.024	0.147	
recognize-07-w03	0.149	1	200	0.024	0.125	
recognize-07-w04	0.217	1	200	0.023	0.194	
recognize-07-w05	0.17	1	200	0.023	0.147	
recognize-07-w06	0.087	1	200	0.023	0.064	
recognize-07-w07	0.099	1	200	0.023	0.076	
recognize-07-w08	0.204	1	200	0.023	0.181	
recognize-07-w09	0.099	1	200	0.014	0.085	
recognize-07-w10	0.192	1	200	0.023	0.169	
recognize-07-w11	0.221	1	200	0.023	0.198	
recognize-07-w12	0.265	1	200	0.024	0.241	
recognize-07-w13	0.081	1	200	0.023	0.058	
recognize-07-w14	0.063	1	200	0.014	0.049	
recognize-07-w15	0.059	1	200	0.014	0.045	
recognize-07-w16	0.059	1	200	0.014	0.045	
recognize-07-w17	0.119	1	200	0.023	0.096	
recognize-07-w18	0.194	1	200	0.023	0.171	
recognize-07-w19	0.16	1	200	0.023	0.137	
recognize-07-w20	0.118	1	200	0.021	0.097	
recognize-07-w21	0.161	1	200	0.023	0.138	
recognize-07-w22	0.202	1	200	0.023	0.179	
recognize-08-w00	0.161	1	200	0.024	0.137	
recognize-08-w01	0.14	1	200	0.021	0.119	
recognize-08-w02	0.13	1	200	0.022	0.108	
recognize-08-w03	0.112	1	200	0.023	0.089	
recognize-08-w04	0.079	1	200	0.023	0.056	
recognize-08-w05	0.113	1	200	0.015	0.098	
recognize-08-w06	0.067	1	200	0.022	0.045	
recognize-08-w07	0.13	1	200	0.023	0.107	
recognize-08-w08	0.078	1	200	0.023	0.055	
recognize-08-w09	0.11	1	200	0.023	0.087	
recognize-08-w10	0.132	1	200	0.023	0.109	
recognize-08-w11	0.088	1	200	0.022	0.066	
recognize-08-w12	0.093	1	200	0.014	0.079	
recognize-08-w13	0.073	1	200	0.023	0.05	
recognize-08-w14	0.079	1	200	0.023	0.056	
recognize-08-w15	0.212	1	200	0.023	0.189	
recognize-08-w16	0.226	1	200	0.023	0.203	
recognize-08-w17	0.12	1	200	0.025	0.095	
recognize-08-w18	0.248	1	200	0.014	0.234	
recognize-09-w03	0.112	1	200	0.024	0.088	
recognize-09-w04	0.092	1	200	0.023	0.069	
recognize-09-w05	0.106	1	200	0.023	0.083	
recognize-09-w06	0.138	1	200	0.023	0.115	
recognize-09-w07	0.093	1	200	0.023	0.07	
recognize-09-w08	0.128	1	200	0.023	0.105	
recognize-09-w09	0.239	1	200	0.023	0.216	
recognize-09-w10	0.17	1	200	0.023	0.147	
recognize-09-w11	0.115	1	200	0.023	0.092	
recognize-09-w12	0.184	1	200	0.025	0.159	
recognize-09-w13	0.153	1	200	0.023	0.13	
recognize-10-w00	0.105	1	200	0.025	0.08	
recognize-10-w01	0.172	1	200	0.023	0.149	
recognize-10-w02	0.124	1	200	0.014	0.11	
recognize-10-w03	0.109	1	200	0.023	0.086	
recognize-10-w06	0.09	1	200	0.024	0.066	
recognize-10-w07	0.141	1	200	0.023	0.118	
recognize-10-w08	0.304	1	200	0.023	0.281	
recognize-10-w09	0.175	1	200	0.023	0.152	
recognize-10-w10	0.089	1	200	0.023	0.066	
recognize-10-w11	0.112	1	200	0.023	0.089	
recognize-10-w12	0.131	1	200	0.023	0.108	
recognize-10-w13	0.112	1	200	0.023	0.089	
recognize-10-w14	0.172	1	200	0.023	0.149	
recognize-10-w15	0.142	1	200	0.023	0.119	
recognize-11-w00	0.087	1	200	0.025	0.062	
recognize-11-w01	0.076	1	200	0.023	0.053	
recognize-11-w02	0.062	1	200	0.014	0.048	
recognize-11-w03	0.073	1	200	0.014	0.059	
recognize-11-w04	0.065	1	200	0.014	0.051	
recognize-11-w05	0.121	1	200	0.024	0.097	
recognize-11-w06	0.096	1	200	0.014	0.082	
recognize-11-w07	0.172	1	200	0.023	0.149	
recognize-11-w08	0.152	1	200	0.023	0.129	
recognize-11-w09	0.138	1	200	0.023	0.115	
recognize-11-w10	0.126	1	200	0.023	0.103	
recognize-11-w11	0.175	1	200	0.023	0.152	
recognize-11-w12	0.237	1	200	0.023	0.214	
recognize-11-w13	0.125	1	200	0.023	0.102	
recognize-11-w14	0.094	1	200	0.023	0.071	
recognize-11-w15	0.394	1	200	0.024	0.37	
recognize-11-w16	0.117	1	200	0.022	0.095	
recognize-12-w09	0.343	1	200	0.027	0.316	
recognize-12-w10	0.207	1	200	0.024	0.183	
recognize-12-w11	0.228	1	200	0.023	0.205	
recognize-12-w12	0.42	1	200	0.024	0.396	
recognize-12-w13	0.704	1	200	0.024	0.68	
recognize-12-w14	0.255	1	200	0.023	0.232	
recognize-12-w15	0.113	1	200	0.023	0.09	
recognize-12-w16	0.262	1	200	0.023	0.239	
recognize-12-w17	0.198	1	200	0.023	0.175	
recognize-12-w18	0.08	1	200	0.014	0.066	
recognize-12-w19	0.127	1	200	0.023	0.104	
recognize-12-w20	0.284	1	200	0.023	0.261	
recognize-13-w00	0.155	1	200	0.026	0.129	
recognize-13-w01	0.117	1	200	0.023	0.094	
recognize-13-w02	0.119	1	200	0.023	0.096	
recognize-13-w03	0.109	1	200	0.021	0.088	
recognize-13-w04	0.185	1	200	0.023	0.162	
recognize-13-w05	0.123	1	200	0.023	0.1	
recognize-13-w06	0.147	1	200	0.023	0.124	
recognize-13-w07	0.277	1	200	0.023	0.254	
recognize-13-w08	0.109	1	200	0.022	0.087	
recognize-13-w09	0.35	1	200	0.023	0.327	
recognize-13-w10	0.267	1	200	0.024	0.243	
recognize-13-w11	0.155	1	200	0.023	0.132	
recognize-13-w12	0.134	1	200	0.024	0.11	
recognize-13-w13	0.263	1	200	0.023	0.24	
recognize-13-w14	0.136	1	200	0.022	0.114	
recognize-13-w15	0.094	1	200	0.023	0.071	
recognize-13-w16	0.228	1	200	0.023	0.205	
recognize-13-w17	0.204	1	200	0.023	0.181	
recognize-14-w00	0.188	1	200	0.026	0.162	
recognize-14-w01	0.449	1	200	0.024	0.425	
recognize-14-w02	0.183	1	200	0.023	0.16	
recognize-14-w03	0.155	1	200	0.023	0.132	
recognize-14-w04	0.492	1	200	0.023	0.469	
recognize-14-w05	0.184	1	200	0.024	0.16	
recognize-14-w06	0.107	1	200	0.023	0.084	
recognize-14-w07	0.228	1	200	0.023	0.205	
recognize-14-w08	0.156	1	200	0.023	0.133	
recognize-14-w09	0.074	1	200	0.014	0.06	
recognize-14-w10	0.122	1	200	0.014	0.108	
recognize-14-w11	0.08	1	200	0.023	0.057	
recognize-14-w12	0.198	1	200	0.014	0.184	
recognize-14-w13	0.199	1	200	0.023	0.176	
recognize-14-w14	0.249	1	200	0.023	0.226	
recognize-14-w15	0.179	1	200	0.023	0.156	
recognize-15-w05	0.158	1	200	0.024	0.134	
recognize-15-w06	0.225	1	200	0.023	0.202	
recognize-15-w07	0.215	1	200	0.023	0.192	
recognize-15-w08	0.136	1	200	0.023	0.113	
recognize-15-w09	0.161	1	200	0.023	0.138	
recognize-15-w10	0.104	1	200	0.023	0.081	
recognize-15-w11	0.069	1	200	0.014	0.055	
recognize-15-w12	0.165	1	200	0.023	0.142	
recognize-15-w13	0.143	1	200	0.023	0.12	
recognize-15-w14	0.131	1	200	0.023	0.108	
recognize-15-w15	0.083	1	200	0.023	0.06	
recognize-15-w16	0.172	1	200	0.023	0.149	
recognize-15-w17	0.122	1	200	0.023	0.099	
recognize-15-w18	0.341	1	200	0.021	0.32	
recognize-15-w19	0.108	1	200	0.023	0.085	
recognize-15-w20	0.292	1	200	0.024	0.268	
recognize-16-w09	0.318	1	200	0.023	0.295	
recognize-16-w10	0.146	1	200	0.023	0.123	
recognize-16-w11	0.339	1	200	0.023	0.316	
recognize-16-w12	0.157	1	200	0.023	0.134	
recognize-16-w13	0.221	1	200	0.023	0.198	
recognize-16-w14	0.26	1	200	0.023	0.237	
recognize-16-w15	0.094	1	200	0.025	0.069	
recognize-16-w16	0.264	1	200	0.025	0.239	
recognize-17-w03	0.095	1	200	0.024	0.071	
recognize-17-w04	0.398	1	200	0.024	0.374	
recognize-17-w05	0.21	1	200	0.023	0.187	
recognize-17-w06	0.109	1	200	0.023	0.086	
recognize-17-w07	0.571	1	200	0.024	0.547	
recognize-17-w08	0.182	1	200	0.023	0.159	
recognize-17-w09	0.346	1	200	0.023	0.323	
recognize-17-w10	0.162	1	200	0.023	0.139	
recognize-17-w11	0.135	1	200	0.023	0.112	
recognize-17-w12	0.098	1	200	0.014	0.084	
recognize-17-w13	0.086	1	200	0.023	0.063	
recognize-17-w14	0.321	1	200	0.023	0.298	
recognize-17-w15	0.16	1	200	0.023	0.137	
recognize-17-w16	0.183	1	200	0.023	0.16	
recognize-17-w17	0.133	1	200	0.023	0.11	
recognize-18-w07	0.122	1	200	0.023	0.099	
recognize-18-w08	0.116	1	200	0.023	0.093	
recognize-18-w09	0.132	1	200	0.024	0.108	
recognize-18-w10	0.072	1	200	0.014	0.058	
recognize-18-w11	0.31	1	200	0.024	0.286	
recognize-18-w12	0.143	1	200	0.023	0.12	
recognize-19-w05	0.217	1	200	0.023	0.194	
recognize-19-w06	0.148	1	200	0.026	0.122	
recognize-19-w07	0.169	1	200	0.023	0.146	
recognize-19-w08	0.16	1	200	0.023	0.137	
recognize-19-w09	0.116	1	200	0.023	0.093	
recognize-19-w10	0.13	1	200	0.014	0.116	
recognize-19-w11	0.092	1	200	0.023	0.069	
recognize-20-w00	0.259	1	200	0.027	0.232	
recognize-20-w01	0.195	1	200	0.024	0.171	
recognize-20-w02	0.193	1	200	0.023	0.17	
recognize-20-w03	0.144	1	200	0.023	0.121	
recognize-20-w04	0.161	1	200	0.023	0.138	
recognize-20-w05	0.242	1	200	0.023	0.219	
recognize-20-w06	0.283	1	200	0.023	0.26	
recognize-20-w07	0.374	1	200	0.023	0.351	
recognize-20-w08	0.196	1	200	0.024	0.172	
recognize-20-w09	0.076	1	200	0.023	0.053	
recognize-20-w10	0.149	1	200	0.023	0.126	
recognize-20-w11	0.099	1	200	0.023	0.076	
recognize-20-w12	0.081	1	200	0.014	0.067	
recognize-20-w13	0.411	1	200	0.023	0.388	
recognize-20-w14	0.302	1	200	0.024	0.278	
recognize-21-w03	0.282	1	200	0.024	0.258	
recognize-21-w04	0.187	1	200	0.023	0.164	
recognize-21-w05	0.147	1	200	0.023	0.124	
recognize-21-w06	0.103	1	200	0.023	0.08	
recognize-21-w07	0.131	1	200	0.023	0.108	
recognize-21-w08	0.176	1	200	0.023	0.153	
recognize-22-w04	0.153	1	200	0.024	0.129	
recognize-22-w05	0.125	1	200	0.023	0.102	
recognize-22-w06	0.17	1	200	0.023	0.147	
recognize-22-w07	0.097	1	200	0.023	0.074	
recognize-22-w08	0.104	1	200	0.023	0.081	
recognize-22-w09	0.089	1	200	0.014	0.075	
recognize-22-w10	0.135	1	200	0.023	0.112	
recognize-23-w05	0.164	1	200	0.023	0.141	
recognize-23-w06	0.151	1	200	0.015	0.136	
recognize-23-w07	0.13	1	200	0.024	0.106	
recognize-23-w08	0.149	1	200	0.024	0.125	
recognize-23-w09	0.155	1	200	0.023	0.132	
recognize-23-w10	0.102	1	200	0.023	0.079	
recognize-23-w11	0.338	1	200	0.023	0.315	
recognize-23-w12	0.181	1	200	0.024	0.157	
recognize-23-w13	0.288	1	200	0.023	0.265	
recognize-23-w14	0.085	1	200	0.023	0.062	
recognize-23-w15	0.127	1	200	0.023	0.104	
recognize-24-w00	0.167	1	200	0.027	0.14	
recognize-24-w01	0.101	1	200	0.023	0.078	
recognize-24-w02	0.073	1	200	0.014	0.059	
recognize-24-w03	0.112	1	200	0.013	0.099	
recognize-24-w04	0.263	1	200	0.023	0.24	
recognize-24-w05	0.078	1	200	0.014	0.064	
recognize-24-w08	0.129	1	200	0.023	0.106	
recognize-24-w09	0.111	1	200	0.023	0.088	
recognize-24-w10	0.06	1	200	0.014	0.046	
recognize-24-w11	0.169	1	200	0.023	0.146	
recognize-24-w12	0.132	1	200	0.024	0.108	
recognize-24-w13	0.247	1	200	0.023	0.224	
recognize-24-w14	0.127	1	200	0.024	0.103	
recognize-24-w15	0.126	1	200	0.015	0.111	
recognize-24-w16	0.254	1	200	0.023	0.231	
recognize-25-w03	0.188	1	200	0.023	0.165	
recognize-25-w04	0.086	1	200	0.023	0.063	
recognize-25-w05	0.162	1	200	0.023	0.139	
recognize-25-w06	0.141	1	200	0.014	0.127	
recognize-25-w07	0.154	1	200	0.023	0.131	
recognize-25-w08	0.188	1	200	0.023	0.165	
recognize-25-w09	0.413	1	200	0.023	0.39	
recognize-26-w00	0.128	1	200	0.027	0.101	
recognize-26-w01	0.117	1	200	0.023	0.094	
recognize-26-w02	0.077	1	200	0.016	0.061	
recognize-26-w03	0.134	1	200	0.023	0.111	
recognize-26-w08	0.125	1	200	0.023	0.102	
recognize-26-w09	0.155	1	200	0.023	0.132	
recognize-26-w10	0.417	1	200	0.023	0.394	
recognize-26-w11	0.167	1	200	0.023	0.144	
recognize-26-w12	0.254	1	200	0.023	0.231	
recognize-26-w13	0.154	1	200	0.023	0.131	
recognize-26-w14	0.127	1	200	0.023	0.104	
recognize-26-w15	0.231	1	200	0.021	0.21	
recognize-27-w05	0.357	1	200	0.049	0.308	
recognize-27-w06	0.224	1	200	0.024	0.2	
recognize-27-w07	0.121	1	200	0.022	0.099	
recognize-27-w08	0.262	1	200	0.023	0.239	
recognize-27-w09	0.099	1	200	0.023	0.076	
recognize-27-w10	0.261	1	200	0.023	0.238	
recognize-27-w11	0.223	1	200	0.023	0.2	
recognize-27-w12	0.103	1	200	0.023	0.08	
recognize-27-w13	0.115	1	200	0.023	0.092	
recognize-27-w14	0.243	1	200	0.022	0.221	
recognize-27-w15	0.103	1	200	0.023	0.08	
recognize-27-w16	0.311	1	200	0.024	0.287	
recognize-28-w00	0.224	1	200	0.023	0.201	
recognize-28-w01	0.437	1	200	0.024	0.413	
recognize-28-w02	0.094	1	200	0.023	0.071	
recognize-28-w03	0.369	1	200	0.024	0.345	
recognize-28-w04	0.137	1	200	0.023	0.114	
recognize-28-w05	0.361	1	200	0.024	0.337	
recognize-28-w06	0.081	1	200	0.014	0.067	
recognize-28-w07	0.239	1	200	0.023	0.216	
recognize-28-w08	0.251	1	200	0.023	0.228	
recognize-28-w09	0.202	1	200	0.023	0.179	
recognize-28-w10	0.135	1	200	0.023	0.112	
recognize-28-w11	0.449	1	200	0.019	0.43	
recognize-28-w12	0.114	1	200	0.022	0.092	
recognize-28-w13	0.063	1	200	0.014	0.049	
recognize-29-w03	0.154	1	200	0.024	0.13	
recognize-29-w04	0.128	1	200	0.022	0.106	
recognize-29-w05	0.18	1	200	0.022	0.158	
recognize-29-w06	0.091	1	200	0.021	0.07	
recognize-29-w07	0.198	1	200	0.022	0.176	
recognize-29-w08	0.734	1	200	0.022	0.712	
recognize-29-w09	0.169	1	200	0.022	0.147	
recognize-30-w07	0.423	1	200	0.045	0.378	
recognize-30-w08	0.107	1	200	0.024	0.083	
recognize-30-w09	0.091	1	200	0.021	0.07	
recognize-30-w10	0.103	1	200	0.021	0.082	
recognize-30-w11	0.144	1	200	0.021	0.123	
recognize-30-w12	0.185	1	200	0.023	0.162	
recognize-30-w13	0.217	1	200	0.022	0.195	
recognize-30-w14	0.082	1	200	0.022	0.06	
recognize-31-w05	0.242	1	200	0.036	0.206	
recognize-31-w06	0.171	1	200	0.02	0.151	
recognize-31-w07	0.166	1	200	0.021	0.145	
recognize-31-w08	0.285	1	200	0.022	0.263	
recognize-31-w09	0.064	1	200	0.015	0.049	
recognize-32-w05	0.078	1	200	0.022	0.056	
recognize-32-w06	0.074	1	200	0.012	0.062	
recognize-32-w07	0.222	1	200	0.022	0.2	
recognize-32-w08	0.226	1	200	0.021	0.205	
recognize-32-w09	0.457	1	200	0.022	0.435	
recognize-32-w10	0.092	1	200	0.02	0.072	
recognize-32-w11	0.145	1	200	0.013	0.132	
recognize-32-w12	0.303	1	200	0.022	0.281	
recognize-32-w13	0.138	1	200	0.022	0.116	
recognize-32-w14	0.239	1	200	0.022	0.217	
recognize-33-w00	0.252	1	200	0.024	0.228	
recognize-33-w01	0.116	1	200	0.022	0.094	
recognize-33-w02	0.118	1	200	0.011	0.107	
recognize-33-w03	0.157	1	200	0.022	0.135	
recognize-33-w04	0.21	1	200	0.022	0.188	
recognize-33-w05	0.1	1	200	0.022	0.078	
recognize-33-w06	0.145	1	200	0.022	0.123	
recognize-33-w07	0.127	1	200	0.022	0.105	
recognize-33-w08	0.165	1	200	0.022	0.143	
recognize-33-w09	0.325	1	200	0.022	0.303	
recognize-33-w10	0.285	1	200	0.022	0.263	
recognize-33-w11	0.235	1	200	0.022	0.213	
recognize-33-w12	0.087	1	200	0.024	0.063	
recognize-33-w13	0.084	1	200	0.016	0.068	
recognize-34-w07	0.135	1	200	0.022	0.113	
recognize-34-w08	0.136	1	200	0.023	0.113	
recognize-34-w09	0.1	1	200	0.022	0.078	
recognize-34-w10	0.085	1	200	0.023	0.062	
recognize-34-w11	0.112	1	200	0.013	0.099	
recognize-34-w12	0.108	1	200	0.019	0.089	
recognize-34-w13	0.178	1	200	0.019	0.159	
recognize-35-w05	0.147	1	200	0.041	0.106	
recognize-35-w06	0.118	1	200	0.024	0.094	
recognize-35-w07	0.134	1	200	0.022	0.112	
recognize-35-w08	0.181	1	200	0.022	0.159	
recognize-35-w09	0.232	1	200	0.023	0.209	
recognize-35-w10	0.247	1	200	0.022	0.225	
recognize-35-w11	0.191	1	200	0.021	0.17	
recognize-35-w12	0.176	1	200	0.02	0.156	
recognize-35-w13	0.065	1	200	0.013	0.052	
recognize-35-w14	0.235	1	200	0.023	0.212	
recognize-35-w15	0.184	1	200	0.02	0.164	
recognize-35-w16	0.077	1	200	0.022	0.055	
recognize-35-w17	0.295	1	200	0.021	0.274	
recognize-36-w00	0.145	1	200	0.024	0.121	
recognize-36-w01	0.285	1	200	0.022	0.263	
recognize-36-w02	0.121	1	200	0.013	0.108	
recognize-36-w03	0.327	1	200	0.024	0.303	
recognize-36-w04	0.141	1	200	0.022	0.119	
recognize-36-w07	0.205	1	200	0.022	0.183	
recognize-36-w08	0.164	1	200	0.021	0.143	
recognize-36-w09	0.13	1	200	0.022	0.108	
recognize-36-w10	0.293	1	200	0.022	0.271	
recognize-36-w11	0.28	1	200	0.022	0.258	
recognize-36-w12	0.21	1	200	0.022	0.188	
recognize-36-w13	0.293	1	200	0.022	0.271	
recognize-37-w03	0.168	1	200	0.022	0.146	
recognize-37-w04	0.105	1	200	0.022	0.083	
recognize-37-w05	0.11	1	200	0.022	0.088	
recognize-37-w06	0.121	1	200	0.022	0.099	
recognize-37-w07	0.188	1	200	0.019	0.169	
recognize-37-w08	0.24	1	200	0.022	0.218	
recognize-37-w09	0.261	1	200	0.022	0.239	
recognize-37-w10	0.092	1	200	0.013	0.079	
recognize-37-w11	0.195	1	200	0.02	0.175	
recognize-37-w12	0.128	1	200	0.022	0.106	
recognize-37-w13	0.298	1	200	0.02	0.278	
recognize-37-w14	0.151	1	200	0.023	0.128	
recognize-37-w15	0.181	1	200	0.024	0.157	
recognize-38-w04	0.156	1	200	0.023	0.133	
recognize-38-w05	0.133	1	200	0.022	0.111	
recognize-38-w06	0.656	1	200	0.022	0.634	
recognize-38-w07	0.226	1	200	0.022	0.204	
recognize-38-w08	0.104	1	200	0.022	0.082	
recognize-38-w09	0.636	1	200	0.022	0.614	
recognize-38-w10	0.403	1	200	0.022	0.381	
recognize-38-w11	0.462	1	200	0.022	0.44	
recognize-38-w12	0.125	1	200	0.022	0.103	
recognize-38-w13	0.306	1	200	0.022	0.284	
recognize-38-w14	0.23	1	200	0.022	0.208	
recognize-39-w05	0.284	1	200	0.036	0.248	
recognize-39-w06	0.313	1	200	0.022	0.291	
recognize-39-w07	0.406	1	200	0.022	0.384	
recognize-39-w08	0.27	1	200	0.022	0.248	
recognize-39-w09	0.144	1	200	0.022	0.122	
recognize-39-w10	0.269	1	200	0.022	0.247	
recognize-39-w11	0.117	1	200	0.022	0.095	
recognize-39-w12	0.231	1	200	0.022	0.209	
recognize-39-w13	0.112	1	200	0.021	0.091	
recognize-39-w14	0.197	1	200	0.022	0.175	
recognize-39-w15	0.163	1	200	0.021	0.142	
recognize-39-w16	0.067	1	200	0.013	0.054	
recognize-39-w17	0.257	1	200	0.022	0.235	
recognize-39-w18	0.141	1	200	0.022	0.119	
recognize-39-w19	0.262	1	200	0.022	0.24	
recognize-40-w00	0.19	1	200	0.024	0.166	
recognize-40-w01	0.281	1	200	0.022	0.259	
recognize-40-w02	0.136	1	200	0.022	0.114	
recognize-40-w03	0.209	1	200	0.022	0.187	
recognize-40-w04	0.208	1	200	0.022	0.186	
recognize-40-w05	0.184	1	200	0.022	0.162	
recognize-40-w06	0.212	1	200	0.022	0.19	
recognize-40-w07	0.198	1	200	0.022	0.176	
recognize-40-w08	0.282	1	200	0.022	0.26	
recognize-40-w09	0.194	1	200	0.022	0.172	
recognize-40-w10	0.175	1	200	0.022	0.153	
recognize-40-w11	0.26	1	200	0.022	0.238	
recognize-40-w12	0.254	1	200	0.022	0.232	
recognize-40-w13	0.079	1	200	0.021	0.058	
recognize-40-w14	0.189	1	200	0.022	0.167	
recognize-41-w03	0.083	1	200	0.02	0.063	
recognize-41-w04	0.164	1	200	0.022	0.142	
recognize-41-w05	0.243	1	200	0.021	0.222	
recognize-41-w06	0.208	1	200	0.02	0.188	
recognize-41-w07	0.105	1	200	0.021	0.084	
recognize-41-w08	0.17	1	200	0.022	0.148	
recognize-41-w09	0.554	1	200	0.022	0.532	
recognize-41-w10	0.409	1	200	0.022	0.387	
recognize-41-w11	0.126	1	200	0.022	0.104	
recognize-41-w12	0.148	1	200	0.022	0.126	
recognize-42-w04	0.151	1	200	0.02	0.131	
recognize-42-w05	0.142	1	200	0.022	0.12	
recognize-42-w06	0.16	1	200	0.02	0.14	
recognize-42-w07	0.115	1	200	0.022	0.093	
recognize-42-w08	0.167	1	200	0.021	0.146	
recognize-42-w09	0.217	1	200	0.021	0.196	
recognize-42-w10	0.119	1	200	0.022	0.097	
recognize-42-w11	0.133	1	200	0.022	0.111	
recognize-42-w12	0.169	1	200	0.022	0.147	
recognize-43-w05	0.263	1	200	0.036	0.227	
recognize-43-w06	0.202	1	200	0.022	0.18	
recognize-43-w07	0.121	1	200	0.022	0.099	
recognize-43-w08	0.155	1	200	0.022	0.133	
recognize-43-w09	0.19	1	200	0.013	0.177	
recognize-43-w10	0.206	1	200	0.022	0.184	
recognize-43-w11	0.353	1	200	0.024	0.329	
recognize-43-w12	0.159	1	200	0.024	0.135	
recognize-43-w13	0.369	1	200	0.024	0.345	
recognize-43-w14	0.292	1	200	0.024	0.268	
recognize-43-w15	0.23	1	200	0.024	0.206	
recognize-43-w16	0.137	1	200	0.023	0.114	
recognize-43-w17	0.183	1	200	0.024	0.159	
recognize-43-w18	0.18	1	200	0.025	0.155	
recognize-44-w07	0.206	1	200	0.024	0.182	
recognize-44-w08	0.148	1	200	0.022	0.126	
recognize-44-w09	0.176	1	200	0.024	0.152	
recognize-44-w10	0.214	1	200	0.02	0.194	
recognize-44-w11	0.112	1	200	0.022	0.09	
recognize-44-w12	0.178	1	200	0.024	0.154	
recognize-44-w13	0.175	1	200	0.022	0.153	
recognize-44-w14	0.157	1	200	0.021	0.136	
recognize-45-w03	0.105	1	200	0.024	0.081	
recognize-45-w04	0.078	1	200	0.014	0.064	
recognize-45-w05	0.068	1	200	0.015	0.053	
recognize-45-w06	0.095	1	200	0.023	0.072	
recognize-45-w07	0.148	1	200	0.014	0.134	
recognize-45-w08	0.093	1	200	0.022	0.071	
recognize-46-w06	0.192	1	200	0.048	0.144	
recognize-46-w07	0.303	1	200	0.024	0.279	
recognize-46-w08	0.317	1	200	0.024	0.293	
recognize-46-w09	0.1	1	200	0.022	0.078	
recognize-46-w10	0.127	1	200	0.021	0.106	
recognize-46-w11	0.272	1	200	0.022	0.25	
recognize-46-w12	0.221	1	200	0.024	0.197	
recognize-47-w05	0.222	1	200	0.035	0.187	
recognize-47-w06	0.101	1	200	0.023	0.078	
recognize-47-w07	0.248	1	200	0.023	0.225	
recognize-47-w08	0.145	1	200	0.024	0.121	
recognize-47-w09	0.147	1	200	0.023	0.124	
recognize-47-w10	0.183	1	200	0.022	0.161	
recognize-47-w11	0.151	1	200	0.023	0.128	
recognize-47-w12	0.368	1	200	0.024	0.344	
recognize-47-w13	0.319	1	200	0.024	0.295	
recognize-47-w14	0.162	1	200	0.024	0.138	
recognize-47-w15	0.16	1	200	0.023	0.137	
recognize-47-w16	0.143	1	200	0.024	0.119	
recognize-47-w17	0.272	1	200	0.024	0.248	
recognize-47-w18	0.194	1	200	0.024	0.17	
recognize-48-w00	0.149	1	200	0.024	0.125	
recognize-48-w01	0.067	1	200	0.014	0.053	
recognize-48-w02	0.126	1	200	0.022	0.104	
recognize-48-w03	0.158	1	200	0.024	0.134	
recognize-48-w06	0.151	1	200	0.024	0.127	
recognize-48-w07	0.176	1	200	0.023	0.153	
recognize-48-w08	0.226	1	200	0.023	0.203	
recognize-48-w09	0.148	1	200	0.022	0.126	
recognize-48-w10	0.19	1	200	0.024	0.166	
recognize-48-w11	0.302	1	200	0.023	0.279	
recognize-48-w12	0.308	1	200	0.023	0.285	
recognize-48-w13	0.165	1	200	0.023	0.142	
recognize-48-w14	0.209	1	200	0.024	0.185	
recognize-48-w15	0.12	1	200	0.023	0.097	
relate-01	0.58	1	422			state must be one string
relate-02	0.317	1	422			state must be one string
relate-03	0.193	1	422			state must be one string
filter-singer-1-01	0.128	1	200	0.035	0.093	
filter-singer-1-03	0.069	1	200	0.02	0.049	
filter-singer-1-04	0.061	1	200	0.012	0.049	
filter-singer-1-05	0.056	1	200	0.011	0.045	
filter-singer-1-06	0.087	1	200	0.011	0.076	
filter-singer-1-08	0.085	1	200	0.02	0.065	
filter-singer-1-09	0.11	1	200	0.02	0.09	
filter-singer-1-10	0.053	1	200	0.011	0.042	
filter-singer-1-11	0.056	1	200	0.011	0.045	
filter-singer-1-12	0.057	1	200	0.011	0.046	
filter-singer-1-13	0.056	1	200	0.011	0.045	
filter-singer-1-14	0.078	1	200	0.02	0.058	
filter-singer-1-15	0.053	1	200	0.012	0.041	
filter-singer-1-16	0.055	1	200	0.012	0.043	
filter-singer-1-19	0.064	1	200	0.019	0.045	
filter-singer-1-21	0.048	1	200	0.011	0.037	
filter-singer-1-22	0.053	1	200	0.011	0.042	
filter-singer-1-23	0.052	1	200	0.012	0.04	
filter-singer-1-25	0.051	1	200	0.011	0.04	
filter-singer-1-26	0.052	1	200	0.011	0.041	
filter-singer-1-27	0.049	1	200	0.011	0.038	
filter-singer-1-28	0.049	1	200	0.011	0.038	
filter-singer-1-30	0.049	1	200	0.011	0.038	
filter-singer-2-01	0.051	1	200	0.011	0.04	
filter-singer-2-03	0.062	1	200	0.02	0.042	
filter-singer-2-04	0.052	1	200	0.012	0.04	
filter-singer-2-05	0.058	1	200	0.012	0.046	
filter-singer-2-07	0.048	1	200	0.011	0.037	
filter-singer-2-08	0.051	1	200	0.011	0.04	
filter-singer-2-10	0.048	1	200	0.012	0.036	
filter-singer-2-12	0.047	1	200	0.012	0.035	
filter-singer-2-13	0.053	1	200	0.012	0.041	
filter-singer-2-14	0.059	1	200	0.012	0.047	
filter-singer-2-15	0.056	1	200	0.012	0.044	
filter-singer-2-16	0.057	1	200	0.013	0.044	
filter-singer-2-17	0.052	1	200	0.012	0.04	
filter-singer-2-18	0.054	1	200	0.013	0.041	
filter-singer-2-19	0.053	1	200	0.013	0.04	
filter-singer-2-20	0.054	1	200	0.014	0.04	
filter-singer-2-21	0.057	1	200	0.015	0.042	
filter-singer-2-23	0.062	1	200	0.02	0.042	
filter-singer-2-24	0.055	1	200	0.011	0.044	
filter-singer-2-26	0.102	1	200	0.02	0.082	
filter-singer-2-27	0.062	1	200	0.02	0.042	
filter-singer-2-28	0.051	1	200	0.011	0.04	
filter-singer-2-29	0.055	1	200	0.011	0.044	
filter-singer-2-30	0.098	1	200	0.02	0.078	
filter-singer-3-01	0.077	1	200	0.011	0.066	
filter-singer-3-02	0.054	1	200	0.011	0.043	
filter-singer-3-03	0.06	1	200	0.011	0.049	
filter-singer-3-06	0.062	1	200	0.02	0.042	
filter-singer-3-07	0.058	1	200	0.011	0.047	
filter-singer-3-10	0.061	1	200	0.02	0.041	
filter-singer-3-11	0.091	1	200	0.02	0.071	
filter-singer-3-12	0.051	1	200	0.011	0.04	
filter-singer-3-14	0.057	1	200	0.02	0.037	
filter-singer-3-15	0.053	1	200	0.011	0.042	
filter-singer-3-17	0.096	1	200	0.02	0.076	
filter-singer-3-18	0.057	1	200	0.011	0.046	
filter-singer-3-19	0.109	1	200	0.02	0.089	
filter-singer-3-20	0.097	1	200	0.02	0.077	
filter-singer-3-22	0.066	1	200	0.02	0.046	
filter-singer-3-25	0.061	1	200	0.02	0.041	
filter-singer-3-26	0.053	1	200	0.012	0.041	
filter-singer-3-27	0.053	1	200	0.011	0.042	
filter-singer-3-28	0.078	1	200	0.011	0.067	
filter-singer-3-29	0.071	1	200	0.02	0.051	
filter-singer-3-30	0.058	1	200	0.011	0.047	
filter-singer-4-01	0.059	1	200	0.011	0.048	
filter-singer-4-02	0.052	1	200	0.011	0.041	
filter-singer-4-03	0.056	1	200	0.011	0.045	
filter-singer-4-05	0.061	1	200	0.02	0.041	
filter-singer-4-07	0.052	1	200	0.011	0.041	
filter-singer-4-08	0.06	1	200	0.011	0.049	
filter-singer-4-09	0.058	1	200	0.01	0.048	
filter-singer-4-11	0.063	1	200	0.02	0.043	
filter-singer-4-12	0.078	1	200	0.011	0.067	
filter-singer-4-13	0.062	1	200	0.02	0.042	
filter-singer-4-14	0.13	1	200	0.02	0.11	
filter-singer-4-16	0.048	1	200	0.011	0.037	
filter-singer-4-17	0.056	1	200	0.011	0.045	
filter-singer-4-18	0.083	1	200	0.011	0.072	
filter-singer-4-21	0.075	1	200	0.019	0.056	
filter-singer-4-22	0.094	1	200	0.02	0.074	
filter-singer-4-23	0.055	1	200	0.011	0.044	
filter-singer-4-25	0.066	1	200	0.02	0.046	
filter-singer-4-28	0.077	1	200	0.02	0.057	
