id	request	wall_s	requests
decide-love-03	70cb51f097a0d80294ffa1fd8f41f9bb3e4b51a1a858616ea757c9ea47d78e4f	0.303	1
decide-love-04	ff6719553e757315410cfd91670c23664f5ff6c3124e654f4786e43e8f764c87	0.321	1
decide-love-02	7b0c122a0e4976b2f9dd77b5a87714b6aa52c4006781b76db7c67db59fa92bcd	0.347	1
decide-love-01	7464b9647f9537bdbe404f8485fd9dc704a26e131a7ab719a143c704d60c88f2	0.361	1
decide-cold-01	14d3568ad26635b399849b4eab9f7b988831fce0764d4db18354e8837695dc97	0.326	1
decide-cold-02	693682ad6450a52d68d44e3a1e023b12f17acaa371e43cb81a757f1d3dfcc791	0.351	1
decide-cold-03	b8a328b508695693ff7d2c15c48cb8049076441db5164bbf48c61a47561a37fc	0.348	1
decide-cold-04	97da861ed049200169212667dc8b7f5e609d37a6d72636c2f50908d602fd4f93	0.359	1
decide-cold-05	cbdf846695e413fe10f9d09a1d8763572a2ad637f685faaceb8efd37125ea392	0.325	1
decide-cold-06	ce215c6f2117f6a9d1bf53bb7c6be8bb4518e5e784a9e11d326e12e06655a85e	0.321	1
decide-context-01	92345e2bd171e1a874598e2625f902167c8f88ac082ca48828bc258f33a86bd7	0.317	1
decide-context-02	bd50dd9df7c5a6c5c78be3e6511144c3aa6036e80d630f89fb0e4ef839eea1f6	0.344	1
decide-context-03	3062197e1f8f12463cebcb706f173e0a39e393c16e83703e8677570b12b6b7ae	0.304	1
decide-context-05	b202dbaf47074cfaa73c67bad7960616fcb8b04de3ddc9606c5beb54cee26e11	0.278	1
decide-context-04	d10c4af9ef899775abe298c3c00fabf261c0c9f983e3c88e45ed7ad85a4d1bee	0.369	1
decide-context-06	8a28515ff48ec1b2e0fbd0a10b53f6b5101e8b85a214f430da1b996652cc1f2f	0.321	1
