comparison-longer-060	tune
comparison-longer-016	held
comparison-longer-010	tune
comparison-longer-023	held
comparison-longer-039	tune
comparison-longer-056	held
comparison-longer-028	tune
comparison-longer-017	held
forward-year-030	tune
forward-songwriter-047	held
forward-year-004	tune
forward-album-051	held
forward-singer-050	tune
forward-album-034	held
forward-year-039	tune
forward-album-012	held
forward-songwriter-046	tune
forward-album-044	held
forward-year-017	tune
forward-album-018	held
forward-year-019	tune
forward-singer-037	held
forward-songwriter-025	tune
forward-songwriter-017	held
forward-singer-045	tune
forward-singer-034	held
forward-year-058	tune
forward-album-041	held
forward-songwriter-018	tune
forward-songwriter-007	held
forward-album-010	tune
forward-album-027	held
forward-year-059	tune
forward-songwriter-001	held
forward-album-049	tune
forward-singer-057	held
forward-songwriter-035	tune
forward-year-022	held
forward-singer-005	tune
forward-year-014	held
forward-songwriter-016	tune
forward-year-032	held
forward-singer-044	tune
forward-songwriter-020	held
lead-set-george-007	tune
lead-set-paul-022	held
lead-set-paul-019	tune
lead-set-john-008	held
lead-set-john-021	tune
lead-set-john-023	held
lead-set-george-006	tune
lead-set-ringo-004	held
lead-set-john-007	tune
lead-set-ringo-018	held
lead-set-paul-011	tune
lead-set-ringo-023	held
lead-set-paul-009	tune
lead-set-john-020	held
lead-set-john-025	tune
lead-set-ringo-026	held
lead-set-ringo-006	tune
lexical-trap-album-to-song-006	held
lexical-trap-album-to-song-026	tune
lexical-trap-album-to-song-023	held
lexical-trap-album-to-song-008	tune
lexical-trap-song-to-album-003	held
lexical-trap-album-to-song-017	tune
lexical-trap-album-to-song-018	held
lexical-trap-album-to-song-011	tune
lexical-trap-album-to-song-012	held
lexical-trap-control-album-to-song-004	tune
lexical-trap-control-album-to-song-018	held
lexical-trap-control-song-to-album-007	tune
lexical-trap-control-album-to-song-021	held
lexical-trap-control-album-to-song-006	tune
lexical-trap-control-album-to-song-010	held
multi-hop-album-year-017	tune
multi-hop-album-year-045	held
multi-hop-album-year-037	tune
multi-hop-album-year-023	held
multi-hop-album-year-054	tune
multi-hop-album-year-002	held
multi-hop-album-year-056	tune
multi-hop-album-year-038	held
multi-hop-album-year-058	tune
multi-hop-album-year-001	held
multi-hop-album-year-011	tune
multi-hop-album-year-009	held
multi-hop-album-year-029	tune
multi-hop-album-year-053	held
multi-hop-album-year-005	tune
multi-hop-album-year-020	held
near-neighbor-album-004	tune
near-neighbor-album-002	held
near-neighbor-album-023	tune
near-neighbor-album-013	held
near-neighbor-album-026	tune
near-neighbor-album-047	held
near-neighbor-album-041	tune
near-neighbor-album-035	held
near-neighbor-control-album-030	tune
near-neighbor-control-album-038	held
near-neighbor-control-album-058	tune
near-neighbor-control-album-013	held
near-neighbor-control-album-001	tune
near-neighbor-control-album-052	held
near-neighbor-control-album-024	tune
near-neighbor-control-album-050	held
near-neighbor-control-album-055	tune
near-neighbor-control-album-039	held
near-neighbor-control-album-036	tune
near-neighbor-control-album-004	held
none-of-these-absent-005	tune
none-of-these-present-012	held
none-of-these-absent-002	tune
none-of-these-absent-024	held
none-of-these-absent-017	tune
none-of-these-present-020	held
none-of-these-absent-008	tune
none-of-these-absent-014	held
none-of-these-present-007	tune
none-of-these-absent-004	held
none-of-these-absent-009	tune
none-of-these-absent-025	held
none-of-these-present-013	tune
none-of-these-absent-029	held
reversal-forward-019	tune
reversal-forward-025	held
reversal-forward-003	tune
reversal-forward-001	held
reversal-forward-004	tune
reversal-forward-023	held
reverse-album-to-song-037	tune
reverse-singer-yes-no-013	held
reverse-album-to-song-010	tune
reverse-album-to-song-040	held
reverse-singer-to-song-026	tune
reverse-singer-to-song-012	held
reverse-singer-to-song-025	tune
reverse-singer-to-song-018	held
reverse-singer-to-song-035	tune
reverse-singer-yes-no-017	held
reverse-album-to-song-025	tune
reverse-album-to-song-028	held
reverse-singer-yes-no-027	tune
reverse-singer-to-song-011	held
reverse-singer-to-song-002	tune
reverse-singer-yes-no-021	held
reverse-singer-yes-no-022	tune
reverse-singer-yes-no-020	held
shared-lead-shared-lead-030	tune
shared-lead-shared-lead-028	held
shared-lead-shared-lead-011	tune
shared-lead-shared-lead-027	held
shared-lead-shared-lead-022	tune
shared-lead-shared-lead-029	held
shared-lead-shared-lead-020	tune
shared-lead-shared-lead-005	held
single-hop-song-month-025	tune
single-hop-song-month-044	held
single-hop-song-month-004	tune
single-hop-song-month-067	held
single-hop-song-month-015	tune
single-hop-song-month-012	held
single-hop-song-month-079	tune
single-hop-song-month-055	held
single-hop-song-month-037	tune
single-hop-song-album-056	held
single-hop-song-month-007	tune
single-hop-song-month-064	held
single-hop-song-month-029	tune
single-hop-song-month-086	held
single-hop-song-album-041	tune
single-hop-song-album-059	held
single-hop-song-album-054	tune
single-hop-song-month-011	held
single-hop-song-month-058	tune
single-hop-song-month-074	held
single-hop-song-month-073	tune
single-hop-song-month-023	held
single-hop-album-year-005	tune
single-hop-song-month-088	held
single-hop-song-month-071	tune
single-hop-album-year-001	held
single-hop-song-month-096	tune
single-hop-song-album-015	held
single-hop-song-month-068	tune
single-hop-song-month-022	held
single-hop-album-year-002	tune
single-hop-song-month-069	held
single-hop-song-month-001	tune
single-hop-song-album-006	held
single-hop-song-album-034	tune
single-hop-song-month-045	held
single-hop-song-month-039	tune
single-hop-song-album-025	held
