album	article	release_date
Please Please Me	Please Please Me	1963-03-22
With the Beatles	With the Beatles	1963-11-22
A Hard Day's Night	A Hard Day's Night (album)	1964-07-10
Beatles for Sale	Beatles for Sale	1964-12-04
Help!	Help!	1965-08-06
Rubber Soul	Rubber Soul	1965-12-03
Revolver	Revolver (Beatles album)	1966-08-05
Sgt. Pepper's Lonely Hearts Club Band	Sgt. Pepper's Lonely Hearts Club Band	1967-05-26
Magical Mystery Tour	Magical Mystery Tour	1967-11-27
The Beatles (White Album)	The Beatles (album)	1968-11-22
Yellow Submarine	Yellow Submarine (album)	1969-01-13
Abbey Road	Abbey Road	1969-09-26
Let It Be	Let It Be (album)	1970-05-08
Past Masters	Past Masters	1988-03-07
Anthology 1	Anthology 1	1995-11-20
Anthology 2	Anthology 2	1996-03-18
Anthology 3	Anthology 3	1996-10-28
Anthology 4	Anthology 4	2025-11-21
Live at the BBC	Live at the BBC (Beatles album)	1994-11-30
On Air – Live at the BBC Volume 2	On Air – Live at the BBC Volume 2	2013-11-11
