month	date	article	views_2024	chosen
1962-01	1962-01-08	Harmelen train disaster	3203	yes
1962-02	1962-02-04	Solar eclipse of February 5, 1962	3582	no
1962-02	1962-02-17	North Sea flood of 1962	12283	no
1962-02	1962-02-18	1962 NHRA Winternationals	483	no
1962-02	1962-02-20	Mercury-Atlas 6	116954	yes
1962-03	1962-03-01	American Airlines Flight 1 (1962)	135666	yes
1962-03	1962-03-07	Ash Wednesday Storm of 1962	13198	no
1962-03	1962-03-16	Flying Tiger Line Flight 739	52217	no
1962-03	1962-03-18	Eurovision Song Contest 1962	24730	no
1962-04	1962-04-09	34th Academy Awards	44091	yes
1962-05	1962-05-03	Mikawashima train crash	9843	no
1962-05	1962-05-22	Continental Airlines Flight 11	45723	yes
1962-05	1962-05-24	Mercury-Atlas 7	30948	no
1962-06	1962-06-03	Air France Flight 007	28342	yes
1962-06	1962-06-12	June 1962 Alcatraz escape	19175	no
1962-06	1962-06-22	Air France Flight 117	10475	no
1962-07	1962-07-01	1962 Algerian independence referendum	10876	no
1962-07	1962-07-14	Miss Universe 1962	12898	yes
1962-07	1962-07-31	Solar eclipse of July 31, 1962	5311	no
1962-08	1962-08-05	Death of Marilyn Monroe	740331	yes
1962-08	1962-08-15	New York Agreement	15074	no
1962-08	1962-08-17	Killing of Peter Fechter	31445	no
1962-08	1962-08-22	Petit-Clamart attack	16658	no
1962-09	1962-09-12	We choose to go to the Moon	178849	yes
1962-09	1962-09-23	Flying Tiger Line Flight 923	698	no
1962-09	1962-09-29	Alouette 1	13525	no
1962-10	1962-10-03	Mercury-Atlas 8	22648	no
1962-10	1962-10-16	Cuban Missile Crisis	1148008	yes
1962-11	1962-11-23	United Air Lines Flight 297	5219	yes
1962-11	1962-11-25	1962 Bavarian state election	0	no
1963-01	1963-01-01	Bogle–Chandler case	15112	no
1963-01	1963-01-02	Battle of Ap Bac	35171	yes
1963-01	1963-01-09	January 1963 lunar eclipse	550	no
1963-01	1963-01-13	1963 Togolese coup d'état	11132	no
1963-01	1963-01-17	January 1963 lunar eclipse	550	no
1963-01	1963-01-25	Solar eclipse of January 25, 1963	1677	no
1963-02	1963-02-12	Northwest Orient Airlines Flight 705	12173	yes
1963-02	1963-02-21	1963 Marj earthquake	1319	no
1963-03	1963-03-05	1963 Camden PA-24 crash	91371	yes
1963-03	1963-03-23	Eurovision Song Contest 1963	30302	no
1963-04	1963-04-08	35th Academy Awards	101281	yes
1963-04	1963-04-28	1963 Italian general election	15177	no
1963-05	1963-05-15	Mercury-Atlas 9	31354	yes
1963-06	1963-06-03	Huế chemical attacks	4103	no
1963-06	1963-06-16	Vostok 6	25238	no
1963-06	1963-06-26	Ich bin ein Berliner	259951	yes
1963-07	1963-07-07	Double Seven Day scuffle	8686	no
1963-07	1963-07-26	1963 Skopje earthquake	27750	yes
1963-08	1963-08-08	Great Train Robbery (1963)	297017	no
1963-08	1963-08-15	Trois Glorieuses (1963)	2978	no
1963-08	1963-08-21	Xá Lợi Pagoda raids	11375	no
1963-08	1963-08-28	I Have a Dream	647532	yes
1963-09	1963-09-15	16th Street Baptist Church bombing	215156	yes
1963-10	1963-10-03	1963 Honduran coup d'état	4539	no
1963-10	1963-10-31	1963 Indiana State Fairgrounds Coliseum gas explosion	26188	yes
1963-11	1963-11-02	1963 South Vietnamese coup d'état	58306	no
1963-11	1963-11-06	1963 South Vietnamese coup d'état	58306	no
1963-11	1963-11-09	Tsurumi rail accident	14977	no
1963-11	1963-11-22	Assassination of John F. Kennedy	2784782	yes
1963-11	1963-11-25	State funeral of John F. Kennedy	85627	no
1963-11	1963-11-29	Assassination of John F. Kennedy	2784782	no
1963-11	1963-11-29	Trans-Canada Air Lines Flight 831	35815	no
1963-11	1963-11-30	1963 Australian federal election	12564	no
1963-12	1963-12-08	Pan Am Flight 214	148438	yes
1964-02	1964-02-17	1964 Gabonese coup d'état	7465	yes
1964-03	1964-03-18	1964 Moscow protest	1848	no
1964-03	1964-03-21	Eurovision Song Contest 1964	32756	no
1964-03	1964-03-27	1964 Alaska earthquake	277629	yes
1964-04	1964-04-08	Gemini 1	17837	no
1964-04	1964-04-13	36th Academy Awards	39830	yes
1964-05	1964-05-07	Pacific Air Lines Flight 773	59867	yes
1964-05	1964-05-24	Estadio Nacional disaster	32178	no
1964-06	1964-06-11	Cologne school massacre	15576	no
1964-06	1964-06-21	1964 European Nations' Cup	190265	yes
1964-07	1964-07-16	Harlem riot of 1964	35843	yes
1964-08	1964-08-05	Operation Pierce Arrow	8647	no
1964-08	1964-08-07	Gulf of Tonkin Resolution	61085	yes
1964-08	1964-08-28	1964 Philadelphia race riot	8372	no
1964-10	1964-10-10	1964 Summer Olympics	304555	yes
1964-10	1964-10-12	Voskhod 1	21306	no
1964-10	1964-10-15	1964 United Kingdom general election	237655	no
1964-10	1964-10-17	Project 596	49794	no
1964-11	1964-11-03	1964 United States presidential election	1868181	yes
1964-11	1964-11-05	Mariner 3	5822	no
1964-12	1964-12-05	1964 Australian Senate election	944	no
1964-12	1964-12-24	1964 Brinks Hotel bombing	70697	yes
1965-01	1965-01-20	Second inauguration of Lyndon B. Johnson	18971	no
1965-01	1965-01-30	Death and state funeral of Winston Churchill	151331	yes
1965-02	1965-02-21	Assassination of Malcolm X	536449	yes
1965-03	1965-03-07	Selma to Montgomery marches	249890	yes
1965-03	1965-03-09	Selma to Montgomery marches	249890	no
1965-03	1965-03-18	Voskhod 2	46081	no
1965-03	1965-03-20	Eurovision Song Contest 1965	29794	no
1965-03	1965-03-23	1965 Moroccan riots	2817	no
1965-03	1965-03-23	Gemini 3	39296	no
1965-03	1965-03-28	1965 La Ligua earthquake	0	no
1965-04	1965-04-05	37th Academy Awards	54227	yes
1965-04	1965-04-24	1965 Yerevan demonstrations	4201	no
1965-05	1965-05-01	Battle of Dong-Yin	3248	yes
1965-06	1965-06-03	Gemini 4	43139	yes
1965-06	1965-06-10	Battle of Đồng Xoài	11443	no
1965-08	1965-08-11	Watts riots	213516	yes
1965-08	1965-08-21	Gemini 5	31256	no
1965-09	1965-09-08	Operation Dwarka	16271	no
1965-09	1965-09-19	Battle of Chawinda	44981	no
1965-09	1965-09-30	30 September Movement	140699	yes
1965-10	1965-10-04	1965 Durban rail accident	361	no
1965-10	1965-10-07	Typhoon Carmen (1965)	2740	yes
1965-11	1965-11-08	Operation Hump	25689	no
1965-11	1965-11-11	Rhodesia's Unilateral Declaration of Independence	63303	no
1965-11	1965-11-11	United Air Lines Flight 227	22220	no
1965-11	1965-11-14	Battle of Ia Drang	364171	yes
1965-11	1965-11-29	Alouette 2	2148	no
1965-12	1965-12-05	1965 French presidential election	50231	yes
1965-12	1965-12-05	Glasnost meeting	3008	no
1965-12	1965-12-15	Gemini 6A	33794	no
1966-01	1966-01-03	1966 Upper Voltan coup d'état	8122	no
1966-01	1966-01-10	Tashkent Declaration	89766	no
1966-01	1966-01-15	1966 Nigerian coup d'état	84560	no
1966-01	1966-01-17	1966 Palomares accident	0	no
1966-01	1966-01-24	Air India Flight 101	98134	no
1966-01	1966-01-26	1966 Liberal Party of Australia leadership election	1987	no
1966-01	1966-01-26	Disappearance of the Beaumont children	224639	yes
1966-01	1966-01-27	1966 Kingston upon Hull North by-election	1196	no
1966-02	1966-02-04	All Nippon Airways Flight 60	32095	no
1966-02	1966-02-07	Declaration of Honolulu, 1966	2486	no
1966-02	1966-02-23	1966 Syrian coup d'état	59477	yes
1966-03	1966-03-03	1966 Jackson, Mississippi tornado	0	no
1966-03	1966-03-04	Canadian Pacific Air Lines Flight 402	30815	no
1966-03	1966-03-05	BOAC Flight 911	137883	no
1966-03	1966-03-05	Eurovision Song Contest 1966	28081	no
1966-03	1966-03-16	Gemini 8	145315	no
1966-03	1966-03-22	1966 Xingtai earthquakes	1387	no
1966-03	1966-03-31	1966 United Kingdom general election	225666	yes
1966-04	1966-04-18	38th Academy Awards	49027	yes
1966-04	1966-04-26	1966 Tashkent earthquake	20465	no
1966-05	1966-05-04	May 1966 lunar eclipse	473	yes
1966-06	1966-06-05	Gemini 9A	37212	yes
1966-06	1966-06-06	March Against Fear	13364	no
1966-06	1966-06-30	1966 Australian census	0	no
1966-07	1966-07-11	1966 FIFA World Cup	596197	yes
1966-07	1966-07-18	Gemini 10	30725	no
1966-07	1966-07-22	Death of Hsu Tsu-tsai	979	no
1966-07	1966-07-29	1966 Nigerian counter-coup	39772	no
1966-07	1966-07-29	La Noche de los Bastones Largos	3108	no
1966-07	1966-07-30	1966 FIFA World Cup	596197	no
1966-08	1966-08-01	University of Texas tower shooting	441857	yes
1966-08	1966-08-06	Braniff International Airways Flight 250	10049	no
1966-08	1966-08-12	Shepherd's Bush murders	21627	no
1966-08	1966-08-18	Battle of Long Tan	111487	no
1966-08	1966-08-19	1966 Varto earthquake	1261	no
1966-09	1966-09-01	Britannia Airways Flight 105	7219	no
1966-09	1966-09-12	Gemini 11	36397	yes
1966-10	1966-10-01	West Coast Airlines Flight 956	10977	no
1966-10	1966-10-09	Bình Tai massacre	3707	no
1966-10	1966-10-21	Aberfan disaster	903663	yes
1966-11	1966-11-04	1966 flood of the Arno	33875	no
1966-11	1966-11-15	Gemini 12	58811	no
1966-11	1966-11-24	TABSO Flight 101	5746	no
1966-11	1966-11-26	1966 Australian federal election	16495	no
1966-11	1966-11-26	54th Grey Cup	2289	no
1966-11	1966-11-28	Black and White Ball	129590	yes
1966-12	1966-12-06	Bình Hòa massacre	6509	yes
1967-01	1967-01-06	Operation Deckhouse Five	4989	no
1967-01	1967-01-08	Operation Cedar Falls	16852	no
1967-01	1967-01-26	1967 Chicago blizzard	15897	no
1967-01	1967-01-27	Apollo 1	919678	yes
1967-04	1967-04-08	Eurovision Song Contest 1967	38768	no
1967-04	1967-04-10	39th Academy Awards	42169	no
1967-04	1967-04-21	Greek junta	272554	yes
1967-04	1967-04-24	Soyuz 1	86470	no
1967-05	1967-05-09	Solar eclipse of May 9, 1967	3548	no
1967-05	1967-05-27	1967 Australian referendum (Aboriginals)	45711	yes
1967-06	1967-06-04	Stockport air disaster	21758	no
1967-06	1967-06-05	Six-Day War	1973679	yes
1967-06	1967-06-08	USS Liberty incident	1309452	no
1967-06	1967-06-10	Six-Day War	1973679	no
1967-06	1967-06-12	Loving v. Virginia	309707	no
1967-06	1967-06-17	Project 639	0	no
1967-07	1967-07-06	Langenweddingen level crossing disaster	3205	no
1967-07	1967-07-12	1967 Newark riots	98182	no
1967-07	1967-07-14	1967 Plainfield riots	6609	no
1967-07	1967-07-19	Piedmont Airlines Flight 22	26081	no
1967-07	1967-07-23	1967 Detroit riot	159549	yes
1967-07	1967-07-24	Vive le Québec libre	38896	no
1967-07	1967-07-29	1967 Caracas earthquake	4302	no
1967-09	1967-09-03	Dagen H	115831	yes
1967-09	1967-09-04	Operation Swift	8752	no
1967-09	1967-09-10	1967 Gibraltar sovereignty referendum	20906	no
1967-10	1967-10-17	Battle of Ong Thanh	14075	yes
1967-10	1967-10-18	October 1967 lunar eclipse	662	no
1967-10	1967-10-26	Coronation of Mohammad Reza Pahlavi	0	no
1967-11	1967-11-02	Solar eclipse of November 2, 1967	3885	no
1967-11	1967-11-03	Battle of Dak To	71583	no
1967-11	1967-11-09	Apollo 4	79815	yes
1967-11	1967-11-25	1967 Australian Senate election	1271	no
1967-12	1967-12-17	Disappearance of Harold Holt	275296	yes
1968-01	1968-01-10	1968 Liberal Party of Australia leadership election	2042	no
1968-01	1968-01-15	1968 Belice earthquake	6618	no
1968-01	1968-01-21	1968 Thule Air Base B-52 crash	106056	yes
1968-02	1968-02-06	1968 Winter Olympics	65897	yes
1968-02	1968-02-08	Orangeburg Massacre	43770	no
1968-02	1968-02-12	Phong Nhị and Phong Nhất massacre	12021	no
1968-02	1968-02-25	Hà My massacre	6380	no
1968-03	1968-03-03	Air France Flight 212 (1968)	6625	no
1968-03	1968-03-10	Battle of Lima Site 85	42306	no
1968-03	1968-03-16	My Lai massacre	983031	yes
1968-03	1968-03-24	Aer Lingus Flight 712	26737	no
1968-04	1968-04-04	Apollo 6	95726	no
1968-04	1968-04-04	Assassination of Martin Luther King Jr.	842449	yes
1968-04	1968-04-06	Eurovision Song Contest 1968	35073	no
1968-04	1968-04-06	Richmond, Indiana explosion	5945	no
1968-04	1968-04-20	Rivers of Blood speech	393269	no
1968-04	1968-04-20	South African Airways Flight 228	27102	no
1968-04	1968-04-23	1968 Columbia University protests	90769	no
1968-05	1968-05-03	Braniff International Airways Flight 352	49882	yes
1968-05	1968-05-19	1968 Italian general election	15376	no
1968-05	1968-05-27	Grenelle agreements	3504	no
1968-06	1968-06-05	Assassination of Robert F. Kennedy	1166937	yes
1968-06	1968-06-10	UEFA Euro 1968	217451	no
1968-06	1968-06-23	The Tragedy of Gate 12	423	no
1968-08	1968-08-02	1968 Casiguran earthquake	7829	no
1968-08	1968-08-20	Warsaw Pact invasion of Czechoslovakia	307755	yes
1968-08	1968-08-22	1968 Democratic National Convention protests	184828	no
1968-08	1968-08-24	Canopus (nuclear test)	13087	no
1968-09	1968-09-07	Air France Flight 1611	11459	yes
1968-10	1968-10-02	Tlatelolco massacre	229755	no
1968-10	1968-10-11	Apollo 7	166418	no
1968-10	1968-10-12	1968 Summer Olympics	324194	yes
1968-10	1968-10-16	1968 Olympics Black Power salute	280067	no
1968-10	1968-10-18	1968 Summer Olympics	324194	no
1968-11	1968-11-05	1968 United States presidential election	2554880	yes
1968-11	1968-11-17	Heidi Game	113896	no
1968-11	1968-11-20	Farmington Mine disaster	20057	no
1968-11	1968-11-22	Japan Air Lines Flight 2	22288	no
1968-11	1968-11-24	Pan Am Flight 281	4739	no
1968-12	1968-12-09	The Mother of All Demos	89717	no
1968-12	1968-12-10	300 million yen robbery	26074	no
1968-12	1968-12-24	Apollo 8	353383	yes
1968-12	1968-12-28	1968 Israeli raid on Beirut Airport	740	no
1969-01	1969-01-05	Ariana Afghan Airlines Flight 701	20578	yes
1969-01	1969-01-14	1969 USS Enterprise fire	0	no
1969-01	1969-01-16	Soyuz 5	11173	no
1969-01	1969-01-18	Soyuz 5	11173	no
1969-01	1969-01-22	Attempted assassination of Leonid Brezhnev	16653	no
1969-02	1969-02-13	Montreal Stock Exchange bombing	8054	no
1969-02	1969-02-28	1969 Portugal earthquake	15453	yes
1969-03	1969-03-03	Apollo 9	138771	yes
1969-03	1969-03-13	Apollo 9	138771	no
1969-03	1969-03-16	Viasa Flight 742	22667	no
1969-03	1969-03-18	Solar eclipse of March 18, 1969	5022	no
1969-03	1969-03-20	1969 Aswan Ilyushin Il-18 crash	2964	no
1969-03	1969-03-22	1969 NCAA University Division basketball tournament	19998	no
1969-03	1969-03-29	Eurovision Song Contest 1969	69488	no
1969-04	1969-04-15	1969 EC-121 shootdown incident	34314	yes
1969-04	1969-04-28	1969 French constitutional referendum	17721	no
1969-05	1969-05-10	Battle of Hamburger Hill	180528	no
1969-05	1969-05-18	Apollo 10	263601	yes
1969-05	1969-05-22	Apollo 10	263601	no
1969-05	1969-05-26	Apollo 10	263601	no
1969-05	1969-05-29	Cordobazo	4846	no
1969-06	1969-06-24	1969 Rhodesian constitutional referendum	4186	yes
1969-07	1969-07-14	Football War	235236	no
1969-07	1969-07-16	Apollo 11	1995467	yes
1969-07	1969-07-19	Chappaquiddick incident	590582	no
1969-07	1969-07-20	Apollo 11	1995467	no
1969-07	1969-07-24	Apollo 11	1995467	no
1969-07	1969-07-26	1969 Yangjiang earthquake	1190	no
1969-08	1969-08-15	Woodstock	1083777	yes
1969-08	1969-08-17	Hurricane Camille	328708	no
1969-08	1969-08-29	TWA Flight 840 (1969)	3032	no
1969-09	1969-09-01	1969 Libyan revolution	32768	no
1969-09	1969-09-09	Allegheny Airlines Flight 853	20314	no
1969-09	1969-09-11	Solar eclipse of September 11, 1969	10489	no
1969-09	1969-09-28	1969 West German federal election	42309	yes
1969-10	1969-10-11	1969 World Series	100295	yes
1969-10	1969-10-15	Moratorium to End the War in Vietnam	26078	no
1969-10	1969-10-25	1969 Australian federal election	17637	no
1969-11	1969-11-14	Apollo 12	331556	yes
1969-11	1969-11-19	Apollo 12	331556	no
1969-11	1969-11-24	Apollo 12	331556	no
1969-12	1969-12-03	Air France Flight 212 (1969)	6569	no
1969-12	1969-12-06	Altamont Free Concert	263473	yes
1969-12	1969-12-12	Piazza Fontana bombing	40655	no
1969-12	1969-12-27	1969 Japanese general election	13775	no
1970-01	1970-01-05	1970 Tonghai earthquake	2543	yes
1970-02	1970-02-01	Benavídez rail disaster	2629	yes
1970-03	1970-03-31	Japan Air Lines Flight 351	123041	yes
1970-04	1970-04-08	Bahr El-Baqar primary school bombing	19367	no
1970-04	1970-04-11	Apollo 13	1539706	yes
1970-04	1970-04-13	Apollo 13	1539706	no
1970-05	1970-05-04	Kent State shootings	1077727	yes
1970-05	1970-05-11	Lubbock tornado	37961	no
1970-05	1970-05-14	Jackson State killings	47723	no
1970-05	1970-05-31	1970 Ancash earthquake	27219	no
1970-06	1970-06-01	Assassination of Pedro Eugenio Aramburu	0	no
1970-06	1970-06-01	Soyuz 9	5480	yes
1970-07	1970-07-03	Dan-Air Flight 1903	27129	no
1970-07	1970-07-05	Air Canada Flight 621	94969	yes
1970-07	1970-07-23	1970 Omani coup d'état	28072	no
1970-08	1970-08-31	Solar eclipse of August 31, 1970	3230	yes
1970-09	1970-09-04	1970 Chilean presidential election	26311	no
1970-09	1970-09-06	Dawson's Field hijackings	149703	yes
1970-09	1970-09-20	Luna 16	16467	no
1970-10	1970-10-02	Wichita State University football team plane crash	78332	yes
1970-11	1970-11-01	Club Cinq-Sept fire	8836	no
1970-11	1970-11-03	1970 Bhola cyclone	326914	yes
1970-11	1970-11-13	1970 Bhola cyclone	326914	no
1970-11	1970-11-13	1970 Syrian coup d'etat	0	no
1970-11	1970-11-14	Southern Airways Flight 932	244302	no
1970-11	1970-11-21	1970 Australian Senate election	2481	no
1970-11	1970-11-21	Operation Ivory Coast	49012	no
1970-11	1970-11-22	Operation Green Sea	10622	no
1970-11	1970-11-28	58th Grey Cup	1815	no
1970-12	1970-12-07	1970 Pakistani general election	155407	yes
