song	song_article	relation	other_article	song_views_2024	other_views_2024	famous	credit
12-Bar Original	12-Bar Original	composer	John Lennon	6808	4001970	other	Lennon; McCartney; Harrison; Starkey
12-Bar Original	12-Bar Original	producer	George Martin	6808	407801	other	Lennon; McCartney; Harrison; Starkey
12-Bar Original	12-Bar Original	recorded at	Abbey Road Studios	6808	161185	other	Lennon; McCartney; Harrison; Starkey
All I've Got to Do	All I've Got to Do	composer	Lennon–McCartney	13245	266452	other	Lennon–McCartney
All I've Got to Do	All I've Got to Do	producer	George Martin	13245	407801	other	Lennon–McCartney
All Together Now	All Together Now (Beatles song)	composer	Lennon–McCartney	23868	266452	other	Lennon–McCartney
Another Girl	Another Girl	composer	Lennon–McCartney	11552	266452	other	Lennon–McCartney
Any Time at All	Any Time at All	composer	Lennon–McCartney	12068	266452	other	Lennon–McCartney
Any Time at All	Any Time at All	producer	George Martin	12068	407801	other	Lennon–McCartney
Ask Me Why	Ask Me Why	composer	Lennon–McCartney	20734	266452	other	Lennon–McCartney
Ask Me Why	Ask Me Why	producer	George Martin	20734	407801	other	Lennon–McCartney
Baby's in Black	Baby's in Black	composer	Lennon–McCartney	16506	266452	other	Lennon–McCartney
Back in the U.S.S.R.	Back in the U.S.S.R.	main subject	Soviet Union	133663	5023869	other	Lennon–McCartney
Blue Jay Way	Blue Jay Way	composer	George Harrison	30741	2950390	other	Harrison
Cayenne	Cayenne (instrumental)	composer	Paul McCartney	3641	3743979	other	McCartney
Cry Baby Cry	Cry Baby Cry	producer	George Martin	26704	407801	other	Lennon–McCartney
Dig It	Dig It (Beatles song)	composer	George Harrison	19592	2950390	other	Lennon; McCartney; Harrison; Starkey
Dig It	Dig It (Beatles song)	composer	John Lennon	19592	4001970	other	Lennon; McCartney; Harrison; Starkey
Dig It	Dig It (Beatles song)	composer	Paul McCartney	19592	3743979	other	Lennon; McCartney; Harrison; Starkey
Dig It	Dig It (Beatles song)	composer	Ringo Starr	19592	2401117	other	Lennon; McCartney; Harrison; Starkey
Dig It	Dig It (Beatles song)	producer	Phil Spector	19592	2116081	other	Lennon; McCartney; Harrison; Starkey
Dig a Pony	Dig a Pony	producer	Phil Spector	30767	2116081	other	Lennon–McCartney
Doctor Robert	Doctor Robert	producer	George Martin	34978	407801	other	Lennon–McCartney
Don't Bother Me	Don't Bother Me	composer	George Harrison	20969	2950390	other	Harrison
Don't Pass Me By	Don't Pass Me By	composer	Ringo Starr	43854	2401117	other	Starkey
Every Little Thing	Every Little Thing (Beatles song)	composer	Lennon–McCartney	20270	266452	other	Lennon–McCartney
Every Little Thing	Every Little Thing (Beatles song)	producer	George Martin	20270	407801	other	Lennon–McCartney
Everybody's Got Something to Hide Except Me and My Monkey	Everybody's Got Something to Hide Except Me and My Monkey	producer	George Martin	32881	407801	other	Lennon–McCartney
Flying	Flying (Beatles instrumental)	composer	George Harrison	16196	2950390	other	Lennon; McCartney; Harrison; Starkey
Flying	Flying (Beatles instrumental)	composer	John Lennon	16196	4001970	other	Lennon; McCartney; Harrison; Starkey
Flying	Flying (Beatles instrumental)	composer	Paul McCartney	16196	3743979	other	Lennon; McCartney; Harrison; Starkey
Flying	Flying (Beatles instrumental)	composer	Ringo Starr	16196	2401117	other	Lennon; McCartney; Harrison; Starkey
For You Blue	For You Blue	composer	George Harrison	31343	2950390	other	Harrison
Free as a Bird	Free as a Bird	composer	George Harrison	81831	2950390	other	Lennon; McCartney; Harrison; Starkey
Free as a Bird	Free as a Bird	composer	John Lennon	81831	4001970	other	Lennon; McCartney; Harrison; Starkey
Free as a Bird	Free as a Bird	composer	Paul McCartney	81831	3743979	other	Lennon; McCartney; Harrison; Starkey
Free as a Bird	Free as a Bird	composer	Ringo Starr	81831	2401117	other	Lennon; McCartney; Harrison; Starkey
Girl	Girl (Beatles song)	producer	George Martin	34813	407801	other	Lennon–McCartney
Good Day Sunshine	Good Day Sunshine	producer	George Martin	28042	407801	other	Lennon–McCartney
Her Majesty	Her Majesty (song)	main subject	Elizabeth II	33769	8605054	other	Lennon–McCartney
Her Majesty	Her Majesty (song)	producer	George Martin	33769	407801	other	Lennon–McCartney
Here Comes the Sun	Here Comes the Sun	composer	George Harrison	272409	2950390	other	Harrison
Hold Me Tight	Hold Me Tight	composer	Lennon–McCartney	14492	266452	other	Lennon–McCartney
Honey Pie	Honey Pie	producer	George Martin	28114	407801	other	Lennon–McCartney
I Call Your Name	I Call Your Name	composer	Lennon–McCartney	24920	266452	other	Lennon–McCartney
I Call Your Name	I Call Your Name	producer	George Martin	24920	407801	other	Lennon–McCartney
I Don't Want to Spoil the Party	I Don't Want to Spoil the Party	composer	Lennon–McCartney	15077	266452	other	Lennon–McCartney
I Don't Want to Spoil the Party	I Don't Want to Spoil the Party	producer	George Martin	15077	407801	other	Lennon–McCartney
I Got to Find My Baby	I Got to Find My Baby	producer	George Martin	1577	407801	other	Chuck Berry
I Me Mine	I Me Mine	composer	George Harrison	58742	2950390	other	Harrison
I Need You	I Need You (Beatles song)	composer	George Harrison	31541	2950390	other	Harrison
I Want to Tell You	I Want to Tell You	producer	George Martin	23025	407801	other	Harrison
I'll Be Back	I'll Be Back (song)	composer	Lennon–McCartney	17915	266452	other	Lennon–McCartney
I'll Cry Instead	I'll Cry Instead	composer	Lennon–McCartney	19237	266452	other	Lennon–McCartney
I'll Cry Instead	I'll Cry Instead	producer	George Martin	19237	407801	other	Lennon–McCartney
I'll Follow the Sun	I'll Follow the Sun	producer	George Martin	27624	407801	other	Lennon–McCartney
I'll Get You	I'll Get You	composer	Lennon–McCartney	15534	266452	other	Lennon–McCartney
I'm Down	I'm Down	composer	Lennon–McCartney	26302	266452	other	Lennon–McCartney
I'm Happy Just to Dance with You	I'm Happy Just to Dance with You	composer	Lennon–McCartney	24687	266452	other	Lennon–McCartney
I'm Looking Through You	I'm Looking Through You	composer	Lennon–McCartney	24636	266452	other	Lennon–McCartney
I'm Looking Through You	I'm Looking Through You	producer	George Martin	24636	407801	other	Lennon–McCartney
I'm So Tired	I'm So Tired	producer	George Martin	30699	407801	other	Lennon–McCartney
I'm a Loser	I'm a Loser	composer	Lennon–McCartney	18410	266452	other	Lennon–McCartney
I've Got a Feeling	I've Got a Feeling	producer	Phil Spector	38988	2116081	other	Lennon–McCartney
If I Needed Someone	If I Needed Someone	composer	George Harrison	35078	2950390	other	Harrison
If You've Got Trouble	If You've Got Trouble	composer	Lennon–McCartney	7871	266452	other	Lennon; McCartney
If You've Got Trouble	If You've Got Trouble	producer	George Martin	7871	407801	other	Lennon; McCartney
If You've Got Trouble	If You've Got Trouble	recorded at	Abbey Road Studios	7871	161185	other	Lennon; McCartney
It Won't Be Long	It Won't Be Long	composer	Lennon–McCartney	16255	266452	other	Lennon–McCartney
It Won't Be Long	It Won't Be Long	producer	George Martin	16255	407801	other	Lennon–McCartney
It's All Too Much	It's All Too Much	composer	George Harrison	37148	2950390	other	Harrison
It's All Too Much	It's All Too Much	producer	George Martin	37148	407801	other	Harrison
It's Only Love	It's Only Love	composer	Lennon–McCartney	17264	266452	other	Lennon–McCartney
Julia	Julia (Beatles song)	producer	George Martin	39295	407801	other	Lennon–McCartney
Little Child	Little Child	composer	Lennon–McCartney	11610	266452	other	Lennon–McCartney
Little Child	Little Child	producer	George Martin	11610	407801	other	Lennon–McCartney
Long, Long, Long	Long, Long, Long	composer	George Harrison	30898	2950390	other	Harrison
Long, Long, Long	Long, Long, Long	producer	George Martin	30898	407801	other	Harrison
Love You To	Love You To	composer	George Harrison	34303	2950390	other	Harrison
Lovely Rita	Lovely Rita	producer	George Martin	35576	407801	other	Lennon–McCartney
Martha My Dear	Martha My Dear	producer	George Martin	37641	407801	other	Lennon–McCartney
Mean Mr. Mustard	Mean Mr. Mustard	composer	Lennon–McCartney	25031	266452	other	Lennon–McCartney
Mean Mr. Mustard	Mean Mr. Mustard	producer	George Martin	25031	407801	other	Lennon–McCartney
Misery	Misery (Beatles song)	composer	Lennon–McCartney	19120	266452	other	Lennon–McCartney
Misery	Misery (Beatles song)	producer	George Martin	19120	407801	other	Lennon–McCartney
Mother Nature's Son	Mother Nature's Son	composer	Lennon–McCartney	24454	266452	other	Lennon–McCartney
No Reply	No Reply (song)	composer	Lennon–McCartney	22699	266452	other	Lennon–McCartney
Not a Second Time	Not a Second Time	composer	Lennon–McCartney	13198	266452	other	Lennon–McCartney
Now and Then	Now and Then (Beatles song)	composer	John Lennon	374473	4001970	other	Lennon; McCartney; Harrison; Starkey
Octopus's Garden	Octopus's Garden	composer	Ringo Starr	103246	2401117	other	Starkey
Old Brown Shoe	Old Brown Shoe	composer	George Harrison	47708	2950390	other	Harrison
One After 909	One After 909	producer	Phil Spector	33556	2116081	other	Lennon–McCartney
Only a Northern Song	Only a Northern Song	composer	George Harrison	27402	2950390	other	Harrison
Piggies	Piggies	composer	George Harrison	35806	2950390	other	Harrison
Piggies	Piggies	producer	George Martin	35806	407801	other	Harrison
Real Love	Real Love (Beatles song)	composer	John Lennon	68319	4001970	other	Lennon
Run for Your Life	Run for Your Life (Beatles song)	producer	George Martin	27740	407801	other	Lennon–McCartney
Savoy Truffle	Savoy Truffle	composer	George Harrison	38606	2950390	other	Harrison
Savoy Truffle	Savoy Truffle	producer	George Martin	38606	407801	other	Harrison
Something	Something (Beatles song)	composer	George Harrison	232863	2950390	other	Harrison
Taxman	Taxman	composer	George Harrison	80805	2950390	other	Harrison
Tell Me What You See	Tell Me What You See	composer	Lennon–McCartney	12825	266452	other	Lennon–McCartney
Tell Me Why	Tell Me Why (Beatles song)	composer	Lennon–McCartney	16474	266452	other	Lennon–McCartney
Tell Me Why	Tell Me Why (Beatles song)	producer	George Martin	16474	407801	other	Lennon–McCartney
Thank You Girl	Thank You Girl	composer	Lennon–McCartney	14679	266452	other	Lennon–McCartney
That Means a Lot	That Means a Lot	composer	John Lennon	8888	4001970	other	Lennon; McCartney
That Means a Lot	That Means a Lot	composer	Paul McCartney	8888	3743979	other	Lennon; McCartney
The Inner Light	The Inner Light (song)	composer	George Harrison	35000	2950390	other	Harrison
The Night Before	The Night Before (song)	composer	Lennon–McCartney	19908	266452	other	Lennon–McCartney
The Word	The Word (song)	composer	Lennon–McCartney	18789	266452	other	Lennon–McCartney
The Word	The Word (song)	producer	George Martin	18789	407801	other	Lennon–McCartney
There's a Place	There's a Place	composer	Lennon–McCartney	19279	266452	other	Lennon–McCartney
There's a Place	There's a Place	producer	George Martin	19279	407801	other	Lennon–McCartney
Things We Said Today	Things We Said Today	composer	Lennon–McCartney	25572	266452	other	Lennon–McCartney
Think for Yourself	Think for Yourself	composer	George Harrison	26362	2950390	other	Harrison
Think for Yourself	Think for Yourself	producer	George Martin	26362	407801	other	Harrison
Two of Us	Two of Us (Beatles song)	producer	Phil Spector	45551	2116081	other	Lennon–McCartney
Wait	Wait (Beatles song)	composer	Lennon–McCartney	13688	266452	other	Lennon–McCartney
Wait	Wait (Beatles song)	producer	George Martin	13688	407801	other	Lennon–McCartney
What Goes On	What Goes On (Beatles song)	composer	John Lennon	23978	4001970	other	Lennon; McCartney; Starkey
What Goes On	What Goes On (Beatles song)	composer	Paul McCartney	23978	3743979	other	Lennon; McCartney; Starkey
What Goes On	What Goes On (Beatles song)	composer	Ringo Starr	23978	2401117	other	Lennon; McCartney; Starkey
What Goes On	What Goes On (Beatles song)	producer	George Martin	23978	407801	other	Lennon; McCartney; Starkey
What You're Doing	What You're Doing	composer	Lennon–McCartney	11782	266452	other	Lennon–McCartney
What You're Doing	What You're Doing	producer	George Martin	11782	407801	other	Lennon–McCartney
What's the New Mary Jane	What's the New Mary Jane	composer	John Lennon	13096	4001970	other	Lennon; McCartney
What's the New Mary Jane	What's the New Mary Jane	producer	George Martin	13096	407801	other	Lennon; McCartney
When I Get Home	When I Get Home	composer	Lennon–McCartney	7856	266452	other	Lennon–McCartney
When I Get Home	When I Get Home	producer	George Martin	7856	407801	other	Lennon–McCartney
Why Don't We Do It in the Road?	Why Don't We Do It in the Road?	producer	George Martin	33134	407801	other	Lennon–McCartney
Wild Honey Pie	Wild Honey Pie	composer	Lennon–McCartney	21324	266452	other	Lennon–McCartney
Wild Honey Pie	Wild Honey Pie	producer	George Martin	21324	407801	other	Lennon–McCartney
Within You Without You	Within You Without You	composer	George Harrison	54074	2950390	other	Harrison
Yer Blues	Yer Blues	producer	George Martin	38236	407801	other	Lennon–McCartney
Yes It Is	Yes It Is	composer	Lennon–McCartney	23419	266452	other	Lennon–McCartney
You Know What to Do	You Know What to Do	composer	George Harrison	5104	2950390	other	Harrison
You Know What to Do	You Know What to Do	producer	George Martin	5104	407801	other	Harrison
You Like Me Too Much	You Like Me Too Much	composer	George Harrison	11858	2950390	other	Harrison
You'll Be Mine	You'll Be Mine (Beatles song)	composer	John Lennon	5105	4001970	other	Lennon; McCartney
You'll Be Mine	You'll Be Mine (Beatles song)	composer	Paul McCartney	5105	3743979	other	Lennon; McCartney
You're Going to Lose That Girl	You're Going to Lose That Girl	composer	Lennon–McCartney	16559	266452	other	Lennon–McCartney
Your Mother Should Know	Your Mother Should Know	composer	Lennon–McCartney	22120	266452	other	Lennon–McCartney
