title	article	year	first_release	first_album	songwriters	lead_vocals	with_vocals	article_lead	length_s	release_date	date_from	cover	views_2024	catalogue
Across the Universe	Across the Universe	1969	Let It Be	Let It Be	Lennon–McCartney	Lennon		Lennon	228	1969-12-12	Across the Universe	no	150822	core 1962-1970
Act Naturally	Act Naturally	1965	Help!	Help!	Johnny Russell; Voni Morrison	Starr		Starr	150	1965-08-06	Help!	yes	70445	core 1962-1970
All I've Got to Do	All I've Got to Do	1963	With the Beatles	With the Beatles	Lennon–McCartney	Lennon		Lennon	122	1963-11-22	With the Beatles	no	13245	core 1962-1970
All My Loving	All My Loving	1963	With the Beatles	With the Beatles	Lennon–McCartney	McCartney		McCartney	127	1963-11-22	With the Beatles	no	59146	core 1962-1970
All Together Now	All Together Now (Beatles song)	1969	Yellow Submarine	Yellow Submarine	Lennon–McCartney	McCartney	Lennon	Lennon+McCartney	131	1969-01-13	Yellow Submarine (album)	no	23868	core 1962-1970
All You Need Is Love	All You Need Is Love	1967	single: A-side of "Baby, You're a Rich Man"	Magical Mystery Tour	Lennon–McCartney	Lennon			237	1967-07-07	All You Need Is Love	no	170388	core 1962-1970
And I Love Her	And I Love Her	1964	A Hard Day's Night	A Hard Day's Night	Lennon–McCartney	McCartney		McCartney	150	1964-07-10	A Hard Day's Night (album)	no	79037	core 1962-1970
And Your Bird Can Sing	And Your Bird Can Sing	1966	Revolver	Revolver	Lennon–McCartney	Lennon		Lennon	122	1966-06-20	And Your Bird Can Sing	no	45169	core 1962-1970
Anna (Go to Him)	Anna (Go to Him)	1963	Please Please Me	Please Please Me	Arthur Alexander	Lennon			174	1963-03-22	Please Please Me	yes		core 1962-1970
Another Girl	Another Girl	1965	Help!	Help!	Lennon–McCartney	McCartney		McCartney	125	1965-08-06	Help!	no	11552	core 1962-1970
Any Time at All	Any Time at All	1964	A Hard Day's Night	A Hard Day's Night	Lennon–McCartney	Lennon		Lennon	131	1964-07-10	A Hard Day's Night (album)	no	12068	core 1962-1970
Ask Me Why	Ask Me Why	1963	Please Please Me	Please Please Me	Lennon–McCartney	Lennon		Lennon	144	1963-01-11	Ask Me Why	no	20734	core 1962-1970
Baby It's You	Baby It's You	1963	Please Please Me	Please Please Me	Burt Bacharach; Mack David; Luther Dixon	Lennon		Lennon	155	1963-03-22	Please Please Me	yes	54012	core 1962-1970
Baby, You're a Rich Man	Baby, You're a Rich Man	1967	single: B-side of "All You Need Is Love"	Magical Mystery Tour	Lennon–McCartney	Lennon		Lennon	187	1967-07-07	Baby, You're a Rich Man	no	48260	core 1962-1970
Baby's in Black	Baby's in Black	1964	Beatles for Sale	Beatles for Sale	Lennon–McCartney	Lennon+McCartney		Lennon+McCartney	124	1964-12-04	Beatles for Sale	no	16506	core 1962-1970
Back in the U.S.S.R.	Back in the U.S.S.R.	1968	The Beatles (White Album)	The Beatles (White Album)	Lennon–McCartney	McCartney		McCartney	163	1968-11-22	The Beatles (album)	no	133663	core 1962-1970
Bad Boy	Bad Boy (Larry Williams song)	1965	Past Masters	Past Masters	Larry Williams	Lennon			141			yes	16522	core 1962-1970
The Ballad of John and Yoko	The Ballad of John and Yoko	1969	single: A-side of "Old Brown Shoe"	Past Masters	Lennon–McCartney	Lennon		Lennon	180	1969-05-30	The Ballad of John and Yoko	no	104480	core 1962-1970
Because	Because (Beatles song)	1969	Abbey Road	Abbey Road	Lennon–McCartney	Lennon	McCartney+Harrison		165	1969-09-26	Abbey Road	no	48269	core 1962-1970
Being for the Benefit of Mr. Kite!	Being for the Benefit of Mr. Kite!	1967	Sgt. Pepper's Lonely Hearts Club Band	Sgt. Pepper's Lonely Hearts Club Band	Lennon–McCartney	Lennon		Lennon	157	1967-05-26	Sgt. Pepper's Lonely Hearts Club Band	no	49947	core 1962-1970
Birthday	Birthday (Beatles song)	1968	The Beatles (White Album)	The Beatles (White Album)	Lennon–McCartney	McCartney+Lennon		Lennon+McCartney	162	1968-11-22	The Beatles (album)	no	49367	core 1962-1970
Blackbird	Blackbird (Beatles song)	1968	The Beatles (White Album)	The Beatles (White Album)	Lennon–McCartney	McCartney			138	1968-11-22	The Beatles (album)	no	470321	core 1962-1970
Blue Jay Way	Blue Jay Way	1967	Magical Mystery Tour	Magical Mystery Tour	Harrison	Harrison		Harrison	230	1967-11-27	Magical Mystery Tour	no	30741	core 1962-1970
Boys	Boys (The Shirelles song)	1963	Please Please Me	Please Please Me	Luther Dixon; Wes Farrell	Starr		Starr	144	1963-03-22	Please Please Me	yes	18282	core 1962-1970
Can't Buy Me Love	Can't Buy Me Love	1964	A Hard Day's Night	A Hard Day's Night	Lennon–McCartney	McCartney		McCartney	132	1964-03-16	Can't Buy Me Love	no	87105	core 1962-1970
Carry That Weight	Carry That Weight	1969	Abbey Road	Abbey Road	Lennon–McCartney	McCartney	Lennon+Harrison+Starr	McCartney	96	1969-09-26	Abbey Road	no	44380	core 1962-1970
Chains	Chains (Cookies song)	1963	Please Please Me	Please Please Me	Gerry Goffin; Carole King	Harrison			143	1963-03-22	Please Please Me	yes	21369	core 1962-1970
Come Together	Come Together	1969	Abbey Road	Abbey Road	Lennon–McCartney	Lennon			259	1969-09-26	Abbey Road	no	247893	core 1962-1970
The Continuing Story of Bungalow Bill	The Continuing Story of Bungalow Bill	1968	The Beatles (White Album)	The Beatles (White Album)	Lennon–McCartney	Lennon	Yoko Ono	Lennon	194	1968-11-22	The Beatles (album)	no	43487	core 1962-1970
Cry Baby Cry	Cry Baby Cry	1968	The Beatles (White Album)	The Beatles (White Album)	Lennon–McCartney	Lennon	McCartney	Lennon+McCartney	182	1968-11-22	The Beatles (album)	no	26704	core 1962-1970
A Day in the Life	A Day in the Life	1967	Sgt. Pepper's Lonely Hearts Club Band	Sgt. Pepper's Lonely Hearts Club Band	Lennon–McCartney	Lennon	McCartney	Lennon+McCartney	338	1967-05-26	Sgt. Pepper's Lonely Hearts Club Band	no	209212	core 1962-1970
Day Tripper	Day Tripper	1965	single: Double A-side with "We Can Work It Out"	Past Masters	Lennon–McCartney	Lennon+McCartney		Lennon+McCartney	170	1965-12-03	Day Tripper	no	104798	core 1962-1970
Dear Prudence	Dear Prudence	1968	The Beatles (White Album)	The Beatles (White Album)	Lennon–McCartney	Lennon		Lennon	236	1968-11-22	The Beatles (album)	no	111976	core 1962-1970
Devil in Her Heart	Devil in His Heart	1963	With the Beatles	With the Beatles	Richard Drapkin	Harrison			148	1963-11-22	With the Beatles	yes		core 1962-1970
Dig a Pony	Dig a Pony	1970	Let It Be	Let It Be	Lennon–McCartney	Lennon		Lennon	234	1970-05-08	Let It Be (album)	no	30767	core 1962-1970
Dig It	Dig It (Beatles song)	1970	Let It Be	Let It Be	Lennon; McCartney; Harrison; Starkey	Lennon		Lennon+McCartney+Harrison	50	1970-05-08	Let It Be (album)	no	19592	core 1962-1970
Dizzy Miss Lizzy	Dizzy, Miss Lizzy	1965	Help!	Help!	Larry Williams	Lennon			174	1965-08-06	Help!	yes		core 1962-1970
Do You Want to Know a Secret	Do You Want to Know a Secret	1963	Please Please Me	Please Please Me	Lennon–McCartney	Harrison		Harrison	116	1963-03-22	Please Please Me	no	58157	core 1962-1970
Doctor Robert	Doctor Robert	1966	Revolver	Revolver	Lennon–McCartney	Lennon		Lennon	134	1966-06-20	Doctor Robert	no	34978	core 1962-1970
Don't Bother Me	Don't Bother Me	1963	With the Beatles	With the Beatles	Harrison	Harrison		Harrison	148	1963-11-22	With the Beatles	no	20969	core 1962-1970
Don't Let Me Down	Don't Let Me Down (Beatles song)	1969	single: B-side of "Get Back"	Past Masters	Lennon–McCartney	Lennon		Lennon	215	1969-04-11	Don't Let Me Down (Beatles song)	no	121595	core 1962-1970
Don't Pass Me By	Don't Pass Me By	1968	The Beatles (White Album)	The Beatles (White Album)	Starkey	Starr		Starr	231	1968-11-22	The Beatles (album)	no	43854	core 1962-1970
Drive My Car	Drive My Car (song)	1965	Rubber Soul	Rubber Soul	Lennon–McCartney	McCartney+Lennon		Lennon+McCartney	145	1965-12-03	Rubber Soul	no	47632	core 1962-1970
Eight Days a Week	Eight Days a Week	1964	Beatles for Sale	Beatles for Sale	Lennon–McCartney	Lennon		Lennon	163	1964-12-04	Beatles for Sale	no	58266	core 1962-1970
Eleanor Rigby	Eleanor Rigby	1966	Revolver	Revolver	Lennon–McCartney	McCartney			131	1966-08-05	Revolver (Beatles album)	no	299372	core 1962-1970
The End	The End (Beatles song)	1969	Abbey Road	Abbey Road	Lennon–McCartney	McCartney			125	1969-09-26	Abbey Road	no	70949	core 1962-1970
Every Little Thing	Every Little Thing (Beatles song)	1964	Beatles for Sale	Beatles for Sale	Lennon–McCartney	Lennon+McCartney		Lennon+McCartney	124	1964-12-04	Beatles for Sale	no	20270	core 1962-1970
Everybody's Got Something to Hide Except Me and My Monkey	Everybody's Got Something to Hide Except Me and My Monkey	1968	The Beatles (White Album)	The Beatles (White Album)	Lennon–McCartney	Lennon		Lennon	144	1968-11-22	The Beatles (album)	no	32881	core 1962-1970
Everybody's Trying to Be My Baby	Everybody's Trying to Be My Baby	1964	Beatles for Sale	Beatles for Sale	Carl Perkins	Harrison		Harrison	146	1964-12-04	Beatles for Sale	yes	13041	core 1962-1970
Fixing a Hole	Fixing a Hole	1967	Sgt. Pepper's Lonely Hearts Club Band	Sgt. Pepper's Lonely Hearts Club Band	Lennon–McCartney	McCartney		McCartney	156	1967-05-26	Sgt. Pepper's Lonely Hearts Club Band	no	27237	core 1962-1970
Flying	Flying (Beatles instrumental)	1967	Magical Mystery Tour	Magical Mystery Tour	Lennon; McCartney; Harrison; Starkey	instrumental		Lennon+McCartney+Harrison+Starr	136	1967-11-27	Magical Mystery Tour	no	16196	core 1962-1970
The Fool on the Hill	The Fool on the Hill	1967	Magical Mystery Tour	Magical Mystery Tour	Lennon–McCartney	McCartney		McCartney	180	1967-11-27	Magical Mystery Tour	no	63018	core 1962-1970
For No One	For No One	1966	Revolver	Revolver	Lennon–McCartney	McCartney		McCartney	123	1966-08-05	Revolver (Beatles album)	no	43452	core 1962-1970
For You Blue	For You Blue	1970	Let It Be	Let It Be	Harrison	Harrison		Harrison	152	1970-05-08	Let It Be (album)	no	31343	core 1962-1970
From Me to You	From Me to You	1963	single: A-side of "Thank You Girl"	Past Masters	Lennon–McCartney	Lennon+McCartney		Lennon	118	1963-04-11	From Me to You	no	68249	core 1962-1970
Get Back	Get Back	1969	single: A-side of "Don't Let Me Down"	Let It Be	Lennon–McCartney	McCartney		McCartney	189	1969-04-11	Get Back	no	179567	core 1962-1970
Getting Better	Getting Better	1967	Sgt. Pepper's Lonely Hearts Club Band	Sgt. Pepper's Lonely Hearts Club Band	Lennon–McCartney	McCartney		McCartney	168	1967-05-26	Sgt. Pepper's Lonely Hearts Club Band	no	37565	core 1962-1970
Girl	Girl (Beatles song)	1965	Rubber Soul	Rubber Soul	Lennon–McCartney	Lennon		Lennon	150	1965-12-03	Rubber Soul	no	34813	core 1962-1970
Glass Onion	Glass Onion (song)	1968	The Beatles (White Album)	The Beatles (White Album)	Lennon–McCartney	Lennon		Lennon	138	1968-11-22	The Beatles (album)	no	48546	core 1962-1970
Golden Slumbers	Golden Slumbers	1969	Abbey Road	Abbey Road	Lennon–McCartney	McCartney		McCartney	91	1969-09-26	Abbey Road	no	78197	core 1962-1970
Good Day Sunshine	Good Day Sunshine	1966	Revolver	Revolver	Lennon–McCartney	McCartney			128	1966-08-05	Revolver (Beatles album)	no	28042	core 1962-1970
Good Morning Good Morning	Good Morning Good Morning	1967	Sgt. Pepper's Lonely Hearts Club Band	Sgt. Pepper's Lonely Hearts Club Band	Lennon–McCartney	Lennon		Lennon	162	1967-05-26	Sgt. Pepper's Lonely Hearts Club Band	no	28479	core 1962-1970
Good Night	Good Night (Beatles song)	1968	The Beatles (White Album)	The Beatles (White Album)	Lennon–McCartney	Starr		Starr	194	1968-11-22	The Beatles (album)	no	40871	core 1962-1970
Got to Get You into My Life	Got to Get You into My Life	1966	Revolver	Revolver	Lennon–McCartney	McCartney		McCartney	151	1966-08-05	Revolver (Beatles album)	no	74459	core 1962-1970
Happiness Is a Warm Gun	Happiness Is a Warm Gun	1968	The Beatles (White Album)	The Beatles (White Album)	Lennon–McCartney	Lennon		Lennon	167	1968-11-22	The Beatles (album)	no	79058	core 1962-1970
A Hard Day's Night	A Hard Day's Night (song)	1964	A Hard Day's Night	A Hard Day's Night	Lennon–McCartney	Lennon	McCartney	Lennon+McCartney	154	1964-07-10	A Hard Day's Night (album)	no	88577	core 1962-1970
Hello, Goodbye	Hello, Goodbye	1967	single	Magical Mystery Tour	Lennon–McCartney	McCartney		McCartney	204	1967-11-24	Hello, Goodbye	no	87826	core 1962-1970
Help!	Help! (song)	1965	Help!	Help!	Lennon–McCartney	Lennon		Lennon	138	1965-07-23	Help! (song)	no	114277	core 1962-1970
Helter Skelter	Helter Skelter (song)	1968	The Beatles (White Album)	The Beatles (White Album)	Lennon–McCartney	McCartney		McCartney	270	1968-11-22	The Beatles (album)	no	260578	core 1962-1970
Her Majesty	Her Majesty (song)	1969	Abbey Road	Abbey Road	Lennon–McCartney	McCartney		McCartney	23	1969-09-26	Abbey Road	no	33769	core 1962-1970
Here Comes the Sun	Here Comes the Sun	1969	Abbey Road	Abbey Road	Harrison	Harrison			185	1969-09-26	Abbey Road	no	272409	core 1962-1970
Here, There and Everywhere	Here, There and Everywhere	1966	Revolver	Revolver	Lennon–McCartney	McCartney		McCartney	149	1966-08-05	Revolver (Beatles album)	no	86807	core 1962-1970
Hey Bulldog	Hey Bulldog	1969	Yellow Submarine	Yellow Submarine	Lennon–McCartney	Lennon		Lennon	192	1969-01-13	Yellow Submarine (album)	no	51093	core 1962-1970
Hey Jude	Hey Jude	1968	single: A-side of "Revolution"	Past Masters	Lennon–McCartney	McCartney		McCartney	428	1968-08-26	Hey Jude	no	477821	core 1962-1970
Hold Me Tight	Hold Me Tight	1963	With the Beatles	With the Beatles	Lennon–McCartney	McCartney		McCartney	152	1963-11-22	With the Beatles	no	14492	core 1962-1970
Honey Don't	Honey Don't	1964	Beatles for Sale	Beatles for Sale	Carl Perkins	Starr		Starr	177	1964-12-04	Beatles for Sale	yes	18720	core 1962-1970
Honey Pie	Honey Pie	1968	The Beatles (White Album)	The Beatles (White Album)	Lennon–McCartney	McCartney		McCartney	161	1968-11-22	The Beatles (album)	no	28114	core 1962-1970
I Am the Walrus	I Am the Walrus	1967	Magical Mystery Tour	Magical Mystery Tour	Lennon–McCartney	Lennon		Lennon	275	1967-11-24	I Am the Walrus	no	176184	core 1962-1970
I Call Your Name	I Call Your Name	1964	Past Masters	Past Masters	Lennon–McCartney	Lennon		Lennon	129	1964-06-19	I Call Your Name	no	24920	core 1962-1970
I Don't Want to Spoil the Party	I Don't Want to Spoil the Party	1964	Beatles for Sale	Beatles for Sale	Lennon–McCartney	Lennon	McCartney	Lennon	153	1964-12-04	Beatles for Sale	no	15077	core 1962-1970
I Feel Fine	I Feel Fine	1964	single: A-side of "She's a Woman"	Past Masters	Lennon–McCartney	Lennon		Lennon	140	1964-11-23	I Feel Fine	no	71108	core 1962-1970
I Me Mine	I Me Mine	1970	Let It Be	Let It Be	Harrison	Harrison			146	1970-05-08	Let It Be (album)	no	58742	core 1962-1970
I Need You	I Need You (Beatles song)	1965	Help!	Help!	Harrison	Harrison		Harrison	148	1965-08-06	Help!	no	31541	core 1962-1970
I Saw Her Standing There	I Saw Her Standing There	1963	Please Please Me	Please Please Me	Lennon–McCartney	McCartney		McCartney	172	1963-03-22	Please Please Me	no	101727	core 1962-1970
I Should Have Known Better	I Should Have Known Better	1964	A Hard Day's Night	A Hard Day's Night	Lennon–McCartney	Lennon		Lennon	163	1964-07-10	A Hard Day's Night (album)	no	34327	core 1962-1970
I Wanna Be Your Man	I Wanna Be Your Man	1963	With the Beatles	With the Beatles	Lennon–McCartney	Starr		Starr	119	1963-11-22	With the Beatles	no	59982	core 1962-1970
I Want to Hold Your Hand	I Want to Hold Your Hand	1963	single: A-side of "This Boy"	Past Masters	Lennon–McCartney	Lennon+McCartney		Lennon+McCartney	147	1963-11-29	I Want to Hold Your Hand	no	155423	core 1962-1970
I Want to Tell You	I Want to Tell You	1966	Revolver	Revolver	Harrison	Harrison		Harrison	150	1966-08-05	Revolver (Beatles album)	no	23025	core 1962-1970
I Want You (She's So Heavy)	I Want You (She's So Heavy)	1969	Abbey Road	Abbey Road	Lennon–McCartney	Lennon			467	1969-09-26	Abbey Road	no		core 1962-1970
I Will	I Will	1968	The Beatles (White Album)	The Beatles (White Album)	Lennon–McCartney	McCartney		McCartney	106	1968-11-22	The Beatles (album)	no	44835	core 1962-1970
If I Fell	If I Fell	1964	A Hard Day's Night	A Hard Day's Night	Lennon–McCartney	Lennon	McCartney	Lennon+McCartney	139	1964-07-10	A Hard Day's Night (album)	no	34868	core 1962-1970
If I Needed Someone	If I Needed Someone	1965	Rubber Soul	Rubber Soul	Harrison	Harrison		Harrison	140	1965-12-03	Rubber Soul	no	35078	core 1962-1970
I'll Be Back	I'll Be Back (song)	1964	A Hard Day's Night	A Hard Day's Night	Lennon–McCartney	Lennon+McCartney		Lennon	144	1964-07-10	A Hard Day's Night (album)	no	17915	core 1962-1970
I'll Cry Instead	I'll Cry Instead	1964	A Hard Day's Night	A Hard Day's Night	Lennon–McCartney	Lennon		Lennon	104	1964-07-10	A Hard Day's Night (album)	no	19237	core 1962-1970
I'll Follow the Sun	I'll Follow the Sun	1964	Beatles for Sale	Beatles for Sale	Lennon–McCartney	McCartney			109	1964-12-04	Beatles for Sale	no	27624	core 1962-1970
I'll Get You	I'll Get You	1963	single: B-side of "She Loves You"	Past Masters	Lennon–McCartney	Lennon+McCartney		Lennon+McCartney	126	1963-08-23	I'll Get You	no	15534	core 1962-1970
I'm a Loser	I'm a Loser	1964	Beatles for Sale	Beatles for Sale	Lennon–McCartney	Lennon		Lennon	150	1964-12-04	Beatles for Sale	no	18410	core 1962-1970
I'm Down	I'm Down	1965	single: B-side of "Help!"	Past Masters	Lennon–McCartney	McCartney		McCartney	152	1965-07-19	I'm Down	no	26302	core 1962-1970
I'm Happy Just to Dance with You	I'm Happy Just to Dance with You	1964	A Hard Day's Night	A Hard Day's Night	Lennon–McCartney	Harrison		Harrison	116	1964-07-10	A Hard Day's Night (album)	no	24687	core 1962-1970
I'm Looking Through You	I'm Looking Through You	1965	Rubber Soul	Rubber Soul	Lennon–McCartney	McCartney		McCartney	143	1965-12-03	Rubber Soul	no	24636	core 1962-1970
I'm Only Sleeping	I'm Only Sleeping	1966	Revolver	Revolver	Lennon–McCartney	Lennon			182	1966-06-20	I'm Only Sleeping	no	62835	core 1962-1970
I'm So Tired	I'm So Tired	1968	The Beatles (White Album)	The Beatles (White Album)	Lennon–McCartney	Lennon		Lennon	123	1968-11-22	The Beatles (album)	no	30699	core 1962-1970
I've Got a Feeling	I've Got a Feeling	1970	Let It Be	Let It Be	Lennon–McCartney	McCartney+Lennon		Lennon+McCartney	217	1970-05-08	Let It Be (album)	no	38988	core 1962-1970
I've Just Seen a Face	I've Just Seen a Face	1965	Help!	Help!	Lennon–McCartney	McCartney			125	1965-08-06	Help!	no	40567	core 1962-1970
In My Life	In My Life	1965	Rubber Soul	Rubber Soul	Lennon–McCartney	Lennon		Lennon	144	1965-12-03	Rubber Soul	no	149672	core 1962-1970
The Inner Light	The Inner Light (song)	1968	single: B-side of "Lady Madonna"	Past Masters	Harrison	Harrison		Harrison	157	1968-03-15	The Inner Light (song)	no	35000	core 1962-1970
It Won't Be Long	It Won't Be Long	1963	With the Beatles	With the Beatles	Lennon–McCartney	Lennon		Lennon	133	1963-11-22	With the Beatles	no	16255	core 1962-1970
It's All Too Much	It's All Too Much	1969	Yellow Submarine	Yellow Submarine	Harrison	Harrison		Harrison	386	1969-01-13	Yellow Submarine (album)	no	37148	core 1962-1970
It's Only Love	It's Only Love	1965	Help!	Help!	Lennon–McCartney	Lennon		Lennon	116	1965-08-06	Help!	no	17264	core 1962-1970
Julia	Julia (Beatles song)	1968	The Beatles (White Album)	The Beatles (White Album)	Lennon–McCartney	Lennon		Lennon	177	1968-11-22	The Beatles (album)	no	39295	core 1962-1970
Kansas City/Hey-Hey-Hey-Hey!	Kansas City (Leiber and Stoller song)	1964	Beatles for Sale	Beatles for Sale	Jerry Leiber; Mike Stoller /; Richard Penniman	McCartney			158	1964-12-04	Beatles for Sale	yes		core 1962-1970
Komm, gib mir deine Hand	Komm, gib mir deine Hand / Sie liebt dich	1964	single	Past Masters	Lennon; McCartney; Jean Nicolas; Heinz Hellmer	Lennon+McCartney			147			no		core 1962-1970
Lady Madonna	Lady Madonna	1968	single: A-side of "The Inner Light"	Past Masters	Lennon–McCartney	McCartney		McCartney	138	1968-03-15	Lady Madonna	no	92922	core 1962-1970
Let It Be	Let It Be (song)	1970	Let It Be	Let It Be	Lennon–McCartney	McCartney			243	1970-03-06	Let It Be (song)	no	245597	core 1962-1970
Little Child	Little Child	1963	With the Beatles	With the Beatles	Lennon–McCartney	Lennon+McCartney		Lennon+McCartney	106	1963-11-22	With the Beatles	no	11610	core 1962-1970
The Long and Winding Road	The Long and Winding Road	1970	Let It Be	Let It Be	Lennon–McCartney	McCartney		McCartney	218	1970-05-08	Let It Be (album)	no	156921	core 1962-1970
Long Tall Sally	Long Tall Sally	1964	Past Masters	Past Masters	Robert Blackwell; Enotris Johnson; Richard Penniman	McCartney			123			yes	67781	core 1962-1970
Long, Long, Long	Long, Long, Long	1968	The Beatles (White Album)	The Beatles (White Album)	Harrison	Harrison		Harrison	188	1968-11-22	The Beatles (album)	no	30898	core 1962-1970
Love Me Do	Love Me Do	1962	Please Please Me	Please Please Me	Lennon–McCartney	McCartney+Lennon		Lennon+McCartney	139	1962-10-05	Love Me Do	no	153789	core 1962-1970
Love You To	Love You To	1966	Revolver	Revolver	Harrison	Harrison			180	1966-08-05	Revolver (Beatles album)	no	34303	core 1962-1970
Lovely Rita	Lovely Rita	1967	Sgt. Pepper's Lonely Hearts Club Band	Sgt. Pepper's Lonely Hearts Club Band	Lennon–McCartney	McCartney		Lennon	162	1967-05-26	Sgt. Pepper's Lonely Hearts Club Band	no	35576	core 1962-1970
Lucy in the Sky with Diamonds	Lucy in the Sky with Diamonds	1967	Sgt. Pepper's Lonely Hearts Club Band	Sgt. Pepper's Lonely Hearts Club Band	Lennon–McCartney	Lennon		Lennon	208	1967-05-26	Sgt. Pepper's Lonely Hearts Club Band	no	184494	core 1962-1970
Maggie Mae	Maggie May (folk song)	1970	Let It Be	Let It Be	Traditional, arr.; Lennon; McCartney; Harrison; Starkey	Lennon+McCartney			40	1970-05-08	Let It Be (album)	yes		core 1962-1970
Magical Mystery Tour	Magical Mystery Tour (song)	1967	Magical Mystery Tour	Magical Mystery Tour	Lennon–McCartney	McCartney+Lennon			168	1967-11-27	Magical Mystery Tour	no	31779	core 1962-1970
Martha My Dear	Martha My Dear	1968	The Beatles (White Album)	The Beatles (White Album)	Lennon–McCartney	McCartney		McCartney	148	1968-11-22	The Beatles (album)	no	37641	core 1962-1970
Matchbox	Matchbox (song)	1964	Past Masters	Past Masters	Carl Perkins	Starr			119			yes	25097	core 1962-1970
Maxwell's Silver Hammer	Maxwell's Silver Hammer	1969	Abbey Road	Abbey Road	Lennon–McCartney	McCartney			207	1969-09-26	Abbey Road	no	117259	core 1962-1970
Mean Mr. Mustard	Mean Mr. Mustard	1969	Abbey Road	Abbey Road	Lennon–McCartney	Lennon			66	1969-09-26	Abbey Road	no	25031	core 1962-1970
Michelle	Michelle (song)	1965	Rubber Soul	Rubber Soul	Lennon–McCartney	McCartney		McCartney	160	1965-12-03	Rubber Soul	no	84694	core 1962-1970
Misery	Misery (Beatles song)	1963	Please Please Me	Please Please Me	Lennon–McCartney	Lennon+McCartney		Lennon+McCartney	107	1963-03-22	Please Please Me	no	19120	core 1962-1970
Money (That's What I Want)	Money (That's What I Want)	1963	With the Beatles	With the Beatles	Berry Gordy; Janie Bradford	Lennon			169	1963-11-22	With the Beatles	yes		core 1962-1970
Mother Nature's Son	Mother Nature's Son	1968	The Beatles (White Album)	The Beatles (White Album)	Lennon–McCartney	McCartney		McCartney	168	1968-11-22	The Beatles (album)	no	24454	core 1962-1970
Mr. Moonlight	Mr. Moonlight (song)	1964	Beatles for Sale	Beatles for Sale	Roy Lee Johnson	Lennon		Lennon	158	1964-12-04	Beatles for Sale	yes	15850	core 1962-1970
The Night Before	The Night Before (song)	1965	Help!	Help!	Lennon–McCartney	McCartney		McCartney	154	1965-08-06	Help!	no	19908	core 1962-1970
No Reply	No Reply (song)	1964	Beatles for Sale	Beatles for Sale	Lennon–McCartney	Lennon		Lennon	135	1964-12-04	Beatles for Sale	no	22699	core 1962-1970
Norwegian Wood (This Bird Has Flown)	Norwegian Wood (This Bird Has Flown)	1965	Rubber Soul	Rubber Soul	Lennon–McCartney	Lennon			125	1965-12-03	Rubber Soul	no		core 1962-1970
Not a Second Time	Not a Second Time	1963	With the Beatles	With the Beatles	Lennon–McCartney	Lennon		Lennon	127	1963-11-22	With the Beatles	no	13198	core 1962-1970
Nowhere Man	Nowhere Man (song)	1965	Rubber Soul	Rubber Soul	Lennon–McCartney	Lennon		Lennon	160	1965-12-03	Rubber Soul	no	65687	core 1962-1970
Ob-La-Di, Ob-La-Da	Ob-La-Di, Ob-La-Da	1968	The Beatles (White Album)	The Beatles (White Album)	Lennon–McCartney	McCartney		Lennon+McCartney+Harrison+Starr	188	1968-11-22	The Beatles (album)	no	164603	core 1962-1970
Octopus's Garden	Octopus's Garden	1969	Abbey Road	Abbey Road	Starkey	Starr		Starr	171	1969-09-26	Abbey Road	no	103246	core 1962-1970
Oh! Darling	Oh! Darling	1969	Abbey Road	Abbey Road	Lennon–McCartney	McCartney		McCartney	207	1969-09-26	Abbey Road	no	59504	core 1962-1970
Old Brown Shoe	Old Brown Shoe	1969	single: B-side of "The Ballad of John and Yoko"	Past Masters	Harrison	Harrison		Harrison	198	1969-05-30	Old Brown Shoe	no	47708	core 1962-1970
One After 909	One After 909	1970	Let It Be	Let It Be	Lennon–McCartney	Lennon+McCartney		Lennon	174	1970-05-08	Let It Be (album)	no	33556	core 1962-1970
Only a Northern Song	Only a Northern Song	1969	Yellow Submarine	Yellow Submarine	Harrison	Harrison		Harrison	204	1969-01-13	Yellow Submarine (album)	no	27402	core 1962-1970
Paperback Writer	Paperback Writer	1966	single	Past Masters	Lennon–McCartney	McCartney		McCartney	139	1966-05-30	Paperback Writer	no	103392	core 1962-1970
Penny Lane	Penny Lane	1967	single: Double A-side with "Strawberry Fields Forever"	Magical Mystery Tour	Lennon–McCartney	McCartney		McCartney	180	1967-02-13	Penny Lane	no	158021	core 1962-1970
Piggies	Piggies	1968	The Beatles (White Album)	The Beatles (White Album)	Harrison	Harrison		Lennon+Harrison	124	1968-11-22	The Beatles (album)	no	35806	core 1962-1970
Please Mr. Postman	Please Mr. Postman	1963	With the Beatles	With the Beatles	Georgia Dobbins; William Garrett; Brian Holland; Robert Bateman; Freddie Gorman	Lennon			154	1963-11-22	With the Beatles	yes	97058	core 1962-1970
Please Please Me	Please Please Me (song)	1963	Please Please Me	Please Please Me	Lennon–McCartney	Lennon+McCartney		Lennon	120	1963-01-11	Please Please Me (song)	no	75280	core 1962-1970
Polythene Pam	Polythene Pam	1969	Abbey Road	Abbey Road	Lennon–McCartney	Lennon		Lennon	73	1969-09-26	Abbey Road	no	30645	core 1962-1970
P.S. I Love You	P.S. I Love You (Beatles song)	1962	Please Please Me	Please Please Me	Lennon–McCartney	McCartney		McCartney	122	1962-10-05	P.S. I Love You (Beatles song)	no	27672	core 1962-1970
Rain	Rain (Beatles song)	1966	single: B-side of "Paperback Writer"	Past Masters	Lennon–McCartney	Lennon			182	1966-05-30	Rain (Beatles song)	no	64118	core 1962-1970
Revolution	Revolution (Beatles song)	1968	single: B-side of "Hey Jude"	Past Masters	Lennon–McCartney	Lennon		Lennon	205	1968-08-26	Revolution (Beatles song)	no	141271	core 1962-1970
Revolution 1	Revolution (Beatles song)	1968	The Beatles (White Album)	The Beatles (White Album)	Lennon–McCartney	Lennon			255	1968-11-22	The Beatles (album)	no		core 1962-1970
Revolution 9	Revolution 9	1968	The Beatles (White Album)	The Beatles (White Album)	Lennon–McCartney	none			502	1968-11-22	The Beatles (album)	no	110192	core 1962-1970
Rock and Roll Music	Rock and Roll Music (song)	1964	Beatles for Sale	Beatles for Sale	Chuck Berry	Lennon		Lennon	151	1964-12-04	Beatles for Sale	yes	40196	core 1962-1970
Rocky Raccoon	Rocky Raccoon	1968	The Beatles (White Album)	The Beatles (White Album)	Lennon–McCartney	McCartney		McCartney	213	1968-11-22	The Beatles (album)	no	67408	core 1962-1970
Roll Over Beethoven	Roll Over Beethoven	1963	With the Beatles	With the Beatles	Chuck Berry	Harrison		Harrison	165	1963-11-22	With the Beatles	yes	75366	core 1962-1970
Run for Your Life	Run for Your Life (Beatles song)	1965	Rubber Soul	Rubber Soul	Lennon–McCartney	Lennon		Lennon	138	1965-12-03	Rubber Soul	no	27740	core 1962-1970
Savoy Truffle	Savoy Truffle	1968	The Beatles (White Album)	The Beatles (White Album)	Harrison	Harrison		Harrison	174	1968-11-22	The Beatles (album)	no	38606	core 1962-1970
Sexy Sadie	Sexy Sadie	1968	The Beatles (White Album)	The Beatles (White Album)	Lennon–McCartney	Lennon			195	1968-11-22	The Beatles (album)	no	62592	core 1962-1970
Sgt. Pepper's Lonely Hearts Club Band	Sgt. Pepper's Lonely Hearts Club Band (song)	1967	Sgt. Pepper's Lonely Hearts Club Band	Sgt. Pepper's Lonely Hearts Club Band	Lennon–McCartney	McCartney		Lennon+McCartney+Harrison+Starr	120	1967-05-26	Sgt. Pepper's Lonely Hearts Club Band	no	62113	core 1962-1970
Sgt. Pepper's Lonely Hearts Club Band (Reprise)	Sgt. Pepper's Lonely Hearts Club Band (song)	1967	Sgt. Pepper's Lonely Hearts Club Band	Sgt. Pepper's Lonely Hearts Club Band	Lennon–McCartney	McCartney+Lennon+Harrison			78	1967-05-26	Sgt. Pepper's Lonely Hearts Club Band	no		core 1962-1970
She Came In Through the Bathroom Window	She Came In Through the Bathroom Window	1969	Abbey Road	Abbey Road	Lennon–McCartney	McCartney		McCartney	118	1969-09-26	Abbey Road	no	40781	core 1962-1970
She Loves You	She Loves You	1963	single	Past Masters	Lennon–McCartney	Lennon+McCartney		Lennon+McCartney	141	1963-08-23	She Loves You	no	103629	core 1962-1970
She Said She Said	She Said She Said	1966	Revolver	Revolver	Lennon–McCartney	Lennon			159	1966-08-05	Revolver (Beatles album)	no	51560	core 1962-1970
She's a Woman	She's a Woman	1964	single: B-side of "I Feel Fine"	Past Masters	Lennon–McCartney	McCartney		McCartney	183	1964-11-23	She's a Woman	no	27550	core 1962-1970
She's Leaving Home	She's Leaving Home	1967	Sgt. Pepper's Lonely Hearts Club Band	Sgt. Pepper's Lonely Hearts Club Band	Lennon–McCartney	McCartney	Lennon	Lennon+McCartney	205	1967-05-26	Sgt. Pepper's Lonely Hearts Club Band	no	61282	core 1962-1970
Sie liebt dich	Komm, gib mir deine Hand / Sie liebt dich	1964	single: B-side of "Komm, gib mir deine Hand"	Past Masters	Lennon; McCartney; Jean Nicolas; Lee Montogue	Lennon+McCartney			140			no		core 1962-1970
Slow Down	Slow Down (Larry Williams song)	1964	Past Masters	Past Masters	Larry Williams	Lennon			176			yes	16107	core 1962-1970
Something	Something (Beatles song)	1969	Abbey Road	Abbey Road	Harrison	Harrison		Harrison	182	1969-09-26	Abbey Road	no	232863	core 1962-1970
Strawberry Fields Forever	Strawberry Fields Forever	1967	single: Double A-side with "Penny Lane"	Magical Mystery Tour	Lennon–McCartney	Lennon		Lennon	245	1967-02-13	Strawberry Fields Forever	no	258835	core 1962-1970
Sun King	Sun King (song)	1969	Abbey Road	Abbey Road	Lennon–McCartney	Lennon	McCartney+Harrison		146	1969-09-26	Abbey Road	no	34914	core 1962-1970
A Taste of Honey	A Taste of Honey (song)	1963	Please Please Me	Please Please Me	Bobby Scott; Ric Marlow	McCartney		McCartney	121	1963-03-22	Please Please Me	yes	59220	core 1962-1970
Taxman	Taxman	1966	Revolver	Revolver	Harrison	Harrison		Harrison	156	1966-08-05	Revolver (Beatles album)	no	80805	core 1962-1970
Tell Me What You See	Tell Me What You See	1965	Help!	Help!	Lennon–McCartney	McCartney	Lennon	McCartney	157	1965-06-14	Tell Me What You See	no	12825	core 1962-1970
Tell Me Why	Tell Me Why (Beatles song)	1964	A Hard Day's Night	A Hard Day's Night	Lennon–McCartney	Lennon		Lennon	129	1964-07-10	A Hard Day's Night (album)	no	16474	core 1962-1970
Thank You Girl	Thank You Girl	1963	single: B-side of "From Me to You"	Past Masters	Lennon–McCartney	Lennon+McCartney		Lennon	124	1963-04-11	Thank You Girl	no	14679	core 1962-1970
There's a Place	There's a Place	1963	Please Please Me	Please Please Me	Lennon–McCartney	Lennon+McCartney		Lennon+McCartney	109	1963-03-22	Please Please Me	no	19279	core 1962-1970
Things We Said Today	Things We Said Today	1964	A Hard Day's Night	A Hard Day's Night	Lennon–McCartney	McCartney		McCartney	155	1964-07-10	A Hard Day's Night (album)	no	25572	core 1962-1970
Think for Yourself	Think for Yourself	1965	Rubber Soul	Rubber Soul	Harrison	Harrison		Harrison	136	1965-12-03	Rubber Soul	no	26362	core 1962-1970
This Boy	This Boy	1963	single: B-side of "I Want to Hold Your Hand"	Past Masters	Lennon–McCartney	Lennon	McCartney+Harrison	Lennon	136	1963-11-29	This Boy	no	39050	core 1962-1970
Ticket to Ride	Ticket to Ride (song)	1965	Help!	Help!	Lennon–McCartney	Lennon		Lennon	189	1965-04-09	Ticket to Ride (song)	no	103707	core 1962-1970
Till There Was You	Till There Was You	1963	With the Beatles	With the Beatles	Meredith Willson	McCartney		McCartney	134	1963-11-22	With the Beatles	yes	77677	core 1962-1970
Tomorrow Never Knows	Tomorrow Never Knows	1966	Revolver	Revolver	Lennon–McCartney	Lennon		Lennon	180	1966-08-05	Revolver (Beatles album)	no	106375	core 1962-1970
Twist and Shout	Twist and Shout	1963	Please Please Me	Please Please Me	Phil Medley; Bert Berns	Lennon			153	1963-03-22	Please Please Me	yes	233917	core 1962-1970
Two of Us	Two of Us (Beatles song)	1970	Let It Be	Let It Be	Lennon–McCartney	McCartney+Lennon		Lennon+McCartney	216	1970-05-08	Let It Be (album)	no	45551	core 1962-1970
Wait	Wait (Beatles song)	1965	Rubber Soul	Rubber Soul	Lennon–McCartney	McCartney+Lennon		Lennon+McCartney	132	1965-12-03	Rubber Soul	no	13688	core 1962-1970
We Can Work It Out	We Can Work It Out	1965	single: Double A-side with "Day Tripper"	Past Masters	Lennon–McCartney	McCartney		McCartney	136	1965-12-03	We Can Work It Out	no	95021	core 1962-1970
What Goes On	What Goes On (Beatles song)	1965	Rubber Soul	Rubber Soul	Lennon; McCartney; Starkey	Starr		Starr	167	1965-12-03	Rubber Soul	no	23978	core 1962-1970
What You're Doing	What You're Doing	1964	Beatles for Sale	Beatles for Sale	Lennon–McCartney	McCartney		McCartney	150	1964-12-04	Beatles for Sale	no	11782	core 1962-1970
When I Get Home	When I Get Home	1964	A Hard Day's Night	A Hard Day's Night	Lennon–McCartney	Lennon		Lennon	137	1964-07-10	A Hard Day's Night (album)	no	7856	core 1962-1970
When I'm Sixty-Four	When I'm Sixty-Four	1967	Sgt. Pepper's Lonely Hearts Club Band	Sgt. Pepper's Lonely Hearts Club Band	Lennon–McCartney	McCartney		McCartney	157	1967-05-26	Sgt. Pepper's Lonely Hearts Club Band	no	101075	core 1962-1970
While My Guitar Gently Weeps	While My Guitar Gently Weeps	1968	The Beatles (White Album)	The Beatles (White Album)	Harrison	Harrison		Harrison	285	1968-11-22	The Beatles (album)	no	298692	core 1962-1970
Why Don't We Do It in the Road?	Why Don't We Do It in the Road?	1968	The Beatles (White Album)	The Beatles (White Album)	Lennon–McCartney	McCartney		McCartney	101	1968-11-22	The Beatles (album)	no	33134	core 1962-1970
Wild Honey Pie	Wild Honey Pie	1968	The Beatles (White Album)	The Beatles (White Album)	Lennon–McCartney	McCartney		McCartney	52	1968-11-22	The Beatles (album)	no	21324	core 1962-1970
With a Little Help from My Friends	With a Little Help from My Friends	1967	Sgt. Pepper's Lonely Hearts Club Band	Sgt. Pepper's Lonely Hearts Club Band	Lennon–McCartney	Starr		Starr	162	1967-05-26	Sgt. Pepper's Lonely Hearts Club Band	no	178986	core 1962-1970
Within You Without You	Within You Without You	1967	Sgt. Pepper's Lonely Hearts Club Band	Sgt. Pepper's Lonely Hearts Club Band	Harrison	Harrison		Harrison	305	1967-05-26	Sgt. Pepper's Lonely Hearts Club Band	no	54074	core 1962-1970
The Word	The Word (song)	1965	Rubber Soul	Rubber Soul	Lennon–McCartney	Lennon		Lennon	161	1965-12-03	Rubber Soul	no	18789	core 1962-1970
Words of Love	Words of Love	1964	Beatles for Sale	Beatles for Sale	Buddy Holly	Lennon+McCartney		Lennon+McCartney	124	1964-12-04	Beatles for Sale	yes	17479	core 1962-1970
Yellow Submarine	Yellow Submarine (song)	1966	Revolver	Revolver	Lennon–McCartney	Starr			160	1966-08-05	Revolver (Beatles album)	no	214932	core 1962-1970
Yer Blues	Yer Blues	1968	The Beatles (White Album)	The Beatles (White Album)	Lennon–McCartney	Lennon		Lennon	241	1968-11-22	The Beatles (album)	no	38236	core 1962-1970
Yes It Is	Yes It Is	1965	single: B-side of "Ticket to Ride"	Past Masters	Lennon–McCartney	Lennon	McCartney+Harrison	Lennon	163	1965-04-09	Yes It Is	no	23419	core 1962-1970
Yesterday	Yesterday (song)	1965	Help!	Help!	Lennon–McCartney	McCartney		McCartney	125	1965-08-06	Help!	no	239052	core 1962-1970
You Can't Do That	You Can't Do That	1964	A Hard Day's Night	A Hard Day's Night	Lennon–McCartney	Lennon		Lennon	155	1964-03-16	You Can't Do That	no	31107	core 1962-1970
You Know My Name (Look Up the Number)	You Know My Name (Look Up the Number)	1970	single: B-side of "Let It Be"	Past Masters	Lennon–McCartney	Lennon+McCartney			259			no		core 1962-1970
You Like Me Too Much	You Like Me Too Much	1965	Help!	Help!	Harrison	Harrison		Harrison	156	1965-06-14	You Like Me Too Much	no	11858	core 1962-1970
You Never Give Me Your Money	You Never Give Me Your Money	1969	Abbey Road	Abbey Road	Lennon–McCartney	McCartney			243	1969-09-26	Abbey Road	no	48141	core 1962-1970
You Really Got a Hold on Me	You've Really Got a Hold on Me	1963	With the Beatles	With the Beatles	Smokey Robinson	Lennon	Harrison		181	1963-11-22	With the Beatles	yes		core 1962-1970
You Won't See Me	You Won't See Me	1965	Rubber Soul	Rubber Soul	Lennon–McCartney	McCartney		McCartney	198	1965-12-03	Rubber Soul	no	27067	core 1962-1970
Your Mother Should Know	Your Mother Should Know	1967	Magical Mystery Tour	Magical Mystery Tour	Lennon–McCartney	McCartney			153	1967-11-27	Magical Mystery Tour	no	22120	core 1962-1970
You're Going to Lose That Girl	You're Going to Lose That Girl	1965	Help!	Help!	Lennon–McCartney	Lennon		Lennon	138	1965-08-06	Help!	no	16559	core 1962-1970
You've Got to Hide Your Love Away	You've Got to Hide Your Love Away	1965	Help!	Help!	Lennon–McCartney	Lennon		Lennon	129	1965-08-06	Help!	no	49561	core 1962-1970
12-Bar Original	12-Bar Original	1996	Anthology 2	Anthology 2	Lennon; McCartney; Harrison; Starkey	instrumental			175	1996-03-18	Anthology 2	no	6808	later release
Ain't She Sweet	Ain't She Sweet	1964	The Beatles' First	The Beatles' First	Jack Yellen; Milton Ager	Lennon		Lennon				yes	37121	later release
All Things Must Pass	All Things Must Pass (song)	1996	Anthology 3	Anthology 3	Harrison	Harrison		Harrison	185	1996-10-28	Anthology 3	no	31151	later release
Bad to Me	Bad to Me	2013	The Beatles Bootleg Recordings 1963	The Beatles Bootleg Recordings 1963	Lennon; McCartney	Lennon						no	19715	later release
Beautiful Dreamer	Beautiful Dreamer	2013	On Air – Live at the BBC Volume 2	On Air – Live at the BBC Volume 2	Stephen Foster; Gerry Goffin; Jack Keller	McCartney			106	2013-11-11	On Air – Live at the BBC Volume 2	yes	51746	later release
Bésame Mucho	Bésame Mucho	1995	Anthology 1	Anthology 1	Consuelo Velázquez; Sunny Skylar	McCartney			157	1995-11-20	Anthology 1	yes	117710	later release
Blue Moon	Blue Moon (1934 song)	2018	The Beatles (White Album)	The Beatles (White Album)	Richard Rodgers; Lorenz Hart	McCartney						yes	132843	later release
Can You Dig It?	Dig It (Beatles song)	2021	Let It Be: Special Edition	Let It Be: Special Edition	Lennon; McCartney; Harrison; Starr	none						no		later release
Can You Take Me Back?	Cry Baby Cry	2018	The Beatles (White Album)	The Beatles (White Album)	Lennon; McCartney	McCartney						no		later release
Carol	Carol (Chuck Berry song)	1994	Live at the BBC	Live at the BBC	Chuck Berry	Lennon			155	1994-11-30	Live at the BBC (Beatles album)	yes	8118	later release
Cayenne	Cayenne (instrumental)	1995	Anthology 1	Anthology 1	McCartney	instrumental			74	1995-11-20	Anthology 1	no	3641	later release
Child of Nature	Jealous Guy	2018	The Beatles (White Album)	The Beatles (White Album)	Lennon	Lennon						no		later release
Christmas Time (Is Here Again)	Christmas Time (Is Here Again)	1995	Non-album single	Non-album single	Lennon; McCartney; Harrison; Starkey	Lennon+McCartney+Harrison+Starr						no		later release
Circles	Circles (George Harrison song)	2018	The Beatles (White Album)	The Beatles (White Album)	Harrison	Harrison		Harrison				no	5793	later release
Clarabella	Clarabella (song)	1994	Live at the BBC	Live at the BBC	Frank Pingatore	McCartney			159	1994-11-30	Live at the BBC (Beatles album)	yes	1663	later release
Come and Get It	Come and Get It (Badfinger song)	1996	Anthology 3	Anthology 3	McCartney	McCartney		McCartney	150	1996-10-28	Anthology 3	no	49502	later release
Cry for a Shadow	Cry for a Shadow	1964	The Beatles' First	The Beatles' First	Lennon; Harrison	instrumental						no	11748	later release
Crying, Waiting, Hoping	Crying, Waiting, Hoping	1994	Live at the BBC	Live at the BBC	Buddy Holly	Harrison			129	1994-11-30	Live at the BBC (Beatles album)	yes	7799	later release
Don't Ever Change	Don't Ever Change (song)	1994	Live at the BBC	Live at the BBC	Gerry Goffin; Carole King	Harrison+McCartney			123	1994-11-30	Live at the BBC (Beatles album)	yes	4976	later release
Free as a Bird	Free as a Bird	1995	Anthology 1	Anthology 1	Lennon; McCartney; Harrison; Starkey	Lennon+McCartney+Harrison		Lennon	265	1995-11-20	Anthology 1	no	81831	later release
Gimme Some Truth (Rehearsals)	Gimme Some Truth	2021	Let It Be: Special Edition	Let It Be: Special Edition	Lennon	Lennon						no		later release
Glad All Over	Glad All Over (Carl Perkins song)	1994	Live at the BBC	Live at the BBC	Roy C. Bennett; Sid Tepper; Aaron Schroeder	Harrison		Harrison	112	1994-11-30	Live at the BBC (Beatles album)	yes	4269	later release
God Save the Queen (Jam)	God Save the King	2022	The Beatles: Get Back – The Rooftop Performance	The Beatles: Get Back – The Rooftop Performance	Traditional	instrumental						yes		later release
Goodbye	Goodbye (Mary Hopkin song)	2019	Abbey Road	Abbey Road	Lennon; McCartney	McCartney						no	23028	later release
Hallelujah, I Love Her So	Hallelujah I Love Her So	1995	Anthology 1	Anthology 1	Ray Charles	McCartney			73	1995-11-20	Anthology 1	yes		later release
Happy Birthday Dear Saturday Club	Happy Birthday to You	2013	On Air – Live at the BBC Volume 2	On Air – Live at the BBC Volume 2	Disputed	none			33	2013-11-11	On Air – Live at the BBC Volume 2	yes		later release
Hello Little Girl	Hello Little Girl	1995	Anthology 1	Anthology 1	Lennon; McCartney	Lennon		Lennon	100	1995-11-20	Anthology 1	no	11568	later release
The Hippy Hippy Shake	Hippy Hippy Shake	1994	Live at the BBC	Live at the BBC	Chan Romero	McCartney			109	1994-11-30	Live at the BBC (Beatles album)	yes		later release
The Honeymoon Song	Honeymoon (1959 film)	1994	Live at the BBC	Live at the BBC	Mikis Theodorakis; Sansom	McCartney			99	1994-11-30	Live at the BBC (Beatles album)	yes		later release
How Do You Do It?	How Do You Do It?	1995	Anthology 1	Anthology 1	Mitch Murray	Lennon+McCartney			117	1995-11-20	Anthology 1	yes	17896	later release
I Forgot to Remember to Forget	I Forgot to Remember to Forget	1994	Live at the BBC	Live at the BBC	Stan Kesler; Charlie Feathers	Harrison		Harrison	129	1994-11-30	Live at the BBC (Beatles album)	yes	10138	later release
I Got a Woman	I Got a Woman	1994	Live at the BBC	Live at the BBC	Ray Charles	Lennon			168	1994-11-30	Live at the BBC (Beatles album)	yes	43544	later release
I Got to Find My Baby	I Got to Find My Baby	1994	Live at the BBC	Live at the BBC	Chuck Berry	Lennon		Lennon	116	1994-11-30	Live at the BBC (Beatles album)	yes	1577	later release
I Just Don't Understand	I Just Don't Understand	1994	Live at the BBC	Live at the BBC	Marijohn Wilkin; Kent Westberry	Lennon			167	1994-11-30	Live at the BBC (Beatles album)	yes	6000	later release
I'll Be on My Way	I'll Be on My Way	1994	Live at the BBC	Live at the BBC	Lennon; McCartney	Lennon+McCartney		Lennon	118	1994-11-30	Live at the BBC (Beatles album)	no	8829	later release
I'm in Love	I'm in Love (Lennon–McCartney song)	2013	The Beatles Bootleg Recordings 1963	The Beatles Bootleg Recordings 1963	Lennon; McCartney	Lennon						no	5107	later release
I'm Gonna Sit Right Down and Cry (Over You)	I'm Gonna Sit Right Down and Cry (over You)	1994	Live at the BBC	Live at the BBC	Joe Thomas; Howard Biggs	Lennon			121	1994-11-30	Live at the BBC (Beatles album)	yes		later release
I'm Ready (Rocker) / Save the Last Dance for Me / Don't Let Me Down (Medley)	Save the Last Dance for Me	2021	Let It Be: Special Edition	Let It Be: Special Edition	Fats Domino; Al Lewis; Sylvester Bradford ; / Doc Pomus; Mort Shuman ; / Lennon; McCartney	none						yes		later release
I'm Talking About You	New Juke Box Hits	2013	On Air – Live at the BBC Volume 2	On Air – Live at the BBC Volume 2	Chuck Berry	Lennon			112	2013-11-11	On Air – Live at the BBC Volume 2	yes		later release
If You've Got Trouble	If You've Got Trouble	1996	Anthology 2	Anthology 2	Lennon; McCartney	Starr		Starr	168	1996-03-18	Anthology 2	no	7871	later release
In Spite of All the Danger	In Spite of All the Danger	1995	Anthology 1	Anthology 1	McCartney; Harrison	Lennon	McCartney	Lennon+McCartney	165	1995-11-20	Anthology 1	no	33811	later release
Johnny B. Goode	Johnny B. Goode	1994	Live at the BBC	Live at the BBC	Chuck Berry	Lennon			171	1994-11-30	Live at the BBC (Beatles album)	yes	183936	later release
Junk	Junk (song)	1996	Anthology 3	Anthology 3	McCartney	McCartney			145	1996-10-28	Anthology 3	no	19145	later release
Keep Your Hands off My Baby	Keep Your Hands off My Baby	1994	Live at the BBC	Live at the BBC	Gerry Goffin; Carole King	Lennon			150	1994-11-30	Live at the BBC (Beatles album)	yes	3757	later release
Leave My Kitten Alone	Leave My Kitten Alone	1995	Anthology 1	Anthology 1	Little Willie John; Titus Turner; James McDougall	Lennon			177	1995-11-20	Anthology 1	yes	7512	later release
Lend Me Your Comb	Lend Me Your Comb	1995	Anthology 1	Anthology 1	Kay Twomey; Fred Wise; Ben Weisman	McCartney	Lennon+Harrison		110	1995-11-20	Anthology 1	yes	3056	later release
Like Dreamers Do	Like Dreamers Do	1995	Anthology 1	Anthology 1	Lennon; McCartney	McCartney			156	1995-11-20	Anthology 1	no	7119	later release
Lonesome Tears in My Eyes	Lonesome Tears in My Eyes	1994	Live at the BBC	Live at the BBC	Johnny Burnette; Dorsey Burnette; Paul Burlison; Al Mortimer	Lennon			156	1994-11-30	Live at the BBC (Beatles album)	yes	1940	later release
Little Girl	Little Girl	2026	Rubber Soul: Super Deluxe Edition	Rubber Soul: Super Deluxe Edition	Lennon	Lennon						no	2961	later release
Lucille	Lucille (Little Richard song)	1994	Live at the BBC	Live at the BBC	Little Richard; Albert Collins	McCartney			109	1994-11-30	Live at the BBC (Beatles album)	yes	21889	later release
Maggie Mae / Fancy My Chances with You		2021	Let It Be: Special Edition	Let It Be: Special Edition	Traditional ; / Lennon; McCartney	Lennon+McCartney						yes		later release
Mailman, Bring Me No More Blues	Buddy Holly discography	1996	Anthology 3	Anthology 3	Ruth Roberts; Bill Katz; Stanley Clayton	Lennon			116	1996-10-28	Anthology 3	yes		later release
Memphis, Tennessee	Memphis, Tennessee (song)	1994	Live at the BBC	Live at the BBC	Chuck Berry	Lennon			133	1994-11-30	Live at the BBC (Beatles album)	yes	34270	later release
Moonlight Bay	Moonlight Bay	1995	Anthology 1	Anthology 1	Percy Wenrich; Edward Madden	Lennon+McCartney+Harrison+Eric Morecambe+Ernie Wise			50	1995-11-20	Anthology 1	yes	8229	later release
My Bonnie	My Bonnie Lies over the Ocean	1961	My Bonnie	My Bonnie	Trad. arr. Tony Sheridan	Tony Sheridan						yes		later release
Nobody's Child	Nobody's Child (Hank Snow song)	1964	The Beatles' First	The Beatles' First	Cy Coben, Mel Foree	Tony Sheridan						yes	15051	later release
Not Guilty	Not Guilty (song)	1996	Anthology 3	Anthology 3	Harrison	Harrison		Harrison	202	1996-10-28	Anthology 3	no	19489	later release
Nothin' Shakin'	Nothin' Shakin'	1994	Live at the BBC	Live at the BBC	Eddie Fontaine; Cirino Colacrai; Diane Lampert; John Gluck Jr.	Harrison			179	1994-11-30	Live at the BBC (Beatles album)	yes	1424	later release
Now and Then	Now and Then (Beatles song)	2023	1967–1970	1967–1970	Lennon; McCartney; Harrison; Starkey	Lennon+McCartney						no	374473	later release
Ooh! My Soul	Ooh! My Soul	1994	Live at the BBC	Live at the BBC	Little Richard	McCartney		McCartney	97	1994-11-30	Live at the BBC (Beatles album)	yes	2635	later release
Real Love	Real Love (Beatles song)	1996	Anthology 2	Anthology 2	Lennon	Lennon		Lennon	234	1996-03-04	Real Love (Beatles song)	no	68319	later release
Rip It Up/Shake, Rattle and Roll/Blue Suede Shoes	Rip It Up (Little Richard song)	1996	Anthology 3	Anthology 3	Robert Blackwell; John Marascalco /; Charles Calhoun /; Carl Perkins	Lennon+McCartney				1996-10-28	Anthology 3	yes		later release
Searchin'	Searchin'	1995	Anthology 1	Anthology 1	Jerry Leiber; Mike Stoller	McCartney			180	1995-11-20	Anthology 1	yes	10538	later release
The Sheik of Araby	The Sheik of Araby	1995	Anthology 1	Anthology 1	Harry B. Smith; Francis Wheeler; Ted Snyder	Harrison			103	1995-11-20	Anthology 1	yes	15129	later release
A Shot of Rhythm and Blues	A Shot of Rhythm and Blues	1994	Live at the BBC	Live at the BBC	Terry Thompson	Lennon			135	1994-11-30	Live at the BBC (Beatles album)	yes	3610	later release
Shout	Shout (Isley Brothers song)	1995	Anthology 1	Anthology 1	Rudolph Isley; Ronald Isley; O'Kelly Isley Jr.	Lennon+McCartney+Harrison+Starr			91	1995-11-20	Anthology 1	yes	79304	later release
So How Come (No One Loves Me)	A Date with the Everly Brothers	1994	Live at the BBC	Live at the BBC	Felice Bryant; Boudleaux Bryant	Harrison			114	1994-11-30	Live at the BBC (Beatles album)	yes		later release
Soldier of Love	Soldier of Love (Lay Down Your Arms)	1994	Live at the BBC	Live at the BBC	Buzz Cason; Tony Moon	Lennon			120	1994-11-30	Live at the BBC (Beatles album)	yes	10661	later release
Some Other Guy	Some Other Guy	1994	Live at the BBC	Live at the BBC	Jerry Leiber; Mike Stoller; Richie Barrett	Lennon+McCartney			121	1994-11-30	Live at the BBC (Beatles album)	yes	9857	later release
Sour Milk Sea	Sour Milk Sea	2018	The Beatles (White Album)	The Beatles (White Album)	Harrison	Harrison						no	18435	later release
Step Inside Love/Los Paranoias	Step Inside Love	1996	Anthology 3	Anthology 3	Lennon; McCartney /; Lennon; McCartney; Harrison; Starkey	McCartney			151	1996-10-28	Anthology 3	no		later release
St. Louis Blues	Saint Louis Blues (song)	2018	The Beatles (White Album)	The Beatles (White Album)	W. C. Handy	McCartney						yes		later release
Sure to Fall (in Love with You)	Sure to Fall (in Love with You)	1994	Live at the BBC	Live at the BBC	Carl Perkins; Quinton Claunch; Bill Cantrell	McCartney			128	1994-11-30	Live at the BBC (Beatles album)	yes		later release
Sweet Georgia Brown	Sweet Georgia Brown	1962	Ya Ya	Ya Ya	Lee Dorsey; Clarence Lewis; Morgan Robinson; Morris Levy	Tony Sheridan						yes	40680	later release
Sweet Little Sixteen	Sweet Little Sixteen	1994	Live at the BBC	Live at the BBC	Chuck Berry	Lennon			141	1994-11-30	Live at the BBC (Beatles album)	yes	24154	later release
Take Out Some Insurance on Me, Baby	Take Out Some Insurance	1964	The Beatles' First	The Beatles' First	Charles Singleton, Waldenese Hall	Tony Sheridan						yes		later release
Teddy Boy	Teddy Boy (song)	1996	Anthology 3	Anthology 3	McCartney	McCartney		Lennon+McCartney	198	1996-10-28	Anthology 3	no	10281	later release
That Means a Lot	That Means a Lot	1996	Anthology 2	Anthology 2	Lennon; McCartney	McCartney		McCartney	147	1996-03-18	Anthology 2	no	8888	later release
That'll Be the Day	That'll Be the Day	1995	Anthology 1	Anthology 1	Jerry Allison; Buddy Holly; Norman Petty	Lennon			128	1995-11-20	Anthology 1	yes	52858	later release
That's All Right (Mama)	That's All Right	1994	Live at the BBC	Live at the BBC	Arthur Crudup	McCartney			174	1994-11-30	Live at the BBC (Beatles album)	yes		later release
Three Cool Cats	Three Cool Cats	1995	Anthology 1	Anthology 1	Jerry Leiber; Mike Stoller	Harrison			145	1995-11-20	Anthology 1	yes	6721	later release
To Know Her Is to Love Her	To Know Him Is to Love Him	1994	Live at the BBC	Live at the BBC	Phil Spector	Lennon			169	1994-11-30	Live at the BBC (Beatles album)	yes		later release
Too Much Monkey Business	Too Much Monkey Business	1994	Live at the BBC	Live at the BBC	Chuck Berry	Lennon			126	1994-11-30	Live at the BBC (Beatles album)	yes	10863	later release
Wake Up Little Susie	Wake Up Little Susie	2021	Let It Be: Special Edition	Let It Be: Special Edition	Felice Bryant; Boudleaux Bryant ; / Harrison	none						yes	34235	later release
The Walk (Jam)	The Walk (Jimmy McCracklin song)	2021	Let It Be: Special Edition	Let It Be: Special Edition	Jimmy McCracklin; Bob Garlic	none						yes		later release
What's the New Mary Jane	What's the New Mary Jane	1996	Anthology 3	Anthology 3	Lennon; McCartney	Lennon		Lennon+Harrison	372	1996-10-28	Anthology 3	no	13096	later release
When the Saints Go Marching In	When the Saints Go Marching In	1964	My Bonnie	My Bonnie	Trad. arr. Tony Sheridan	Tony Sheridan						yes	178681	later release
Why	Why (Tony Sheridan song)	1964	The Beatles' First	The Beatles' First	Bill Crompton; Tony Sheridan	Tony Sheridan						yes	2932	later release
Without a Song (Jam –; Billy Preston with John and Ringo)	Without a Song	2021	Let It Be: Special Edition	Let It Be: Special Edition	Vincent Youmans; Billy Rose; Edward Eliscu	none						yes		later release
You Know What to Do	You Know What to Do	1995	Anthology 1	Anthology 1	Harrison	Harrison		Harrison	119	1995-11-20	Anthology 1	no	5104	later release
Young Blood	Young Blood (The Coasters song)	1994	Live at the BBC	Live at the BBC	Jerry Leiber; Mike Stoller; Doc Pomus	Harrison			117	1994-11-30	Live at the BBC (Beatles album)	yes	11576	later release
You'll Be Mine	You'll Be Mine (Beatles song)	1995	Anthology 1	Anthology 1	Lennon; McCartney	McCartney		McCartney	99	1995-11-20	Anthology 1	no	5105	later release
(You're So Square) Baby I Don't Care	(You're So Square) Baby I Don't Care	2018	The Beatles (White Album)	The Beatles (White Album)	Jerry Leiber; Mike Stoller	McCartney						yes	9531	later release
