folder	build
results/archive/2026-09-23-natural-phrasing	unknown
results/archive/2026-09-23-natural-phrasing/2026-09-23-baseline-bm25	unknown
results/archive/2026-09-23-natural-phrasing/2026-09-23-baseline-overlap	unknown
results/archive/2026-09-23-seed	unknown
results/archive/2026-09-23-seed/2026-09-23-baseline-bm25	unknown
results/archive/2026-09-23-seed/2026-09-23-baseline-embed	unknown
results/archive/2026-09-23-seed/2026-09-23-baseline-hybrid	unknown
results/archive/2026-09-23-seed/2026-09-23-baseline-overlap	unknown
results/archive/2026-09-23-seed/2026-09-23-glm-5.3-flash	unknown
results/archive/2026-09-23-seed/2026-09-23-thinkthen	02dc0b96
results/archive/in-text-check	02dc0b96
results/archive/in-text-check/jev-recording	02dc0b96
results/archive/in-text-check/laya-recording	02dc0b96
results/archive/probes	unknown
results/archive/probes/2026-09-23-jev-headers	02dc0b96
results/archive/runs	unknown
results/archive/runs/2026-09-23-functions-jev	02dc0b96
results/archive/runs/2026-09-23-thinkthen-jev	02dc0b96
results/archive/runs/2026-09-23-thinkthen-jev-open-book	02dc0b96
results/archive/runs/2026-09-23-thinkthen-jev-rad	02dc0b96
results/archive/runs/2026-09-23-thinkthen-jev-rad2	02dc0b96
results/archive/runs/2026-09-24-pipeline-jev	02dc0b96
results/archive/runs/2026-09-25-examples-jev	02dc0b96
results/archive/runs/2026-09-25-examples-jev/01-decide	02dc0b96
results/archive/runs/2026-09-25-examples-jev/02-choose	02dc0b96
results/archive/runs/2026-09-25-examples-jev/03-tag	02dc0b96
results/archive/runs/2026-09-25-examples-jev/04-score	02dc0b96
results/archive/runs/2026-09-25-examples-jev/05-filter	02dc0b96
results/archive/runs/2026-09-25-examples-jev/06-rank	02dc0b96
results/archive/runs/2026-09-25-examples-jev/07-find	02dc0b96
results/archive/runs/2026-09-25-examples-jev/08-annotate	02dc0b96
results/archive/runs/2026-09-25-examples-jev/09-recognize	02dc0b96
results/archive/runs/2026-09-25-examples-jev/10-relate	02dc0b96
results/archive/runs/2026-09-25-examples-jev/11-audit	02dc0b96
results/archive/runs/2026-09-25-functions-jev	02dc0b96
results/archive/runs/2026-09-25-pipeline-jev	02dc0b96
results/archive/runs/2026-09-25-thinkthen-jev	02dc0b96
results/archive/runs/2026-09-25-thinkthen-jev-one-line	02dc0b96
results/archive/runs/2026-09-25-thinkthen-jev-open-book	02dc0b96
results/archive/runs/2026-09-25-thinkthen-jev-rad	02dc0b96
results/archive/runs/2026-09-25-thinkthen-jev-rad2	02dc0b96
results/archive/runs/2026-09-29-thinkthen-liquid-d1free-full	2c5ac772b
results/runs/2026-09-23-baseline-bm25	unknown
results/runs/2026-09-23-baseline-embed	unknown
results/runs/2026-09-23-baseline-hybrid	unknown
results/runs/2026-09-23-baseline-overlap	unknown
results/runs/2026-09-23-functions-glm-5.3-flash	unknown
results/runs/2026-09-23-functions-laya	02dc0b96
results/runs/2026-09-23-glm-5.3-flash	unknown
results/runs/2026-09-23-thinkthen-laya	02dc0b96
results/runs/2026-09-24-pipeline-jev2	02dc0b96
results/runs/2026-09-24-relation-vectors	unknown
results/runs/2026-09-24-thinkthen-jev-one-line	02dc0b96
results/runs/2026-09-24-thinkthen-laya-one-line	02dc0b96
results/runs/2026-09-26-functions-jev	02dc0b96
results/runs/2026-09-26-pipeline-jev	02dc0b96
results/runs/2026-09-26-thinkthen-jev	02dc0b96
results/runs/2026-09-26-thinkthen-jev-one-line	02dc0b96
results/runs/2026-09-26-thinkthen-jev-open-book	02dc0b96
results/runs/2026-09-26-thinkthen-jev-rad	02dc0b96
results/runs/2026-09-26-thinkthen-jev-rad2	02dc0b96
results/runs/2026-09-29-thinkthen-kev-4b	2c5ac772b
results/runs/2026-09-30-all-jev	aec7819bb
results/runs/2026-09-30-all-liquid-d1	aec7819bb
results/runs/2026-09-30-reading-jev	c22512868
results/runs/2026-09-30-recognize-jev	c22512868
results/runs/2026-09-30-relate-jev	c22512868
results/runs/2026-09-30-thinkthen-nimble-9b	aec7819bb
