function	question	text	truth	answer	probability	error
decide	Does the customer ask for a refund?	Please refund my order. It arrived broken.	yes	yes	0.990	
decide	Does the customer ask for a refund?	Thanks for the quick help yesterday!	no	no	0.010	
decide	Does the customer ask for a refund?	I renewed once this morning, but my card shows two charges.\nPlease refund the duplicate.	yes			thinkthen: the replay folder holds no entry named `62da88b713aa158b0b366ef54aab81ca367cac8
decide	Is this a complaint?	Arrived a day early. Thank you!	no	no	0.080	
decide	Is this a complaint?	The zipper broke the first time I used it.	yes	yes	0.900	
decide	Is this a complaint?	Does this come in blue?	no	no	0.040	
decide	Is this a complaint?	The strap snapped on day two.	yes	yes	0.750	
decide	Is this urgent?	Newsletter: our autumn catalog is here. No reply needed.	no	no	0.030	
decide	Is this urgent?	Our checkout page is down and customers cannot pay	yes	yes	0.970	
decide	Is this urgent?	Reminder: your invoice is due in 30 days	no	no	0.190	
choose	Which team owns this?	Please refund the extra fee on my invoice.	billing	billing	{"billing": 1.0, "shipping": 0.0, "account": 0.0}	
choose	Which team owns this?	My parcel went to the wrong address.	shipping	shipping	{"billing": 0.0, "shipping": 1.0, "account": 0.0}	
choose	Which team owns this?	I cannot reset my password.	account	account	{"billing": 0.0, "shipping": 0.0, "account": 1.0}	
choose	Which team owns this?	I was charged twice for one order.	billing			thinkthen: the replay folder holds no entry named `34f7d55d95a79db6745559983c1779f5ecbb11e
choose	Which team owns this?	The courier left my box at the wrong house.	shipping			thinkthen: the replay folder holds no entry named `980586905fb2c08db314d00f4f87f1dcda54240
choose	Which team owns this?	My account is locked after three wrong passwords.	account			thinkthen: the replay folder holds no entry named `90a4c07dfb15a2f5806f0514907e4d2ae2cada1
choose	Which team owns this?	Please send me a copy of last month's invoice.	billing			thinkthen: the replay folder holds no entry named `e75c7c943e568c37cfa414244e24b5455a6163f
choose	Which team owns this?	Where is my package? Tracking has not moved in a week.	shipping			thinkthen: the replay folder holds no entry named `06470574e4320449032b12cc02f5d084a612597
choose	Which team owns this?	I forgot the email I log in with.	account			thinkthen: the replay folder holds no entry named `0adec2101c9c5375e0b8fe7871c8b2b32a5d81a
choose	Which team owns this?	The late fee on my bill is wrong.	billing			thinkthen: the replay folder holds no entry named `31782b1ea9ccda441a723d3ab19987c0a38321a
