id	probability	truth	effect
comparison-longer-006	0.54	a	dropped a wrong answer
comparison-longer-016	0.67	b	dropped a wrong answer
comparison-longer-019	0.57	a	dropped a right answer
comparison-longer-022	0.60	a	dropped a wrong answer
comparison-longer-026	0.56	a	dropped a right answer
comparison-longer-028	0.64	a	dropped a wrong answer
forward-singer-003	0.50	john	dropped a right answer
forward-singer-005	0.53	john	dropped a right answer
forward-singer-008	0.68	john	dropped a right answer
forward-singer-009	0.67	john	dropped a right answer
forward-singer-010	0.54	john	dropped a right answer
forward-singer-013	0.51	paul	dropped a wrong answer
forward-singer-019	0.64	paul	dropped a right answer
forward-singer-021	0.65	george	dropped a right answer
forward-singer-035	0.64	ringo	dropped a right answer
forward-singer-036	0.59	ringo	dropped a wrong answer
forward-singer-038	0.66	ringo	dropped a right answer
forward-singer-040	0.55	ringo	dropped a right answer
forward-album-011	0.50	c	dropped a right answer
forward-album-012	0.58	d	dropped a wrong answer
forward-album-018	0.65	b	dropped a wrong answer
forward-album-028	0.58	a	dropped a wrong answer
forward-songwriter-011	0.50	harrison	dropped a right answer
forward-songwriter-014	0.69	harrison	dropped a wrong answer
forward-songwriter-015	0.59	harrison	dropped a right answer
forward-songwriter-023	0.51	other	dropped a right answer
forward-songwriter-025	0.58	other	dropped a right answer
forward-songwriter-026	0.57	other	dropped a wrong answer
forward-songwriter-027	0.59	other	dropped a right answer
forward-songwriter-028	0.67	other	dropped a wrong answer
forward-songwriter-031	0.58	other	dropped a wrong answer
forward-year-001	0.58	1968	dropped a right answer
forward-year-016	0.50	1965	dropped a right answer
forward-year-017	0.55	1965	dropped a wrong answer
forward-year-020	0.60	1968	dropped a right answer
forward-year-021	0.52	1963	dropped a wrong answer
forward-year-022	0.54	1965	dropped a wrong answer
forward-year-023	0.62	1968	dropped a right answer
forward-year-026	0.57	1970	dropped a wrong answer
forward-year-028	0.69	1967	dropped a right answer
lexical-trap-album-to-song-001	0.61	d	dropped a wrong answer
lexical-trap-album-to-song-002	0.54	c	dropped a wrong answer
lexical-trap-song-to-album-003	0.61	b	dropped a right answer
lexical-trap-song-to-album-004	0.57	a	dropped a right answer
lexical-trap-event-to-song-004	0.66	a	dropped a wrong answer
lexical-trap-album-to-song-009	0.53	b	dropped a right answer
lexical-trap-album-to-song-011	0.52	a	dropped a wrong answer
multi-hop-album-year-001	0.55	1970	dropped a wrong answer
multi-hop-album-year-008	0.69	1968	dropped a right answer
multi-hop-album-year-009	0.61	1963	dropped a wrong answer
multi-hop-album-year-012	0.52	1967	dropped a right answer
multi-hop-album-year-015	0.64	1965	dropped a wrong answer
multi-hop-album-year-019	0.68	1969	dropped a wrong answer
multi-hop-before-after-005	0.67	after	dropped a wrong answer
multi-hop-before-after-007	0.51	after	dropped a right answer
multi-hop-before-after-011	0.60	before	dropped a right answer
multi-hop-before-after-014	0.65	before	dropped a wrong answer
multi-hop-before-after-017	0.55	after	dropped a wrong answer
multi-hop-before-after-020	0.65	after	dropped a wrong answer
multi-hop-before-after-021	0.67	before	dropped a right answer
multi-hop-before-after-022	0.56	after	dropped a wrong answer
multi-hop-before-after-024	0.66	after	dropped a wrong answer
multi-hop-before-after-026	0.69	after	dropped a right answer
multi-hop-before-after-030	0.56	after	dropped a right answer
multi-hop-same-month-009	0.69	no	fixed
multi-hop-same-month-017	0.52	yes	broken
multi-hop-same-month-027	0.56	yes	broken
near-neighbor-album-001	0.53	b	dropped a right answer
near-neighbor-album-002	0.51	c	dropped a right answer
near-neighbor-album-011	0.63	a	dropped a wrong answer
near-neighbor-album-013	0.58	b	dropped a wrong answer
near-neighbor-album-018	0.60	a	dropped a right answer
near-neighbor-album-019	0.58	a	dropped a right answer
near-neighbor-album-020	0.52	a	dropped a right answer
near-neighbor-album-021	0.56	b	dropped a right answer
near-neighbor-album-025	0.69	b	dropped a right answer
reversal-general-forward-008	0.55	a	dropped a wrong answer
reversal-general-forward-010	0.69	d	dropped a right answer
reversal-general-reverse-010	0.55	c	dropped a right answer
reversal-general-reverse-013	0.63	c	dropped a wrong answer
reversal-general-forward-033	0.56	b	dropped a right answer
reversal-general-reverse-034	0.67	b	dropped a wrong answer
reversal-general-forward-035	0.58	c	dropped a right answer
reversal-general-forward-037	0.52	d	dropped a wrong answer
reversal-general-reverse-053	0.66	c	dropped a right answer
reversal-general-reverse-057	0.50	a	dropped a right answer
reversal-general-reverse-060	0.55	d	dropped a right answer
reversal-general-reverse-067	0.67	b	dropped a right answer
reversal-general-forward-068	0.65	d	dropped a wrong answer
reversal-general-reverse-069	0.69	c	dropped a right answer
reversal-general-reverse-073	0.54	d	dropped a right answer
reversal-general-reverse-075	0.52	c	dropped a right answer
reversal-reverse-004	0.61	d	dropped a wrong answer
reversal-reverse-007	0.65	b	dropped a right answer
reversal-reverse-008	0.60	a	dropped a wrong answer
reversal-forward-009	0.57	a	dropped a wrong answer
reversal-reverse-009	0.69	a	dropped a wrong answer
reversal-reverse-010	0.60	a	dropped a wrong answer
reversal-forward-012	0.62	d	dropped a wrong answer
reversal-reverse-012	0.69	a	dropped a right answer
reversal-reverse-015	0.50	b	dropped a right answer
reversal-reverse-016	0.65	c	dropped a wrong answer
reversal-reverse-020	0.62	a	dropped a wrong answer
reversal-forward-022	0.51	c	dropped a right answer
reversal-forward-026	0.57	a	dropped a wrong answer
reversal-reverse-032	0.67	a	dropped a wrong answer
reverse-singer-to-song-001	0.60	a	dropped a right answer
reverse-singer-to-song-006	0.57	d	dropped a right answer
reverse-singer-to-song-007	0.63	a	dropped a right answer
reverse-singer-to-song-010	0.58	d	dropped a right answer
reverse-singer-to-song-018	0.58	a	dropped a right answer
reverse-album-to-song-002	0.53	a	dropped a right answer
reverse-album-to-song-006	0.63	a	dropped a right answer
reverse-album-to-song-008	0.54	c	dropped a wrong answer
reverse-album-to-song-013	0.59	b	dropped a right answer
reverse-singer-yes-no-015	0.69	yes	broken
reverse-singer-yes-no-023	0.65	yes	broken
reverse-singer-yes-no-029	0.69	yes	broken
shared-lead-shared-lead-004	0.51	no	fixed
shared-lead-shared-lead-011	0.57	yes	broken
shared-lead-shared-lead-015	0.51	no	fixed
shared-lead-shared-lead-020	0.56	yes	broken
shared-lead-shared-lead-025	0.51	yes	broken

123 answers change from 0.5 to 0.7: 8 broken, 63 dropped a right answer, 49 dropped a wrong answer, 3 fixed
