category	function	n	0.1	0.2	0.3	0.4	0.5	0.6	0.7	0.8	0.9
forward	choose	132	89/130	89/130	87/123	80/106	72/91	60/69	51/57	34/36	21/21
reverse	decide	32	0.50	0.62	0.72	0.81	0.81	0.81	0.72	0.59	0.50
reverse	choose	40	31/40	31/40	31/40	30/38	29/32	24/26	21/23	16/16	11/11
multi-hop	decide	30	0.50	0.57	0.63	0.60	0.53	0.47	0.50	0.50	0.50
multi-hop	choose	55	24/55	24/55	24/52	23/47	21/38	18/32	14/21	13/19	7/8
comparison	choose	30	25/30	25/30	25/30	25/30	25/30	23/27	23/24	18/19	15/15
shared-lead	decide	30	0.50	0.53	0.57	0.80	0.60	0.57	0.57	0.50	0.50
near-neighbor	choose	30	23/30	23/30	23/30	23/28	19/22	14/16	12/13	9/10	7/7
lexical-trap	choose	30	15/30	15/30	15/29	15/25	12/19	10/15	9/12	6/7	5/5
reversal	choose	68	36/68	36/68	36/68	35/65	34/57	32/53	30/43	26/32	22/25
reversal-general	choose	152	134/152	134/152	134/152	132/149	125/136	118/127	114/120	106/110	88/89

decide cells are accuracy; choose cells are right/answered, where answered means the winner reached the cut
